ptn_id,ptn_name,kategori,kode_prodi,nama_prodi,jenjang,daya_tampung_2026,peminat_2025,rasio_keketatan,nilai_raport,estimasi_nilai_raport,jenis_portofolio
111,UNIVERSITAS SYIAH KUALA,Akademik,11111001,PENDIDIKAN DOKTER HEWAN,Sarjana,72,334,4.638888888888889,80,80,Tidak Ada
111,UNIVERSITAS SYIAH KUALA,Akademik,11111002,TEKNIK SIPIL,Sarjana,84,515,6.130952380952381,85,85,Tidak Ada
111,UNIVERSITAS SYIAH KUALA,Akademik,11111003,TEKNIK MESIN,Sarjana,36,282,7.833333333333333,86,86,Tidak Ada
111,UNIVERSITAS SYIAH KUALA,Akademik,11111004,TEKNIK KIMIA,Sarjana,54,225,4.166666666666667,77,77,Tidak Ada
111,UNIVERSITAS SYIAH KUALA,Akademik,11111005,ARSITEKTUR,Sarjana,48,259,5.395833333333333,83,83,Tidak Ada
111,UNIVERSITAS SYIAH KUALA,Akademik,11111006,TEKNIK ELEKTRO,Sarjana,48,299,6.229166666666667,87,87,Tidak Ada
111,UNIVERSITAS SYIAH KUALA,Akademik,11111007,AGROTEKNOLOGI,Sarjana,36,252,7.0,87,87,Tidak Ada
111,UNIVERSITAS SYIAH KUALA,Akademik,11111008,AGRIBISNIS,Sarjana,48,348,7.25,82,82,Tidak Ada
111,UNIVERSITAS SYIAH KUALA,Akademik,11111009,PETERNAKAN,Sarjana,44,125,2.840909090909091,76,76,Tidak Ada
111,UNIVERSITAS SYIAH KUALA,Akademik,11111010,TEKNOLOGI PANGAN DAN HASIL PERTANIAN,Sarjana,48,180,3.75,81,81,Tidak Ada
111,UNIVERSITAS SYIAH KUALA,Akademik,11111011,TEKNIK PERTANIAN,Sarjana,42,239,5.690476190476191,85,85,Tidak Ada
111,UNIVERSITAS SYIAH KUALA,Akademik,11111012,PENDIDIKAN BIOLOGI,Sarjana,36,271,7.527777777777778,81,81,Tidak Ada
111,UNIVERSITAS SYIAH KUALA,Akademik,11111013,PENDIDIKAN MATEMATIKA,Sarjana,36,297,8.25,82,82,Tidak Ada
111,UNIVERSITAS SYIAH KUALA,Akademik,11111014,PENDIDIKAN FISIKA,Sarjana,36,95,2.638888888888889,81,81,Tidak Ada
111,UNIVERSITAS SYIAH KUALA,Akademik,11111015,PENDIDIKAN KIMIA,Sarjana,36,132,3.6666666666666665,82,82,Tidak Ada
111,UNIVERSITAS SYIAH KUALA,Akademik,11111016,PENDIDIKAN DOKTER,Sarjana,75,1147,15.293333333333333,88,88,Tidak Ada
111,UNIVERSITAS SYIAH KUALA,Akademik,11111017,ILMU KEPERAWATAN,Sarjana,108,1343,12.435185185185185,85,85,Tidak Ada
111,UNIVERSITAS SYIAH KUALA,Akademik,11111018,PENDIDIKAN DOKTER GIGI,Sarjana,30,664,22.133333333333333,95,95,Tidak Ada
111,UNIVERSITAS SYIAH KUALA,Akademik,11111019,MATEMATIKA,Sarjana,24,91,3.7916666666666665,79,79,Tidak Ada
111,UNIVERSITAS SYIAH KUALA,Akademik,11111020,FISIKA,Sarjana,24,29,1.2083333333333333,81,81,Tidak Ada
111,UNIVERSITAS SYIAH KUALA,Akademik,11111021,KIMIA,Sarjana,24,120,5.0,85,85,Tidak Ada
111,UNIVERSITAS SYIAH KUALA,Akademik,11111022,BIOLOGI,Sarjana,24,166,6.916666666666667,83,83,Tidak Ada
111,UNIVERSITAS SYIAH KUALA,Akademik,11111023,ILMU KELAUTAN,Sarjana,48,152,3.1666666666666665,81,81,Tidak Ada
111,UNIVERSITAS SYIAH KUALA,Akademik,11111024,BUDIDAYA PERAIRAN,Sarjana,48,76,1.5833333333333333,78,78,Tidak Ada
111,UNIVERSITAS SYIAH KUALA,Akademik,11111025,TEKNIK INDUSTRI,Sarjana,36,455,12.63888888888889,90,90,Tidak Ada
111,UNIVERSITAS SYIAH KUALA,Akademik,11111026,INFORMATIKA,Sarjana,36,959,26.63888888888889,93,93,Tidak Ada
111,UNIVERSITAS SYIAH KUALA,Akademik,11111027,FARMASI,Sarjana,27,1311,48.55555555555556,92,92,Tidak Ada
111,UNIVERSITAS SYIAH KUALA,Akademik,11111028,TEKNIK GEOFISIKA,Sarjana,24,88,3.6666666666666665,81,81,Tidak Ada
111,UNIVERSITAS SYIAH KUALA,Akademik,11111029,TEKNIK PERTAMBANGAN,Sarjana,36,662,18.38888888888889,90,90,Tidak Ada
111,UNIVERSITAS SYIAH KUALA,Akademik,11111030,STATISTIKA,Sarjana,36,270,7.5,80,80,Tidak Ada
111,UNIVERSITAS SYIAH KUALA,Akademik,11111031,PEMANFAATAN SUMBERDAYA PERIKANAN,Sarjana,36,50,1.3888888888888888,80,80,Tidak Ada
111,UNIVERSITAS SYIAH KUALA,Akademik,11111032,ILMU TANAH,Sarjana,36,67,1.8611111111111112,79,79,Tidak Ada
111,UNIVERSITAS SYIAH KUALA,Akademik,11111033,TEKNIK GEOLOGI,Sarjana,24,206,8.583333333333334,82,82,Tidak Ada
111,UNIVERSITAS SYIAH KUALA,Akademik,11111034,AGROTEKNOLOGI (PSDKU GAYO LUES),Sarjana,12,15,1.25,78,78,Tidak Ada
111,UNIVERSITAS SYIAH KUALA,Akademik,11111035,PENDIDIKAN BIOLOGI  (PDSKU GAYO LUES),Sarjana,12,12,1.0,82,82,Tidak Ada
111,UNIVERSITAS SYIAH KUALA,Akademik,11111036,KEHUTANAN (PSDKU GAYO LUES),Sarjana,18,18,1.0,79,79,Tidak Ada
111,UNIVERSITAS SYIAH KUALA,Akademik,11111037,PROTEKSI TANAMAN,Sarjana,24,62,2.5833333333333335,77,77,Tidak Ada
111,UNIVERSITAS SYIAH KUALA,Akademik,11111038,PERENCANAAN WILAYAH DAN KOTA,Sarjana,36,252,7.0,83,83,Tidak Ada
111,UNIVERSITAS SYIAH KUALA,Akademik,11111039,KEHUTANAN,Sarjana,36,170,4.722222222222222,80,80,Tidak Ada
111,UNIVERSITAS SYIAH KUALA,Akademik,11111040,TEKNIK KOMPUTER,Sarjana,48,712,14.833333333333334,85,85,Tidak Ada
111,UNIVERSITAS SYIAH KUALA,Akademik,11111041,EKONOMI PEMBANGUNAN,Sarjana,48,317,6.604166666666667,86,86,Tidak Ada
111,UNIVERSITAS SYIAH KUALA,Akademik,11111042,MANAJEMEN,Sarjana,60,927,15.45,87,87,Tidak Ada
111,UNIVERSITAS SYIAH KUALA,Akademik,11111043,AKUNTANSI,Sarjana,60,716,11.933333333333334,90,90,Tidak Ada
111,UNIVERSITAS SYIAH KUALA,Akademik,11111044,ILMU HUKUM,Sarjana,168,979,5.8273809523809526,84,84,Tidak Ada
111,UNIVERSITAS SYIAH KUALA,Akademik,11111045,PENDIDIKAN PANCASILA DAN KEWARGANEGARAAN,Sarjana,42,509,12.119047619047619,85,85,Tidak Ada
111,UNIVERSITAS SYIAH KUALA,Akademik,11111046,PENDIDIKAN SEJARAH,Sarjana,36,428,11.88888888888889,87,87,Tidak Ada
111,UNIVERSITAS SYIAH KUALA,Akademik,11111047,PENDIDIKAN EKONOMI,Sarjana,48,231,4.8125,75,75,Tidak Ada
111,UNIVERSITAS SYIAH KUALA,Akademik,11111048,PENDIDIKAN GEOGRAFI,Sarjana,48,282,5.875,82,82,Tidak Ada
111,UNIVERSITAS SYIAH KUALA,Akademik,11111049,PENDIDIKAN BAHASA INDONESIA,Sarjana,48,509,10.604166666666666,87,87,Tidak Ada
111,UNIVERSITAS SYIAH KUALA,Akademik,11111050,PENDIDIKAN BAHASA INGGRIS,Sarjana,48,430,8.958333333333334,82,82,Tidak Ada
111,UNIVERSITAS SYIAH KUALA,Akademik,11111051,PENDIDIKAN SENI DRAMA TARI DAN MUSIK,Sarjana,36,186,5.166666666666667,82,82,Sendratasik
111,UNIVERSITAS SYIAH KUALA,Akademik,11111052,PENDIDIKAN KESEJAHTERAAN KELUARGA,Sarjana,48,409,8.520833333333334,84,84,Tidak Ada
111,UNIVERSITAS SYIAH KUALA,Akademik,11111053,PEND. JASMANI KESEHATAN DAN REKREASI,Sarjana,60,296,4.933333333333334,80,80,Olahraga
111,UNIVERSITAS SYIAH KUALA,Akademik,11111054,BIMBINGAN KONSELING,Sarjana,45,1101,24.466666666666665,95,95,Tidak Ada
111,UNIVERSITAS SYIAH KUALA,Akademik,11111055,PENDIDIKAN GURU SEKOLAH DASAR,Sarjana,69,1077,15.608695652173912,90,90,Tidak Ada
111,UNIVERSITAS SYIAH KUALA,Akademik,11111056,PSIKOLOGI,Sarjana,24,544,22.666666666666668,90,90,Tidak Ada
111,UNIVERSITAS SYIAH KUALA,Akademik,11111057,ILMU POLITIK,Sarjana,53,169,3.188679245283019,78,78,Tidak Ada
111,UNIVERSITAS SYIAH KUALA,Akademik,11111058,SOSIOLOGI,Sarjana,41,224,5.463414634146342,80,80,Tidak Ada
111,UNIVERSITAS SYIAH KUALA,Akademik,11111059,ILMU KOMUNIKASI,Sarjana,54,531,9.833333333333334,85,85,Tidak Ada
111,UNIVERSITAS SYIAH KUALA,Akademik,11111060,PENDIDIKAN GURU PAUD,Sarjana,42,317,7.5476190476190474,82,82,Tidak Ada
111,UNIVERSITAS SYIAH KUALA,Akademik,11111061,ILMU PEMERINTAHAN,Sarjana,54,323,5.981481481481482,84,84,Tidak Ada
111,UNIVERSITAS SYIAH KUALA,Akademik,11111062,EKONOMI ISLAM,Sarjana,48,253,5.270833333333333,86,86,Tidak Ada
111,UNIVERSITAS SYIAH KUALA,Akademik,11111063,MANAJEMEN (PSDKU GAYO LUES),Sarjana,24,23,0.9583333333333334,75,75,Tidak Ada
111,UNIVERSITAS SYIAH KUALA,Akademik,11111078,TEKNOLOGI INDUSTRI HASIL PERIKANAN,Sarjana,15,43,2.8666666666666667,82,82,Tidak Ada
111,UNIVERSITAS SYIAH KUALA,Akademik,11111079,BISNIS DIGITAL,Sarjana,24,0,0.0,76,76,Tidak Ada
111,UNIVERSITAS SYIAH KUALA,Akademik,11111080,TEKNIK SUMBER DAYA AIR,Sarjana,18,0,0.0,77,77,Tidak Ada
111,UNIVERSITAS SYIAH KUALA,Akademik,11111081,TEKNIK PERMINYAKAN,Sarjana,18,0,0.0,77,77,Tidak Ada
111,UNIVERSITAS SYIAH KUALA,Akademik,11111082,TEKNIK LINGKUNGAN,Sarjana,18,0,0.0,81,81,Tidak Ada
111,UNIVERSITAS SYIAH KUALA,Akademik,11112065,AKUNTANSI PERPAJAKAN,Sarjana Terapan,24,87,3.625,77,77,Tidak Ada
111,UNIVERSITAS SYIAH KUALA,Akademik,11113064,KESEHATAN HEWAN,Diploma Tiga,9,14,1.5555555555555556,81,81,Tidak Ada
111,UNIVERSITAS SYIAH KUALA,Akademik,11113066,MANAJEMEN AGRIBISNIS,Diploma Tiga,30,9,0.3,82,82,Tidak Ada
111,UNIVERSITAS SYIAH KUALA,Akademik,11113067,TEKNIK LISTRIK,Diploma Tiga,12,18,1.5,82,82,Tidak Ada
111,UNIVERSITAS SYIAH KUALA,Akademik,11113068,BUDIDAYA PETERNAKAN,Diploma Tiga,18,5,0.2777777777777778,76,76,Tidak Ada
111,UNIVERSITAS SYIAH KUALA,Akademik,11113069,TEKNIK MESIN,Diploma Tiga,12,15,1.25,75,75,Tidak Ada
111,UNIVERSITAS SYIAH KUALA,Akademik,11113071,TEKNIK SIPIL,Diploma Tiga,24,11,0.4583333333333333,78,78,Tidak Ada
111,UNIVERSITAS SYIAH KUALA,Akademik,11113072,SEKRETARI,Diploma Tiga,12,19,1.5833333333333333,79,79,Tidak Ada
111,UNIVERSITAS SYIAH KUALA,Akademik,11113073,MANAJEMEN PERUSAHAAN,Diploma Tiga,12,20,1.6666666666666667,75,75,Tidak Ada
111,UNIVERSITAS SYIAH KUALA,Akademik,11113075,AKUNTANSI,Diploma Tiga,24,12,0.5,82,82,Tidak Ada
111,UNIVERSITAS SYIAH KUALA,Akademik,11113076,KEUANGAN DAN PERBANKAN,Diploma Tiga,24,48,2.0,79,79,Tidak Ada
111,UNIVERSITAS SYIAH KUALA,Akademik,11113077,MANAJEMEN INFORMATIKA,Diploma Tiga,24,21,0.875,82,82,Tidak Ada
112,UNIVERSITAS MALIKUSSALEH,Akademik,11121001,TEKNIK SIPIL,Sarjana,165,265,1.606060606060606,81,81,Tidak Ada
112,UNIVERSITAS MALIKUSSALEH,Akademik,11121002,TEKNIK MESIN,Sarjana,150,243,1.62,76,76,Tidak Ada
112,UNIVERSITAS MALIKUSSALEH,Akademik,11121003,TEKNIK KIMIA,Sarjana,125,124,0.992,77,77,Tidak Ada
112,UNIVERSITAS MALIKUSSALEH,Akademik,11121004,TEKNIK ELEKTRO,Sarjana,100,164,1.64,81,81,Tidak Ada
112,UNIVERSITAS MALIKUSSALEH,Akademik,11121005,TEKNIK INDUSTRI,Sarjana,125,367,2.936,79,79,Tidak Ada
112,UNIVERSITAS MALIKUSSALEH,Akademik,11121006,TEKNIK INFORMATIKA,Sarjana,148,640,4.324324324324325,77,77,Tidak Ada
112,UNIVERSITAS MALIKUSSALEH,Akademik,11121007,TEKNIK ARSITEKTUR,Sarjana,75,81,1.08,81,81,Tidak Ada
112,UNIVERSITAS MALIKUSSALEH,Akademik,11121008,AGROEKOTEKNOLOGI,Sarjana,158,291,1.8417721518987342,76,76,Tidak Ada
112,UNIVERSITAS MALIKUSSALEH,Akademik,11121009,AGRIBISNIS,Sarjana,133,274,2.0601503759398496,75,75,Tidak Ada
112,UNIVERSITAS MALIKUSSALEH,Akademik,11121010,AKUAKULTUR,Sarjana,58,51,0.8793103448275862,76,76,Tidak Ada
112,UNIVERSITAS MALIKUSSALEH,Akademik,11121011,KEDOKTERAN,Sarjana,42,707,16.833333333333332,88,88,Tidak Ada
112,UNIVERSITAS MALIKUSSALEH,Akademik,11121012,PENDIDIKAN FISIKA,Sarjana,60,46,0.7666666666666667,81,81,Tidak Ada
112,UNIVERSITAS MALIKUSSALEH,Akademik,11121013,PENDIDIKAN KIMIA,Sarjana,60,66,1.1,80,80,Tidak Ada
112,UNIVERSITAS MALIKUSSALEH,Akademik,11121014,PENDIDIKAN MATEMATIKA,Sarjana,60,155,2.5833333333333335,81,81,Tidak Ada
112,UNIVERSITAS MALIKUSSALEH,Akademik,11121015,PENDIDIKAN VOKASIONAL TEKNIK MESIN,Sarjana,38,36,0.9473684210526315,78,78,Tidak Ada
112,UNIVERSITAS MALIKUSSALEH,Akademik,11121016,SISTEM INFORMASI,Sarjana,100,264,2.64,78,78,Tidak Ada
112,UNIVERSITAS MALIKUSSALEH,Akademik,11121017,ILMU KELAUTAN,Sarjana,58,54,0.9310344827586207,78,78,Tidak Ada
112,UNIVERSITAS MALIKUSSALEH,Akademik,11121018,TEKNIK MATERIAL,Sarjana,50,31,0.62,78,78,Tidak Ada
112,UNIVERSITAS MALIKUSSALEH,Akademik,11121019,TEKNIK LOGISTIK,Sarjana,50,50,1.0,75,75,Tidak Ada
112,UNIVERSITAS MALIKUSSALEH,Akademik,11121020,MANAJEMEN,Sarjana,208,587,2.8221153846153846,78,78,Tidak Ada
112,UNIVERSITAS MALIKUSSALEH,Akademik,11121021,AKUNTANSI,Sarjana,163,386,2.3680981595092025,75,75,Tidak Ada
112,UNIVERSITAS MALIKUSSALEH,Akademik,11121022,ILMU EKONOMI & STUDI PEMBANGUNAN,Sarjana,105,117,1.1142857142857143,75,75,Tidak Ada
112,UNIVERSITAS MALIKUSSALEH,Akademik,11121023,ADMINISTRASI PUBLIK,Sarjana,135,280,2.074074074074074,78,78,Tidak Ada
112,UNIVERSITAS MALIKUSSALEH,Akademik,11121024,SOSIOLOGI,Sarjana,100,192,1.92,79,79,Tidak Ada
112,UNIVERSITAS MALIKUSSALEH,Akademik,11121025,ILMU POLITIK,Sarjana,100,45,0.45,79,79,Tidak Ada
112,UNIVERSITAS MALIKUSSALEH,Akademik,11121026,ANTROPOLOGI,Sarjana,50,59,1.18,76,76,Tidak Ada
112,UNIVERSITAS MALIKUSSALEH,Akademik,11121027,ILMU KOMUNIKASI,Sarjana,139,294,2.115107913669065,80,80,Tidak Ada
112,UNIVERSITAS MALIKUSSALEH,Akademik,11121028,HUKUM,Sarjana,250,381,1.524,78,78,Tidak Ada
112,UNIVERSITAS MALIKUSSALEH,Akademik,11121029,EKONOMI SYARIAH,Sarjana,110,162,1.4727272727272727,81,81,Tidak Ada
112,UNIVERSITAS MALIKUSSALEH,Akademik,11121030,PSIKOLOGI,Sarjana,90,379,4.211111111111111,78,78,Tidak Ada
112,UNIVERSITAS MALIKUSSALEH,Akademik,11121031,PENDIDIKAN BAHASA INDONESIA,Sarjana,98,384,3.9183673469387754,76,76,Tidak Ada
112,UNIVERSITAS MALIKUSSALEH,Akademik,11121032,ADMINISTRASI BISNIS,Sarjana,75,264,3.52,81,81,Tidak Ada
112,UNIVERSITAS MALIKUSSALEH,Akademik,11121033,KEWIRUSAHAAN,Sarjana,68,98,1.4411764705882353,79,79,Tidak Ada
112,UNIVERSITAS MALIKUSSALEH,Akademik,11121036,PENDIDIKAN ILMU PENGETAHUAN ALAM,Sarjana,30,0,0.0,76,76,Tidak Ada
112,UNIVERSITAS MALIKUSSALEH,Akademik,11121037,PENDIDIKAN VOKASIONAL REKAYASA ELEKTRO,Sarjana,30,0,0.0,77,77,Tidak Ada
112,UNIVERSITAS MALIKUSSALEH,Akademik,11121038,BIOTEKNOLOGI,Sarjana,45,0,0.0,75,75,Tidak Ada
112,UNIVERSITAS MALIKUSSALEH,Akademik,11121039,PERENCANAAN WILAYAH DAN KOTA,Sarjana,30,0,0.0,75,75,Tidak Ada
112,UNIVERSITAS MALIKUSSALEH,Akademik,11121040,TEKNIK LINGKUNGAN,Sarjana,30,0,0.0,75,75,Tidak Ada
112,UNIVERSITAS MALIKUSSALEH,Akademik,11123034,KEPERAWATAN,Diploma Tiga,58,158,2.7241379310344827,76,76,Tidak Ada
113,UNIVERSITAS TEUKU UMAR,Akademik,11131001,TEKNIK SIPIL,Sarjana,52,100,1.9230769230769231,75,75,Tidak Ada
113,UNIVERSITAS TEUKU UMAR,Akademik,11131002,TEKNIK MESIN,Sarjana,44,103,2.340909090909091,80,80,Tidak Ada
113,UNIVERSITAS TEUKU UMAR,Akademik,11131003,TEKNIK INDUSTRI,Sarjana,44,123,2.7954545454545454,82,82,Tidak Ada
113,UNIVERSITAS TEUKU UMAR,Akademik,11131004,AGRIBISNIS,Sarjana,48,79,1.6458333333333333,76,76,Tidak Ada
113,UNIVERSITAS TEUKU UMAR,Akademik,11131005,AGROTEKNOLOGI,Sarjana,46,67,1.4565217391304348,78,78,Tidak Ada
113,UNIVERSITAS TEUKU UMAR,Akademik,11131006,PERIKANAN,Sarjana,24,32,1.3333333333333333,80,80,Tidak Ada
113,UNIVERSITAS TEUKU UMAR,Akademik,11131007,KESEHATAN MASYARAKAT,Sarjana,64,320,5.0,82,82,Tidak Ada
113,UNIVERSITAS TEUKU UMAR,Akademik,11131008,AKUAKULTUR,Sarjana,22,12,0.5454545454545454,78,78,Tidak Ada
113,UNIVERSITAS TEUKU UMAR,Akademik,11131009,SUMBER DAYA AKUATIK,Sarjana,22,6,0.2727272727272727,80,80,Tidak Ada
113,UNIVERSITAS TEUKU UMAR,Akademik,11131010,TEKNOLOGI HASIL PERTANIAN,Sarjana,48,64,1.3333333333333333,80,80,Tidak Ada
113,UNIVERSITAS TEUKU UMAR,Akademik,11131011,ILMU KELAUTAN,Sarjana,22,35,1.5909090909090908,77,77,Tidak Ada
113,UNIVERSITAS TEUKU UMAR,Akademik,11131012,TEKNOLOGI INFORMASI,Sarjana,48,149,3.1041666666666665,78,78,Tidak Ada
113,UNIVERSITAS TEUKU UMAR,Akademik,11131013,GIZI,Sarjana,52,322,6.1923076923076925,81,81,Tidak Ada
113,UNIVERSITAS TEUKU UMAR,Akademik,11131014,EKONOMI PEMBANGUNAN,Sarjana,34,40,1.1764705882352942,80,80,Tidak Ada
113,UNIVERSITAS TEUKU UMAR,Akademik,11131015,ILMU ADMINISTRASI NEGARA,Sarjana,60,107,1.7833333333333334,77,77,Tidak Ada
113,UNIVERSITAS TEUKU UMAR,Akademik,11131016,SOSIOLOGI,Sarjana,48,99,2.0625,82,82,Tidak Ada
113,UNIVERSITAS TEUKU UMAR,Akademik,11131017,ILMU KOMUNIKASI,Sarjana,56,87,1.5535714285714286,78,78,Tidak Ada
113,UNIVERSITAS TEUKU UMAR,Akademik,11131018,MANAJEMEN,Sarjana,64,190,2.96875,76,76,Tidak Ada
113,UNIVERSITAS TEUKU UMAR,Akademik,11131019,AKUNTANSI,Sarjana,60,127,2.1166666666666667,77,77,Tidak Ada
113,UNIVERSITAS TEUKU UMAR,Akademik,11131020,ILMU HUKUM,Sarjana,64,105,1.640625,81,81,Tidak Ada
113,UNIVERSITAS TEUKU UMAR,Akademik,11131021,PETERNAKAN,Sarjana,24,28,1.1666666666666667,82,82,Tidak Ada
113,UNIVERSITAS TEUKU UMAR,Akademik,11131022,BISNIS DIGITAL,Sarjana,38,87,2.289473684210526,79,79,Tidak Ada
113,UNIVERSITAS TEUKU UMAR,Akademik,11131023,KESELAMATAN DAN KESEHATAN KERJA,Sarjana,38,156,4.105263157894737,76,76,Tidak Ada
113,UNIVERSITAS TEUKU UMAR,Akademik,11131024,BAHASA DAN KEBUDAYAAN INGGRIS,Sarjana,24,25,1.0416666666666667,77,77,Tidak Ada
113,UNIVERSITAS TEUKU UMAR,Akademik,11131025,TEKNIK INFRASRUKTUR DAN LINGKUNGAN,Sarjana,16,0,0.0,75,75,Tidak Ada
113,UNIVERSITAS TEUKU UMAR,Akademik,11131026,SAINS KEOLAHRAGAAN,Sarjana,16,0,0.0,82,82,Olahraga
113,UNIVERSITAS TEUKU UMAR,Akademik,11131027,BIOSAINS HEWAN,Sarjana,16,0,0.0,76,76,Tidak Ada
114,UNIVERSITAS SAMUDRA,Akademik,11141001,AGROTEKNOLOGI,Sarjana,48,152,3.1666666666666665,81,81,Tidak Ada
114,UNIVERSITAS SAMUDRA,Akademik,11141002,AGRIBISNIS,Sarjana,60,175,2.9166666666666665,76,76,Tidak Ada
114,UNIVERSITAS SAMUDRA,Akademik,11141003,AKUAKULTUR,Sarjana,16,25,1.5625,78,78,Tidak Ada
114,UNIVERSITAS SAMUDRA,Akademik,11141004,PENDIDIKAN MATEMATIKA,Sarjana,12,66,5.5,85,85,Tidak Ada
114,UNIVERSITAS SAMUDRA,Akademik,11141005,PENDIDIKAN FISIKA,Sarjana,12,27,2.25,77,77,Tidak Ada
114,UNIVERSITAS SAMUDRA,Akademik,11141006,PENDIDIKAN KIMIA,Sarjana,12,22,1.8333333333333333,76,76,Tidak Ada
114,UNIVERSITAS SAMUDRA,Akademik,11141007,PENDIDIKAN BIOLOGI,Sarjana,36,109,3.0277777777777777,76,76,Tidak Ada
114,UNIVERSITAS SAMUDRA,Akademik,11141008,TEKNIK MESIN,Sarjana,44,72,1.6363636363636365,80,80,Tidak Ada
114,UNIVERSITAS SAMUDRA,Akademik,11141009,TEKNIK SIPIL,Sarjana,60,108,1.8,81,81,Tidak Ada
114,UNIVERSITAS SAMUDRA,Akademik,11141010,TEKNIK INDUSTRI,Sarjana,48,161,3.3541666666666665,79,79,Tidak Ada
114,UNIVERSITAS SAMUDRA,Akademik,11141011,INFORMATIKA,Sarjana,72,376,5.222222222222222,84,84,Tidak Ada
114,UNIVERSITAS SAMUDRA,Akademik,11141012,MATEMATIKA,Sarjana,12,25,2.0833333333333335,78,78,Tidak Ada
114,UNIVERSITAS SAMUDRA,Akademik,11141013,FISIKA,Sarjana,12,6,0.5,76,76,Tidak Ada
114,UNIVERSITAS SAMUDRA,Akademik,11141014,KIMIA,Sarjana,12,25,2.0833333333333335,82,82,Tidak Ada
114,UNIVERSITAS SAMUDRA,Akademik,11141015,BIOLOGI,Sarjana,12,39,3.25,76,76,Tidak Ada
114,UNIVERSITAS SAMUDRA,Akademik,11141016,HUKUM,Sarjana,96,221,2.3020833333333335,82,82,Tidak Ada
114,UNIVERSITAS SAMUDRA,Akademik,11141017,EKONOMI MANAJEMEN,Sarjana,96,397,4.135416666666667,75,75,Tidak Ada
114,UNIVERSITAS SAMUDRA,Akademik,11141018,EKONOMI PEMBANGUNAN,Sarjana,32,53,1.65625,80,80,Tidak Ada
114,UNIVERSITAS SAMUDRA,Akademik,11141019,PENDIDIKAN SEJARAH,Sarjana,32,142,4.4375,78,78,Tidak Ada
114,UNIVERSITAS SAMUDRA,Akademik,11141020,PENDIDIKAN GEOGRAFI,Sarjana,48,111,2.3125,76,76,Tidak Ada
114,UNIVERSITAS SAMUDRA,Akademik,11141021,PENDIDIKAN JASMANI,Sarjana,48,158,3.2916666666666665,78,78,Olahraga
114,UNIVERSITAS SAMUDRA,Akademik,11141022,PENDIDIKAN GURU SEKOLAH DASAR,Sarjana,130,821,6.315384615384615,87,87,Tidak Ada
114,UNIVERSITAS SAMUDRA,Akademik,11141023,PENDIDIKAN BAHASA INGGRIS,Sarjana,32,113,3.53125,77,77,Tidak Ada
114,UNIVERSITAS SAMUDRA,Akademik,11141024,PENDIDIKAN BAHASA INDONESIA,Sarjana,48,226,4.708333333333333,79,79,Tidak Ada
114,UNIVERSITAS SAMUDRA,Akademik,11141025,AKUNTANSI,Sarjana,48,172,3.5833333333333335,81,81,Tidak Ada
114,UNIVERSITAS SAMUDRA,Akademik,11141026,GEOFISIKA,Sarjana,12,10,0.8333333333333334,79,79,Tidak Ada
114,UNIVERSITAS SAMUDRA,Akademik,11141027,PENDIDIKAN ILMU PENGETAHUAN ALAM,Sarjana,12,38,3.1666666666666665,75,75,Tidak Ada
114,UNIVERSITAS SAMUDRA,Akademik,11141028,PENDIDIKAN PANCASILA DAN KEWARGANEGARAAN,Sarjana,12,164,13.666666666666666,88,88,Tidak Ada
114,UNIVERSITAS SAMUDRA,Akademik,11141029,PENDIDIKAN VOKASIONAL SENI KULINER,Sarjana,12,48,4.0,79,79,Tidak Ada
114,UNIVERSITAS SAMUDRA,Akademik,11141030,KRIMINOLOGI,Sarjana,16,0,0.0,77,77,Tidak Ada
114,UNIVERSITAS SAMUDRA,Akademik,11141031,PETERNAKAN,Sarjana,16,0,0.0,82,82,Tidak Ada
114,UNIVERSITAS SAMUDRA,Akademik,11141032,HUKUM BISNIS,Sarjana,16,0,0.0,75,75,Tidak Ada
114,UNIVERSITAS SAMUDRA,Akademik,11141033,TEKNOLOGI PANGAN DAN HASIL PERTANIAN,Sarjana,16,0,0.0,76,76,Tidak Ada
114,UNIVERSITAS SAMUDRA,Akademik,11141034,BISNIS DIGITAL,Sarjana,16,0,0.0,80,80,Tidak Ada
115,ISBI ACEH,Akademik,11151001,SENI KARAWITAN,Sarjana,20,3,0.15,80,80,Seni Karawitan
115,ISBI ACEH,Akademik,11151002,SENI TARI,Sarjana,38,33,0.868421052631579,82,82,Tari
115,ISBI ACEH,Akademik,11151003,SENI TEATER,Sarjana,15,5,0.3333333333333333,78,78,Teater
115,ISBI ACEH,Akademik,11151004,SENI RUPA MURNI,Sarjana,20,14,0.7,81,81,"Seni Rupa, Desain, dan Kriya"
115,ISBI ACEH,Akademik,11151005,KRIYA SENI,Sarjana,20,8,0.4,76,76,"Seni Rupa, Desain, dan Kriya"
115,ISBI ACEH,Akademik,11151006,DESAIN KOMUNIKASI VISUAL,Sarjana,40,25,0.625,77,77,"Seni Rupa, Desain, dan Kriya"
115,ISBI ACEH,Akademik,11151007,KAJIAN SASTRA BUDAYA,Sarjana,15,10,0.6666666666666666,77,77,Tidak Ada
115,ISBI ACEH,Akademik,11151008,BAHASA ACEH,Sarjana,15,5,0.3333333333333333,80,80,Tidak Ada
115,ISBI ACEH,Akademik,11151009,DESAIN INTERIOR,Sarjana,20,4,0.2,78,78,"Seni Rupa, Desain, dan Kriya"
115,ISBI ACEH,Akademik,11151010,BAHASA MANDARIN,Sarjana,20,0,0.0,76,76,Tidak Ada
115,ISBI ACEH,Akademik,11151011,SEJARAH,Sarjana,20,0,0.0,79,79,Tidak Ada
121,UNIVERSITAS SUMATERA UTARA,Akademik,11211001,PENDIDIKAN DOKTER,Sarjana,55,1263,22.963636363636365,91,91,Tidak Ada
121,UNIVERSITAS SUMATERA UTARA,Akademik,11211002,TEKNIK SIPIL,Sarjana,38,835,21.973684210526315,91,91,Tidak Ada
121,UNIVERSITAS SUMATERA UTARA,Akademik,11211003,TEKNIK MESIN,Sarjana,38,774,20.36842105263158,91,91,Tidak Ada
121,UNIVERSITAS SUMATERA UTARA,Akademik,11211004,TEKNIK ELEKTRO,Sarjana,35,636,18.17142857142857,85,85,Tidak Ada
121,UNIVERSITAS SUMATERA UTARA,Akademik,11211005,TEKNIK INDUSTRI,Sarjana,40,1410,35.25,92,92,Tidak Ada
121,UNIVERSITAS SUMATERA UTARA,Akademik,11211006,TEKNIK KIMIA,Sarjana,30,612,20.4,89,89,Tidak Ada
121,UNIVERSITAS SUMATERA UTARA,Akademik,11211007,PENDIDIKAN DOKTER GIGI,Sarjana,33,806,24.424242424242426,95,95,Tidak Ada
121,UNIVERSITAS SUMATERA UTARA,Akademik,11211008,MATEMATIKA,Sarjana,40,377,9.425,85,85,Tidak Ada
121,UNIVERSITAS SUMATERA UTARA,Akademik,11211009,KIMIA,Sarjana,40,302,7.55,82,82,Tidak Ada
121,UNIVERSITAS SUMATERA UTARA,Akademik,11211010,FARMASI,Sarjana,40,1753,43.825,95,95,Tidak Ada
121,UNIVERSITAS SUMATERA UTARA,Akademik,11211011,FISIKA,Sarjana,40,130,3.25,80,80,Tidak Ada
121,UNIVERSITAS SUMATERA UTARA,Akademik,11211012,ILMU KESEHATAN MASYARAKAT,Sarjana,88,1520,17.272727272727273,89,89,Tidak Ada
121,UNIVERSITAS SUMATERA UTARA,Akademik,11211013,AGROEKOTEKNOLOGI,Sarjana,75,1177,15.693333333333333,89,89,Tidak Ada
121,UNIVERSITAS SUMATERA UTARA,Akademik,11211014,KETEKNIKAN PERTANIAN,Sarjana,25,515,20.6,95,95,Tidak Ada
121,UNIVERSITAS SUMATERA UTARA,Akademik,11211015,BIOLOGI,Sarjana,40,311,7.775,83,83,Tidak Ada
121,UNIVERSITAS SUMATERA UTARA,Akademik,11211016,AGRIBISNIS,Sarjana,50,1043,20.86,94,94,Tidak Ada
121,UNIVERSITAS SUMATERA UTARA,Akademik,11211017,ILMU DAN TEKNOLOGI PANGAN,Sarjana,25,609,24.36,88,88,Tidak Ada
121,UNIVERSITAS SUMATERA UTARA,Akademik,11211018,PETERNAKAN,Sarjana,70,522,7.457142857142857,87,87,Tidak Ada
121,UNIVERSITAS SUMATERA UTARA,Akademik,11211019,ARSITEKTUR,Sarjana,25,438,17.52,90,90,Tidak Ada
121,UNIVERSITAS SUMATERA UTARA,Akademik,11211020,ILMU KEPERAWATAN,Sarjana,63,1290,20.476190476190474,88,88,Tidak Ada
121,UNIVERSITAS SUMATERA UTARA,Akademik,11211021,KEHUTANAN,Sarjana,80,771,9.6375,82,82,Tidak Ada
121,UNIVERSITAS SUMATERA UTARA,Akademik,11211022,ILMU KOMPUTER,Sarjana,33,1578,47.81818181818182,95,95,Tidak Ada
121,UNIVERSITAS SUMATERA UTARA,Akademik,11211023,TEKNOLOGI INFORMASI,Sarjana,33,1038,31.454545454545453,95,95,Tidak Ada
121,UNIVERSITAS SUMATERA UTARA,Akademik,11211024,MANAJEMEN SUMBER DAYA PERAIRAN,Sarjana,25,232,9.28,86,86,Tidak Ada
121,UNIVERSITAS SUMATERA UTARA,Akademik,11211025,TEKNIK LINGKUNGAN,Sarjana,21,526,25.047619047619047,95,95,Tidak Ada
121,UNIVERSITAS SUMATERA UTARA,Akademik,11211026,GIZI,Sarjana,22,912,41.45454545454545,88,88,Tidak Ada
121,UNIVERSITAS SUMATERA UTARA,Akademik,11211027,ILMU HUKUM,Sarjana,135,1767,13.088888888888889,90,90,Tidak Ada
121,UNIVERSITAS SUMATERA UTARA,Akademik,11211028,ILMU SEJARAH,Sarjana,48,206,4.291666666666667,82,82,Tidak Ada
121,UNIVERSITAS SUMATERA UTARA,Akademik,11211029,ANTROPOLOGI SOSIAL,Sarjana,30,319,10.633333333333333,87,87,Tidak Ada
121,UNIVERSITAS SUMATERA UTARA,Akademik,11211030,AKUNTANSI,Sarjana,55,1488,27.054545454545455,92,92,Tidak Ada
121,UNIVERSITAS SUMATERA UTARA,Akademik,11211031,SOSIOLOGI,Sarjana,42,375,8.928571428571429,81,81,Tidak Ada
121,UNIVERSITAS SUMATERA UTARA,Akademik,11211032,ILMU KESEJAHTERAAN SOSIAL,Sarjana,30,352,11.733333333333333,89,89,Tidak Ada
121,UNIVERSITAS SUMATERA UTARA,Akademik,11211033,ILMU ADMINISTRASI NEGARA,Sarjana,27,754,27.925925925925927,92,92,Tidak Ada
121,UNIVERSITAS SUMATERA UTARA,Akademik,11211034,ILMU KOMUNIKASI,Sarjana,27,1108,41.03703703703704,90,90,Tidak Ada
121,UNIVERSITAS SUMATERA UTARA,Akademik,11211035,MANAJEMEN,Sarjana,55,1743,31.69090909090909,93,93,Tidak Ada
121,UNIVERSITAS SUMATERA UTARA,Akademik,11211036,EKONOMI PEMBANGUNAN,Sarjana,44,528,12.0,87,87,Tidak Ada
121,UNIVERSITAS SUMATERA UTARA,Akademik,11211037,ILMU POLITIK,Sarjana,30,327,10.9,85,85,Tidak Ada
121,UNIVERSITAS SUMATERA UTARA,Akademik,11211038,SASTRA INDONESIA,Sarjana,57,334,5.859649122807017,85,85,Tidak Ada
121,UNIVERSITAS SUMATERA UTARA,Akademik,11211039,SASTRA DAERAH UNTUK SASTRA MELAYU,Sarjana,38,6,0.15789473684210525,81,81,Tidak Ada
121,UNIVERSITAS SUMATERA UTARA,Akademik,11211040,SASTRA INGGRIS,Sarjana,83,760,9.156626506024097,80,80,Tidak Ada
121,UNIVERSITAS SUMATERA UTARA,Akademik,11211041,SASTRA DAERAH UNTUK SASTRA BATAK,Sarjana,30,20,0.6666666666666666,80,80,Tidak Ada
121,UNIVERSITAS SUMATERA UTARA,Akademik,11211042,SASTRA ARAB,Sarjana,70,161,2.3,80,80,Tidak Ada
121,UNIVERSITAS SUMATERA UTARA,Akademik,11211043,ETNO MUSIKOLOGI,Sarjana,40,44,1.1,77,77,Etnomusikologi
121,UNIVERSITAS SUMATERA UTARA,Akademik,11211044,SASTRA JEPANG,Sarjana,20,275,13.75,88,88,Tidak Ada
121,UNIVERSITAS SUMATERA UTARA,Akademik,11211045,ILMU PERPUSTAKAAN,Sarjana,40,478,11.95,90,90,Tidak Ada
121,UNIVERSITAS SUMATERA UTARA,Akademik,11211046,SASTRA CINA,Sarjana,20,139,6.95,82,82,Tidak Ada
121,UNIVERSITAS SUMATERA UTARA,Akademik,11211047,ILMU ADMINISTRASI NIAGA/BISNIS,Sarjana,27,1005,37.22222222222222,94,94,Tidak Ada
121,UNIVERSITAS SUMATERA UTARA,Akademik,11211048,PSIKOLOGI,Sarjana,63,1283,20.365079365079364,88,88,Tidak Ada
121,UNIVERSITAS SUMATERA UTARA,Akademik,11211049,KEWIRAUSAHAAN,Sarjana,16,341,21.3125,90,90,Tidak Ada
121,UNIVERSITAS SUMATERA UTARA,Akademik,11211071,EKONOMI ISLAM,Sarjana,17,0,0.0,79,79,Tidak Ada
121,UNIVERSITAS SUMATERA UTARA,Akademik,11211072,TEKNIK PERTAMBANGAN,Sarjana,15,0,0.0,82,82,Tidak Ada
121,UNIVERSITAS SUMATERA UTARA,Akademik,11211073,TEKNIK LOGISTIK,Sarjana,15,0,0.0,78,78,Tidak Ada
121,UNIVERSITAS SUMATERA UTARA,Akademik,11211074,PERENCANAAN WILAYAH DAN KOTA,Sarjana,15,0,0.0,82,82,Tidak Ada
121,UNIVERSITAS SUMATERA UTARA,Akademik,11212064,PERBANKAN DAN KEUANGAN,Sarjana Terapan,46,349,7.586956521739131,87,87,Tidak Ada
121,UNIVERSITAS SUMATERA UTARA,Akademik,11212065,ADMINISTRASI PERKANTORAN DIGITAL,Sarjana Terapan,32,268,8.375,83,83,Tidak Ada
121,UNIVERSITAS SUMATERA UTARA,Akademik,11212066,AKUNTANSI SEKTOR PUBLIK,Sarjana Terapan,44,159,3.6136363636363638,82,82,Tidak Ada
121,UNIVERSITAS SUMATERA UTARA,Akademik,11212067,STATISTIKA,Sarjana Terapan,40,230,5.75,85,85,Tidak Ada
121,UNIVERSITAS SUMATERA UTARA,Akademik,11212068,KIMIA TERAPAN,Sarjana Terapan,32,41,1.28125,80,80,Tidak Ada
121,UNIVERSITAS SUMATERA UTARA,Akademik,11212069,MANAJEMEN BISNIS PARIWISATA,Sarjana Terapan,40,414,10.35,86,86,Tidak Ada
121,UNIVERSITAS SUMATERA UTARA,Akademik,11212070,TEKNOLOGI REKAYASA INSTRUMENTASI,Sarjana Terapan,40,45,1.125,78,78,Tidak Ada
121,UNIVERSITAS SUMATERA UTARA,Akademik,11213050,METROLOGI DAN INSTRUMENTASI,Diploma Tiga,36,31,0.8611111111111112,79,79,Tidak Ada
121,UNIVERSITAS SUMATERA UTARA,Akademik,11213054,ADMINISTRASI PERPAJAKAN,Diploma Tiga,40,337,8.425,80,80,Tidak Ada
121,UNIVERSITAS SUMATERA UTARA,Akademik,11213056,BAHASA JEPANG,Diploma Tiga,20,65,3.25,75,75,Tidak Ada
121,UNIVERSITAS SUMATERA UTARA,Akademik,11213058,ANALIS FARMASI DAN MAKANAN,Diploma Tiga,24,274,11.416666666666666,87,87,Tidak Ada
121,UNIVERSITAS SUMATERA UTARA,Akademik,11213059,BAHASA INGGRIS,Diploma Tiga,40,87,2.175,78,78,Tidak Ada
121,UNIVERSITAS SUMATERA UTARA,Akademik,11213060,TEKNIK INFORMATIKA,Diploma Tiga,40,420,10.5,88,88,Tidak Ada
122,UNIVERSITAS NEGERI MEDAN,Akademik,11221001,PENDIDIKAN MATEMATIKA,Sarjana,67,649,9.686567164179104,81,81,Tidak Ada
122,UNIVERSITAS NEGERI MEDAN,Akademik,11221002,PENDIDIKAN BIOLOGI,Sarjana,72,603,8.375,85,85,Tidak Ada
122,UNIVERSITAS NEGERI MEDAN,Akademik,11221003,PENDIDIKAN FISIKA,Sarjana,69,266,3.8550724637681157,80,80,Tidak Ada
122,UNIVERSITAS NEGERI MEDAN,Akademik,11221004,PENDIDIKAN KIMIA,Sarjana,90,377,4.188888888888889,75,75,Tidak Ada
122,UNIVERSITAS NEGERI MEDAN,Akademik,11221005,PENDIDIKAN TEKNIK BANGUNAN,Sarjana,47,90,1.9148936170212767,79,79,Tidak Ada
122,UNIVERSITAS NEGERI MEDAN,Akademik,11221006,PENDIDIKAN TEKNIK MESIN,Sarjana,51,227,4.450980392156863,77,77,Tidak Ada
122,UNIVERSITAS NEGERI MEDAN,Akademik,11221007,PENDIDIKAN TEKNIK ELEKTRO,Sarjana,46,151,3.282608695652174,75,75,Tidak Ada
122,UNIVERSITAS NEGERI MEDAN,Akademik,11221008,KIMIA,Sarjana,43,251,5.837209302325581,87,87,Tidak Ada
122,UNIVERSITAS NEGERI MEDAN,Akademik,11221009,BIOLOGI,Sarjana,59,315,5.338983050847458,83,83,Tidak Ada
122,UNIVERSITAS NEGERI MEDAN,Akademik,11221010,ILMU KEOLAHRAGAAN,Sarjana,77,184,2.3896103896103895,75,75,Olahraga
122,UNIVERSITAS NEGERI MEDAN,Akademik,11221011,MATEMATIKA,Sarjana,46,278,6.043478260869565,87,87,Tidak Ada
122,UNIVERSITAS NEGERI MEDAN,Akademik,11221012,FISIKA,Sarjana,33,101,3.0606060606060606,82,82,Tidak Ada
122,UNIVERSITAS NEGERI MEDAN,Akademik,11221013,PENDIDIKAN TEKNIK OTOMOTIF,Sarjana,51,189,3.7058823529411766,82,82,Tidak Ada
122,UNIVERSITAS NEGERI MEDAN,Akademik,11221014,GIZI,Sarjana,54,1060,19.62962962962963,87,87,Tidak Ada
122,UNIVERSITAS NEGERI MEDAN,Akademik,11221015,TEKNIK ELEKTRO,Sarjana,46,501,10.891304347826088,88,88,Tidak Ada
122,UNIVERSITAS NEGERI MEDAN,Akademik,11221016,TEKNIK SIPIL,Sarjana,51,599,11.745098039215685,87,87,Tidak Ada
122,UNIVERSITAS NEGERI MEDAN,Akademik,11221017,PENDIDIKAN TEKNOLOGI INFORMATIKA DAN KOMPUTER,Sarjana,51,668,13.098039215686274,89,89,Tidak Ada
122,UNIVERSITAS NEGERI MEDAN,Akademik,11221018,ILMU KOMPUTER,Sarjana,48,1163,24.229166666666668,89,89,Tidak Ada
122,UNIVERSITAS NEGERI MEDAN,Akademik,11221019,PENDIDIKAN IPA,Sarjana,43,322,7.488372093023256,85,85,Tidak Ada
122,UNIVERSITAS NEGERI MEDAN,Akademik,11221021,PENDIDIKAN SEJARAH,Sarjana,62,491,7.919354838709677,86,86,Tidak Ada
122,UNIVERSITAS NEGERI MEDAN,Akademik,11221022,PEND. PANCASILA & KEWARGANEGARAAN (PPKN),Sarjana,62,571,9.209677419354838,87,87,Tidak Ada
122,UNIVERSITAS NEGERI MEDAN,Akademik,11221023,PENDIDIKAN GEOGRAFI,Sarjana,62,444,7.161290322580645,86,86,Tidak Ada
122,UNIVERSITAS NEGERI MEDAN,Akademik,11221024,"PEND. JASMANI, KESEHATAN & REKREASI",Sarjana,117,615,5.256410256410256,87,87,Olahraga
122,UNIVERSITAS NEGERI MEDAN,Akademik,11221025,PENDIDIKAN KEPELATIHAN OLAHRAGA (PKO),Sarjana,117,438,3.7435897435897436,82,82,Olahraga
122,UNIVERSITAS NEGERI MEDAN,Akademik,11221026,PENDIDIKAN LUAR SEKOLAH (PLS),Sarjana,41,123,3.0,82,82,Tidak Ada
122,UNIVERSITAS NEGERI MEDAN,Akademik,11221027,PENDIDIKAN EKONOMI,Sarjana,39,411,10.538461538461538,89,89,Tidak Ada
122,UNIVERSITAS NEGERI MEDAN,Akademik,11221028,MANAJEMEN,Sarjana,51,1356,26.58823529411765,90,90,Tidak Ada
122,UNIVERSITAS NEGERI MEDAN,Akademik,11221029,AKUNTANSI,Sarjana,46,916,19.91304347826087,87,87,Tidak Ada
122,UNIVERSITAS NEGERI MEDAN,Akademik,11221030,PENDIDIKAN BAHASA DAN SASTRA INDONESIA,Sarjana,85,1047,12.31764705882353,86,86,Tidak Ada
122,UNIVERSITAS NEGERI MEDAN,Akademik,11221031,PENDIDIKAN BAHASA INGGRIS,Sarjana,86,796,9.255813953488373,84,84,Tidak Ada
122,UNIVERSITAS NEGERI MEDAN,Akademik,11221032,PENDIDIKAN BAHASA PERANCIS,Sarjana,43,40,0.9302325581395349,82,82,Tidak Ada
122,UNIVERSITAS NEGERI MEDAN,Akademik,11221033,PENDIDIKAN BAHASA JERMAN,Sarjana,47,116,2.4680851063829787,78,78,Tidak Ada
122,UNIVERSITAS NEGERI MEDAN,Akademik,11221034,PENDIDIKAN SENI RUPA,Sarjana,40,124,3.1,75,75,"Seni Rupa, Desain, dan Kriya"
122,UNIVERSITAS NEGERI MEDAN,Akademik,11221035,SASTRA INDONESIA,Sarjana,51,273,5.352941176470588,82,82,Tidak Ada
122,UNIVERSITAS NEGERI MEDAN,Akademik,11221036,SASTRA INGGRIS,Sarjana,51,383,7.509803921568627,85,85,Tidak Ada
122,UNIVERSITAS NEGERI MEDAN,Akademik,11221038,PENDIDIKAN GURU SEKOLAH DASAR (PGSD),Sarjana,144,2915,20.243055555555557,90,90,Tidak Ada
122,UNIVERSITAS NEGERI MEDAN,Akademik,11221039,PENDIDIKAN TATA BOGA,Sarjana,46,536,11.652173913043478,90,90,Tidak Ada
122,UNIVERSITAS NEGERI MEDAN,Akademik,11221040,PENDIDIKAN TATA RIAS,Sarjana,51,545,10.686274509803921,88,88,Tidak Ada
122,UNIVERSITAS NEGERI MEDAN,Akademik,11221041,PENDIDIKAN ANTROPOLOGI,Sarjana,62,352,5.67741935483871,85,85,Tidak Ada
122,UNIVERSITAS NEGERI MEDAN,Akademik,11221042,PEND. GURU PENDIDIKAN ANAK USIA DINI,Sarjana,72,475,6.597222222222222,81,81,Tidak Ada
122,UNIVERSITAS NEGERI MEDAN,Akademik,11221043,PENDIDIKAN BIMBINGAN DAN KONSELING,Sarjana,72,1147,15.930555555555555,89,89,Tidak Ada
122,UNIVERSITAS NEGERI MEDAN,Akademik,11221044,PENDIDIKAN AKUNTANSI,Sarjana,39,292,7.487179487179487,81,81,Tidak Ada
122,UNIVERSITAS NEGERI MEDAN,Akademik,11221046,PENDIDIKAN ADMINISTRASI PERKANTORAN,Sarjana,39,607,15.564102564102564,89,89,Tidak Ada
122,UNIVERSITAS NEGERI MEDAN,Akademik,11221047,PENDIDIKAN BISNIS,Sarjana,39,296,7.589743589743589,80,80,Tidak Ada
122,UNIVERSITAS NEGERI MEDAN,Akademik,11221048,PENDIDIKAN TARI,Sarjana,55,211,3.8363636363636364,82,82,Tari
122,UNIVERSITAS NEGERI MEDAN,Akademik,11221049,PENDIDIKAN MUSIK,Sarjana,59,202,3.4237288135593222,76,76,Musik
122,UNIVERSITAS NEGERI MEDAN,Akademik,11221050,PENDIDIKAN TATA BUSANA,Sarjana,46,582,12.652173913043478,86,86,Tidak Ada
122,UNIVERSITAS NEGERI MEDAN,Akademik,11221051,SENI PERTUNJUKAN,Sarjana,22,24,1.0909090909090908,81,81,Sendratasik
122,UNIVERSITAS NEGERI MEDAN,Akademik,11221052,ILMU EKONOMI,Sarjana,39,451,11.564102564102564,86,86,Tidak Ada
122,UNIVERSITAS NEGERI MEDAN,Akademik,11221053,BISNIS DIGITAL,Sarjana,39,414,10.615384615384615,85,85,Tidak Ada
122,UNIVERSITAS NEGERI MEDAN,Akademik,11221054,KEWIRAUSAHAAN,Sarjana,39,396,10.153846153846153,88,88,Tidak Ada
122,UNIVERSITAS NEGERI MEDAN,Akademik,11221057,ARSITEKTUR,Sarjana,41,328,8.0,81,81,Tidak Ada
122,UNIVERSITAS NEGERI MEDAN,Akademik,11221058,STATISTIKA,Sarjana,41,330,8.048780487804878,80,80,Tidak Ada
122,UNIVERSITAS NEGERI MEDAN,Akademik,11221059,SAINS INFORMASI GEOGRAFI,Sarjana,15,84,5.6,86,86,Tidak Ada
122,UNIVERSITAS NEGERI MEDAN,Akademik,11221060,HUKUM BISNIS,Sarjana,15,161,10.733333333333333,89,89,Tidak Ada
122,UNIVERSITAS NEGERI MEDAN,Akademik,11221061,KEDOKTERAN,Sarjana,13,0,0.0,77,77,Tidak Ada
122,UNIVERSITAS NEGERI MEDAN,Akademik,11222056,MANAJEMEN KONSTRUKSI,Sarjana Terapan,51,139,2.7254901960784315,79,79,Tidak Ada
122,UNIVERSITAS NEGERI MEDAN,Akademik,11223055,TEKNIK MESIN,Diploma Tiga,41,216,5.2682926829268295,87,87,Tidak Ada
131,UNIVERSITAS RIAU,Akademik,11311001,FISIKA,Sarjana,36,109,3.0277777777777777,82,82,Tidak Ada
131,UNIVERSITAS RIAU,Akademik,11311002,KIMIA,Sarjana,36,265,7.361111111111111,83,83,Tidak Ada
131,UNIVERSITAS RIAU,Akademik,11311003,MATEMATIKA,Sarjana,27,168,6.222222222222222,84,84,Tidak Ada
131,UNIVERSITAS RIAU,Akademik,11311004,BIOLOGI,Sarjana,36,242,6.722222222222222,81,81,Tidak Ada
131,UNIVERSITAS RIAU,Akademik,11311005,MANAJEMEN SUMBERDAYA PERAIRAN,Sarjana,43,126,2.9302325581395348,81,81,Tidak Ada
131,UNIVERSITAS RIAU,Akademik,11311006,BUDIDAYA PERAIRAN,Sarjana,52,128,2.4615384615384617,79,79,Tidak Ada
131,UNIVERSITAS RIAU,Akademik,11311007,ILMU KELAUTAN,Sarjana,46,163,3.5434782608695654,77,77,Tidak Ada
131,UNIVERSITAS RIAU,Akademik,11311008,TEKNOLOGI HASIL PERIKANAN,Sarjana,43,100,2.3255813953488373,82,82,Tidak Ada
131,UNIVERSITAS RIAU,Akademik,11311009,PEMANFAATAN SUMBERDAYA PERIKANAN,Sarjana,37,90,2.4324324324324325,78,78,Tidak Ada
131,UNIVERSITAS RIAU,Akademik,11311010,AGROBISNIS PERIKANAN,Sarjana,34,104,3.0588235294117645,82,82,Tidak Ada
131,UNIVERSITAS RIAU,Akademik,11311011,AGROTEKNOLOGI,Sarjana,60,868,14.466666666666667,88,88,Tidak Ada
131,UNIVERSITAS RIAU,Akademik,11311012,AGRIBISNIS,Sarjana,36,743,20.63888888888889,94,94,Tidak Ada
131,UNIVERSITAS RIAU,Akademik,11311013,TEKNOLOGI HASIL PERTANIAN,Sarjana,24,322,13.416666666666666,85,85,Tidak Ada
131,UNIVERSITAS RIAU,Akademik,11311014,KEHUTANAN,Sarjana,36,397,11.027777777777779,85,85,Tidak Ada
131,UNIVERSITAS RIAU,Akademik,11311015,TEKNIK SIPIL,Sarjana,36,820,22.77777777777778,93,93,Tidak Ada
131,UNIVERSITAS RIAU,Akademik,11311016,TEKNIK KIMIA,Sarjana,31,592,19.096774193548388,87,87,Tidak Ada
131,UNIVERSITAS RIAU,Akademik,11311017,TEKNIK MESIN,Sarjana,34,694,20.41176470588235,94,94,Tidak Ada
131,UNIVERSITAS RIAU,Akademik,11311018,TEKNIK ELEKTRO,Sarjana,36,600,16.666666666666668,85,85,Tidak Ada
131,UNIVERSITAS RIAU,Akademik,11311019,KEDOKTERAN,Sarjana,48,1434,29.875,93,93,Tidak Ada
131,UNIVERSITAS RIAU,Akademik,11311020,ILMU KEPERAWATAN,Sarjana,63,1749,27.761904761904763,94,94,Tidak Ada
131,UNIVERSITAS RIAU,Akademik,11311021,PENDIDIKAN MATEMATIKA,Sarjana,24,458,19.083333333333332,89,89,Tidak Ada
131,UNIVERSITAS RIAU,Akademik,11311022,PENDIDIKAN BIOLOGI,Sarjana,24,478,19.916666666666668,88,88,Tidak Ada
131,UNIVERSITAS RIAU,Akademik,11311023,PENDIDIKAN FISIKA,Sarjana,24,166,6.916666666666667,81,81,Tidak Ada
131,UNIVERSITAS RIAU,Akademik,11311024,PENDIDIKAN KIMIA,Sarjana,24,222,9.25,85,85,Tidak Ada
131,UNIVERSITAS RIAU,Akademik,11311025,TEKNIK LINGKUNGAN,Sarjana,27,690,25.555555555555557,91,91,Tidak Ada
131,UNIVERSITAS RIAU,Akademik,11311026,ARSITEKTUR,Sarjana,28,331,11.821428571428571,90,90,Tidak Ada
131,UNIVERSITAS RIAU,Akademik,11311027,SISTEM INFORMASI,Sarjana,48,955,19.895833333333332,90,90,Tidak Ada
131,UNIVERSITAS RIAU,Akademik,11311028,TEKNIK INFORMATIKA,Sarjana,36,1502,41.72222222222222,95,95,Tidak Ada
131,UNIVERSITAS RIAU,Akademik,11311029,TEKNOLOGI INDUSTRI PERTANIAN,Sarjana,24,392,16.333333333333332,86,86,Tidak Ada
131,UNIVERSITAS RIAU,Akademik,11311030,STATISTIKA,Sarjana,27,253,9.37037037037037,80,80,Tidak Ada
131,UNIVERSITAS RIAU,Akademik,11311031,HUBUNGAN INTERNASIONAL,Sarjana,57,441,7.7368421052631575,80,80,Tidak Ada
131,UNIVERSITAS RIAU,Akademik,11311032,ILMU PEMERINTAHAN,Sarjana,63,607,9.634920634920634,85,85,Tidak Ada
131,UNIVERSITAS RIAU,Akademik,11311033,ILMU ADMINISTRASI PUBLIK,Sarjana,49,789,16.102040816326532,90,90,Tidak Ada
131,UNIVERSITAS RIAU,Akademik,11311034,ILMU ADMINISTRASI BISNIS,Sarjana,52,1357,26.096153846153847,88,88,Tidak Ada
131,UNIVERSITAS RIAU,Akademik,11311035,SOSIOLOGI,Sarjana,57,448,7.859649122807017,83,83,Tidak Ada
131,UNIVERSITAS RIAU,Akademik,11311036,ILMU KOMUNIKASI,Sarjana,63,1181,18.746031746031747,85,85,Tidak Ada
131,UNIVERSITAS RIAU,Akademik,11311038,EKONOMI PEMBANGUNAN,Sarjana,48,386,8.041666666666666,81,81,Tidak Ada
131,UNIVERSITAS RIAU,Akademik,11311039,MANAJEMEN,Sarjana,108,1811,16.76851851851852,86,86,Tidak Ada
131,UNIVERSITAS RIAU,Akademik,11311040,AKUNTANSI,Sarjana,93,1463,15.731182795698924,89,89,Tidak Ada
131,UNIVERSITAS RIAU,Akademik,11311041,ILMU HUKUM,Sarjana,124,1156,9.32258064516129,83,83,Tidak Ada
131,UNIVERSITAS RIAU,Akademik,11311042,PENDIDIKAN EKONOMI,Sarjana,36,391,10.86111111111111,87,87,Tidak Ada
131,UNIVERSITAS RIAU,Akademik,11311043,PENDIDIKAN PANCASILA DAN KEWARGANEGARAAN,Sarjana,24,530,22.083333333333332,91,91,Tidak Ada
131,UNIVERSITAS RIAU,Akademik,11311044,PENDIDIKAN SEJARAH,Sarjana,24,414,17.25,85,85,Tidak Ada
131,UNIVERSITAS RIAU,Akademik,11311045,PENDIDIKAN BAHASA DAN SASTRA INDONESIA,Sarjana,36,844,23.444444444444443,92,92,Tidak Ada
131,UNIVERSITAS RIAU,Akademik,11311046,PENDIDIKAN BAHASA INGGRIS,Sarjana,36,651,18.083333333333332,86,86,Tidak Ada
131,UNIVERSITAS RIAU,Akademik,11311047,PENDIDIKAN BAHASA JEPANG,Sarjana,24,161,6.708333333333333,81,81,Tidak Ada
131,UNIVERSITAS RIAU,Akademik,11311048,PENDIDIKAN MASYARAKAT,Sarjana,24,68,2.8333333333333335,81,81,Tidak Ada
131,UNIVERSITAS RIAU,Akademik,11311049,BIMBINGAN KONSELING,Sarjana,24,902,37.583333333333336,91,91,Tidak Ada
131,UNIVERSITAS RIAU,Akademik,11311050,PENDIDIKAN JASMANI KESEHATAN DAN REKREASI,Sarjana,24,322,13.416666666666666,86,86,Olahraga
131,UNIVERSITAS RIAU,Akademik,11311051,PENDIDIKAN KEPELATIHAN OLAHRAGA,Sarjana,24,206,8.583333333333334,82,82,Olahraga
131,UNIVERSITAS RIAU,Akademik,11311052,PENDIDIKAN GURU SEKOLAH DASAR,Sarjana,40,2021,50.525,89,89,Tidak Ada
131,UNIVERSITAS RIAU,Akademik,11311053,PENDIDIKAN ANAK USIA DINI,Sarjana,24,245,10.208333333333334,86,86,Tidak Ada
131,UNIVERSITAS RIAU,Akademik,11311062,KEDOKTERAN HEWAN,Sarjana,15,248,16.533333333333335,86,86,Tidak Ada
131,UNIVERSITAS RIAU,Akademik,11311063,ILMU TANAH,Sarjana,12,79,6.583333333333333,82,82,Tidak Ada
131,UNIVERSITAS RIAU,Akademik,11311064,PROTEKSI TANAMAN,Sarjana,12,52,4.333333333333333,82,82,Tidak Ada
131,UNIVERSITAS RIAU,Akademik,11311065,PENYULUHAN PERTANIAN,Sarjana,12,83,6.916666666666667,84,84,Tidak Ada
131,UNIVERSITAS RIAU,Akademik,11312037,USAHA PERJALANAN WISATA,Sarjana Terapan,42,231,5.5,83,83,Tidak Ada
131,UNIVERSITAS RIAU,Akademik,11313054,PERPAJAKAN,Diploma Tiga,36,160,4.444444444444445,76,76,Tidak Ada
131,UNIVERSITAS RIAU,Akademik,11313055,TEKNIK KIMIA,Diploma Tiga,27,48,1.7777777777777777,82,82,Tidak Ada
131,UNIVERSITAS RIAU,Akademik,11313056,AKUNTANSI,Diploma Tiga,36,77,2.138888888888889,78,78,Tidak Ada
131,UNIVERSITAS RIAU,Akademik,11313057,TEKNIK ELEKTRO,Diploma Tiga,18,48,2.6666666666666665,81,81,Tidak Ada
131,UNIVERSITAS RIAU,Akademik,11313058,TEKNIK MESIN,Diploma Tiga,18,70,3.888888888888889,79,79,Tidak Ada
131,UNIVERSITAS RIAU,Akademik,11313059,TEKNOLOGI PULP DAN KERTAS,Diploma Tiga,18,161,8.944444444444445,86,86,Tidak Ada
131,UNIVERSITAS RIAU,Akademik,11313060,TEKNIK SIPIL,Diploma Tiga,27,57,2.111111111111111,78,78,Tidak Ada
131,UNIVERSITAS RIAU,Akademik,11313061,MANAJEMEN INFORMATIKA,Diploma Tiga,24,79,3.2916666666666665,77,77,Tidak Ada
133,UNIVERSITAS MARITIM RAJA ALI HAJI,Akademik,11331001,TEKNIK ELEKTRO,Sarjana,68,95,1.3970588235294117,81,81,Tidak Ada
133,UNIVERSITAS MARITIM RAJA ALI HAJI,Akademik,11331002,TEKNIK INFORMATIKA,Sarjana,75,263,3.506666666666667,76,76,Tidak Ada
133,UNIVERSITAS MARITIM RAJA ALI HAJI,Akademik,11331003,ILMU KELAUTAN,Sarjana,48,51,1.0625,82,82,Tidak Ada
133,UNIVERSITAS MARITIM RAJA ALI HAJI,Akademik,11331004,MANAJEMEN SUMBERDAYA PERAIRAN,Sarjana,50,30,0.6,75,75,Tidak Ada
133,UNIVERSITAS MARITIM RAJA ALI HAJI,Akademik,11331005,PENDIDIKAN MATEMATIKA,Sarjana,50,89,1.78,76,76,Tidak Ada
133,UNIVERSITAS MARITIM RAJA ALI HAJI,Akademik,11331006,PENDIDIKAN BIOLOGI,Sarjana,50,65,1.3,78,78,Tidak Ada
133,UNIVERSITAS MARITIM RAJA ALI HAJI,Akademik,11331007,PENDIDIKAN KIMIA,Sarjana,48,48,1.0,76,76,Tidak Ada
133,UNIVERSITAS MARITIM RAJA ALI HAJI,Akademik,11331008,BUDI DAYA PERAIRAN,Sarjana,50,14,0.28,79,79,Tidak Ada
133,UNIVERSITAS MARITIM RAJA ALI HAJI,Akademik,11331009,TEKNOLOGI HASIL PERIKANAN,Sarjana,50,22,0.44,81,81,Tidak Ada
133,UNIVERSITAS MARITIM RAJA ALI HAJI,Akademik,11331010,SOSIAL EKONOMI PERIKANAN,Sarjana,50,14,0.28,82,82,Tidak Ada
133,UNIVERSITAS MARITIM RAJA ALI HAJI,Akademik,11331011,TEKNIK PERKAPALAN,Sarjana,40,92,2.3,81,81,Tidak Ada
133,UNIVERSITAS MARITIM RAJA ALI HAJI,Akademik,11331012,PENDIDIKAN BAHASA INDONESIA,Sarjana,75,127,1.6933333333333334,82,82,Tidak Ada
133,UNIVERSITAS MARITIM RAJA ALI HAJI,Akademik,11331013,AKUNTANSI,Sarjana,75,326,4.346666666666667,81,81,Tidak Ada
133,UNIVERSITAS MARITIM RAJA ALI HAJI,Akademik,11331014,ILMU ADMINISTRASI NEGARA,Sarjana,75,309,4.12,78,78,Tidak Ada
133,UNIVERSITAS MARITIM RAJA ALI HAJI,Akademik,11331015,ILMU PEMERINTAHAN,Sarjana,75,189,2.52,80,80,Tidak Ada
133,UNIVERSITAS MARITIM RAJA ALI HAJI,Akademik,11331016,SOSIOLOGI,Sarjana,50,97,1.94,81,81,Tidak Ada
133,UNIVERSITAS MARITIM RAJA ALI HAJI,Akademik,11331017,PENDIDIKAN BAHASA INGGRIS,Sarjana,75,111,1.48,81,81,Tidak Ada
133,UNIVERSITAS MARITIM RAJA ALI HAJI,Akademik,11331018,MANAJEMEN,Sarjana,75,424,5.653333333333333,84,84,Tidak Ada
133,UNIVERSITAS MARITIM RAJA ALI HAJI,Akademik,11331019,ILMU HUKUM,Sarjana,25,251,10.04,89,89,Tidak Ada
133,UNIVERSITAS MARITIM RAJA ALI HAJI,Akademik,11331020,ILMU HUBUNGAN INTERNASIONAL,Sarjana,58,99,1.706896551724138,82,82,Tidak Ada
133,UNIVERSITAS MARITIM RAJA ALI HAJI,Akademik,11331021,KEDOKTERAN,Sarjana,25,289,11.56,87,87,Tidak Ada
133,UNIVERSITAS MARITIM RAJA ALI HAJI,Akademik,11331022,TEKNIK INDUSTRI,Sarjana,40,163,4.075,80,80,Tidak Ada
133,UNIVERSITAS MARITIM RAJA ALI HAJI,Akademik,11331023,KIMIA,Sarjana,48,35,0.7291666666666666,79,79,Tidak Ada
133,UNIVERSITAS MARITIM RAJA ALI HAJI,Akademik,11331024,BISNIS DIGITAL,Sarjana,75,129,1.72,81,81,Tidak Ada
133,UNIVERSITAS MARITIM RAJA ALI HAJI,Akademik,11331025,KEWIRAUSAHAAN,Sarjana,25,76,3.04,81,81,Tidak Ada
133,UNIVERSITAS MARITIM RAJA ALI HAJI,Akademik,11331026,"KAJIAN FILM, TELEVISI, DAN MEDIA",Sarjana,50,46,0.92,78,78,Tidak Ada
133,UNIVERSITAS MARITIM RAJA ALI HAJI,Akademik,11331027,PERENCANAAN WILAYAH DAN KOTA,Sarjana,25,0,0.0,81,81,Tidak Ada
133,UNIVERSITAS MARITIM RAJA ALI HAJI,Akademik,11331028,TEKNIK SIPIL,Sarjana,30,0,0.0,82,82,Tidak Ada
133,UNIVERSITAS MARITIM RAJA ALI HAJI,Akademik,11331029,PENDIDIKAN FISIKA,Sarjana,25,0,0.0,75,75,Tidak Ada
133,UNIVERSITAS MARITIM RAJA ALI HAJI,Akademik,11331030,ARSITEKTUR,Sarjana,25,0,0.0,76,76,Tidak Ada
141,UNIVERSITAS ANDALAS,Akademik,11411001,AGRIBISNIS,Sarjana,80,452,5.65,85,85,Tidak Ada
141,UNIVERSITAS ANDALAS,Akademik,11411002,AGROTEKNOLOGI,Sarjana,100,418,4.18,82,82,Tidak Ada
141,UNIVERSITAS ANDALAS,Akademik,11411003,KEDOKTERAN,Sarjana,51,1070,20.980392156862745,90,90,Tidak Ada
141,UNIVERSITAS ANDALAS,Akademik,11411004,KEPERAWATAN,Sarjana,36,784,21.77777777777778,94,94,Tidak Ada
141,UNIVERSITAS ANDALAS,Akademik,11411005,KESEHATAN MASYARAKAT,Sarjana,45,905,20.11111111111111,91,91,Tidak Ada
141,UNIVERSITAS ANDALAS,Akademik,11411006,KEDOKTERAN GIGI,Sarjana,20,546,27.3,88,88,Tidak Ada
141,UNIVERSITAS ANDALAS,Akademik,11411007,KIMIA,Sarjana,40,245,6.125,81,81,Tidak Ada
141,UNIVERSITAS ANDALAS,Akademik,11411008,BIOLOGI,Sarjana,40,204,5.1,84,84,Tidak Ada
141,UNIVERSITAS ANDALAS,Akademik,11411009,MATEMATIKA,Sarjana,40,165,4.125,79,79,Tidak Ada
141,UNIVERSITAS ANDALAS,Akademik,11411010,FISIKA,Sarjana,50,97,1.94,77,77,Tidak Ada
141,UNIVERSITAS ANDALAS,Akademik,11411011,TEKNIK KOMPUTER,Sarjana,20,334,16.7,89,89,Tidak Ada
141,UNIVERSITAS ANDALAS,Akademik,11411012,PETERNAKAN,Sarjana,160,341,2.13125,81,81,Tidak Ada
141,UNIVERSITAS ANDALAS,Akademik,11411013,TEKNIK MESIN,Sarjana,38,352,9.263157894736842,84,84,Tidak Ada
141,UNIVERSITAS ANDALAS,Akademik,11411014,TEKNIK SIPIL,Sarjana,45,570,12.666666666666666,87,87,Tidak Ada
141,UNIVERSITAS ANDALAS,Akademik,11411015,TEKNIK INDUSTRI,Sarjana,38,751,19.763157894736842,87,87,Tidak Ada
141,UNIVERSITAS ANDALAS,Akademik,11411016,TEKNIK LINGKUNGAN,Sarjana,34,461,13.558823529411764,86,86,Tidak Ada
141,UNIVERSITAS ANDALAS,Akademik,11411017,TEKNIK ELEKTRO,Sarjana,28,350,12.5,87,87,Tidak Ada
141,UNIVERSITAS ANDALAS,Akademik,11411018,FARMASI,Sarjana,40,1406,35.15,93,93,Tidak Ada
141,UNIVERSITAS ANDALAS,Akademik,11411019,TEKNIK PERTANIAN DAN BIOSISTEM,Sarjana,56,227,4.053571428571429,78,78,Tidak Ada
141,UNIVERSITAS ANDALAS,Akademik,11411020,TEKNOLOGI PANGAN DAN HASIL PERTANIAN,Sarjana,56,404,7.214285714285714,81,81,Tidak Ada
141,UNIVERSITAS ANDALAS,Akademik,11411021,SISTEM INFORMASI,Sarjana,30,570,19.0,86,86,Tidak Ada
141,UNIVERSITAS ANDALAS,Akademik,11411022,PSIKOLOGI,Sarjana,30,487,16.233333333333334,88,88,Tidak Ada
141,UNIVERSITAS ANDALAS,Akademik,11411023,ILMU TANAH,Sarjana,65,163,2.5076923076923077,76,76,Tidak Ada
141,UNIVERSITAS ANDALAS,Akademik,11411024,AGROEKOTEKNOLOGI,Sarjana,75,148,1.9733333333333334,75,75,Tidak Ada
141,UNIVERSITAS ANDALAS,Akademik,11411025,PETERNAKAN ( KAMPUS II PAYAKUMBUH),Sarjana,40,69,1.725,79,79,Tidak Ada
141,UNIVERSITAS ANDALAS,Akademik,11411026,KEBIDANAN,Sarjana,20,534,26.7,89,89,Tidak Ada
141,UNIVERSITAS ANDALAS,Akademik,11411027,GIZI,Sarjana,30,708,23.6,93,93,Tidak Ada
141,UNIVERSITAS ANDALAS,Akademik,11411028,PROTEKSI TANAMAN,Sarjana,60,154,2.566666666666667,80,80,Tidak Ada
141,UNIVERSITAS ANDALAS,Akademik,11411029,PENYULUHAN PERTANIAN,Sarjana,20,124,6.2,86,86,Tidak Ada
141,UNIVERSITAS ANDALAS,Akademik,11411030,TEKNOLOGI INDUSTRI PERTANIAN,Sarjana,40,230,5.75,84,84,Tidak Ada
141,UNIVERSITAS ANDALAS,Akademik,11411031,ILMU BIOMEDIS,Sarjana,11,438,39.81818181818182,92,92,Tidak Ada
141,UNIVERSITAS ANDALAS,Akademik,11411032,EKONOMI,Sarjana,45,311,6.911111111111111,83,83,Tidak Ada
141,UNIVERSITAS ANDALAS,Akademik,11411033,HUKUM,Sarjana,140,885,6.321428571428571,84,84,Tidak Ada
141,UNIVERSITAS ANDALAS,Akademik,11411034,SEJARAH,Sarjana,60,95,1.5833333333333333,79,79,Tidak Ada
141,UNIVERSITAS ANDALAS,Akademik,11411035,SOSIOLOGI,Sarjana,45,171,3.8,82,82,Tidak Ada
141,UNIVERSITAS ANDALAS,Akademik,11411036,ANTROPOLOGI SOSIAL,Sarjana,40,171,4.275,81,81,Tidak Ada
141,UNIVERSITAS ANDALAS,Akademik,11411037,MANAJEMEN,Sarjana,50,702,14.04,86,86,Tidak Ada
141,UNIVERSITAS ANDALAS,Akademik,11411038,AKUNTANSI,Sarjana,50,802,16.04,88,88,Tidak Ada
141,UNIVERSITAS ANDALAS,Akademik,11411039,ILMU POLITIK,Sarjana,45,197,4.377777777777778,77,77,Tidak Ada
141,UNIVERSITAS ANDALAS,Akademik,11411040,ADMINISTRASI PUBLIK,Sarjana,30,452,15.066666666666666,89,89,Tidak Ada
141,UNIVERSITAS ANDALAS,Akademik,11411041,SASTRA INDONESIA,Sarjana,48,120,2.5,78,78,Tidak Ada
141,UNIVERSITAS ANDALAS,Akademik,11411042,SASTRA INGGRIS,Sarjana,60,281,4.683333333333334,81,81,Tidak Ada
141,UNIVERSITAS ANDALAS,Akademik,11411043,SASTRA MINANGKABAU,Sarjana,35,39,1.1142857142857143,80,80,Tidak Ada
141,UNIVERSITAS ANDALAS,Akademik,11411044,SASTRA JEPANG,Sarjana,55,183,3.327272727272727,82,82,Tidak Ada
141,UNIVERSITAS ANDALAS,Akademik,11411045,HUBUNGAN INTERNASIONAL,Sarjana,30,300,10.0,86,86,Tidak Ada
141,UNIVERSITAS ANDALAS,Akademik,11411046,ILMU KOMUNIKASI,Sarjana,35,437,12.485714285714286,87,87,Tidak Ada
141,UNIVERSITAS ANDALAS,Akademik,11411047,MANAJEMEN (KAMPUS 2 PAYAKUMBUH),Sarjana,40,169,4.225,78,78,Tidak Ada
141,UNIVERSITAS ANDALAS,Akademik,11411048,EKONOMI PEMBANGUNAN (KAMPUS PAYAKUMBUH),Sarjana,24,84,3.5,79,79,Tidak Ada
141,UNIVERSITAS ANDALAS,Akademik,11411053,INFORMATIKA,Sarjana,23,523,22.73913043478261,89,89,Tidak Ada
141,UNIVERSITAS ANDALAS,Akademik,11411054,ARSITEKTUR,Sarjana,8,123,15.375,87,87,Tidak Ada
141,UNIVERSITAS ANDALAS,Akademik,11411055,EKONOMI ISLAM,Sarjana,18,66,3.6666666666666665,75,75,Tidak Ada
141,UNIVERSITAS ANDALAS,Akademik,11411056,KEWIRAUSAHAAN,Sarjana,13,103,7.923076923076923,82,82,Tidak Ada
141,UNIVERSITAS ANDALAS,Akademik,11411057,STATISTIKA DAN SAINS DATA,Sarjana,15,184,12.266666666666667,87,87,Tidak Ada
141,UNIVERSITAS ANDALAS,Akademik,11411058,ARKEOLOGI,Sarjana,20,0,0.0,78,78,Tidak Ada
141,UNIVERSITAS ANDALAS,Akademik,11411059,NUTRISI DAN TEKNOLOGI PAKAN TERNAK,Sarjana,15,0,0.0,78,78,Tidak Ada
141,UNIVERSITAS ANDALAS,Akademik,11413049,AKUNTANSI,Diploma Tiga,27,124,4.592592592592593,76,76,Tidak Ada
141,UNIVERSITAS ANDALAS,Akademik,11413050,ADMINISTRASI PERKANTORAN,Diploma Tiga,15,159,10.6,89,89,Tidak Ada
141,UNIVERSITAS ANDALAS,Akademik,11413051,PERBANKAN DAN KEUANGAN,Diploma Tiga,30,130,4.333333333333333,81,81,Tidak Ada
141,UNIVERSITAS ANDALAS,Akademik,11413052,MANAJEMEN PEMASARAN,Diploma Tiga,20,76,3.8,77,77,Tidak Ada
142,UNIVERSITAS NEGERI PADANG,Akademik,11421001,PENDIDIKAN MATEMATIKA,Sarjana,48,433,9.020833333333334,81,81,Tidak Ada
142,UNIVERSITAS NEGERI PADANG,Akademik,11421002,MATEMATIKA (NK),Sarjana,30,120,4.0,79,79,Tidak Ada
142,UNIVERSITAS NEGERI PADANG,Akademik,11421003,PENDIDIKAN BIOLOGI,Sarjana,45,453,10.066666666666666,86,86,Tidak Ada
142,UNIVERSITAS NEGERI PADANG,Akademik,11421004,BIOLOGI (NK),Sarjana,45,184,4.088888888888889,82,82,Tidak Ada
142,UNIVERSITAS NEGERI PADANG,Akademik,11421005,PENDIDIKAN FISIKA,Sarjana,42,159,3.7857142857142856,76,76,Tidak Ada
142,UNIVERSITAS NEGERI PADANG,Akademik,11421006,FISIKA (NK),Sarjana,30,55,1.8333333333333333,80,80,Tidak Ada
142,UNIVERSITAS NEGERI PADANG,Akademik,11421007,PENDIDIKAN KIMIA,Sarjana,34,242,7.117647058823529,84,84,Tidak Ada
142,UNIVERSITAS NEGERI PADANG,Akademik,11421008,KIMIA (NK),Sarjana,38,188,4.947368421052632,75,75,Tidak Ada
142,UNIVERSITAS NEGERI PADANG,Akademik,11421009,PENDIDIKAN TEKNIK BANGUNAN,Sarjana,21,46,2.1904761904761907,77,77,Tidak Ada
142,UNIVERSITAS NEGERI PADANG,Akademik,11421010,PENDIDIKAN TEKNIK ELEKTRO,Sarjana,33,74,2.242424242424242,77,77,Tidak Ada
142,UNIVERSITAS NEGERI PADANG,Akademik,11421011,PENDIDIKAN TEKNIK ELEKTRONIKA,Sarjana,24,45,1.875,77,77,Tidak Ada
142,UNIVERSITAS NEGERI PADANG,Akademik,11421012,PENDIDIKAN TEKNIK MESIN,Sarjana,30,86,2.8666666666666667,75,75,Tidak Ada
142,UNIVERSITAS NEGERI PADANG,Akademik,11421013,PENDIDIKAN TEKNIK OTOMOTIF,Sarjana,33,152,4.606060606060606,82,82,Tidak Ada
142,UNIVERSITAS NEGERI PADANG,Akademik,11421014,PENDIDIKAN TEKNIK INFORMATIKA,Sarjana,30,351,11.7,85,85,Tidak Ada
142,UNIVERSITAS NEGERI PADANG,Akademik,11421015,ILMU KEOLAHRAGAAN (NK),Sarjana,54,82,1.5185185185185186,77,77,Olahraga
142,UNIVERSITAS NEGERI PADANG,Akademik,11421016,TEKNIK PERTAMBANGAN (NK),Sarjana,22,886,40.27272727272727,94,94,Tidak Ada
142,UNIVERSITAS NEGERI PADANG,Akademik,11421018,PENDIDIKAN ILMU PENGETAHUAN ALAM,Sarjana,45,277,6.155555555555556,80,80,Tidak Ada
142,UNIVERSITAS NEGERI PADANG,Akademik,11421019,TEKNIK SIPIL,Sarjana,35,494,14.114285714285714,88,88,Tidak Ada
142,UNIVERSITAS NEGERI PADANG,Akademik,11421020,STATISTIKA (NK),Sarjana,27,249,9.222222222222221,83,83,Tidak Ada
142,UNIVERSITAS NEGERI PADANG,Akademik,11421021,TEKNIK MESIN (NK),Sarjana,25,337,13.48,90,90,Tidak Ada
142,UNIVERSITAS NEGERI PADANG,Akademik,11421023,INFORMATIKA,Sarjana,24,801,33.375,91,91,Tidak Ada
142,UNIVERSITAS NEGERI PADANG,Akademik,11421024,ADMINISTRASI PENDIDIKAN,Sarjana,72,494,6.861111111111111,84,84,Tidak Ada
142,UNIVERSITAS NEGERI PADANG,Akademik,11421025,PENDIDIKAN LUAR BIASA,Sarjana,66,290,4.393939393939394,77,77,Tidak Ada
142,UNIVERSITAS NEGERI PADANG,Akademik,11421026,TEKNOLOGI PENDIDIKAN,Sarjana,38,162,4.2631578947368425,82,82,Tidak Ada
142,UNIVERSITAS NEGERI PADANG,Akademik,11421027,PENDIDIKAN NON FORMAL,Sarjana,45,57,1.2666666666666666,82,82,Tidak Ada
142,UNIVERSITAS NEGERI PADANG,Akademik,11421028,BIMBINGAN DAN KONSELING,Sarjana,55,805,14.636363636363637,90,90,Tidak Ada
142,UNIVERSITAS NEGERI PADANG,Akademik,11421029,PSIKOLOGI,Sarjana,56,744,13.285714285714286,88,88,Tidak Ada
142,UNIVERSITAS NEGERI PADANG,Akademik,11421030,PGSD (PENDIDIKAN GURU SEKOLAH DASAR),Sarjana,92,2099,22.815217391304348,89,89,Tidak Ada
142,UNIVERSITAS NEGERI PADANG,Akademik,11421031,PEND. GURU PENDIDIKAN ANAK USIA DINI,Sarjana,57,375,6.578947368421052,87,87,Tidak Ada
142,UNIVERSITAS NEGERI PADANG,Akademik,11421032,PENDIDIKAN BAHASA DAN SASTRA INDONESIA,Sarjana,65,742,11.415384615384616,87,87,Tidak Ada
142,UNIVERSITAS NEGERI PADANG,Akademik,11421033,SASTRA INDONESIA,Sarjana,36,113,3.138888888888889,78,78,Tidak Ada
142,UNIVERSITAS NEGERI PADANG,Akademik,11421034,PENDD. BHS INGGRIS,Sarjana,50,517,10.34,90,90,Tidak Ada
142,UNIVERSITAS NEGERI PADANG,Akademik,11421035,SASTRA INGGRIS,Sarjana,36,222,6.166666666666667,84,84,Tidak Ada
142,UNIVERSITAS NEGERI PADANG,Akademik,11421036,PENDIDIKAN SENI RUPA,Sarjana,39,54,1.3846153846153846,75,75,"Seni Rupa, Desain, dan Kriya"
142,UNIVERSITAS NEGERI PADANG,Akademik,11421037,PENDIDIKAN SENDRATASIK,Sarjana,45,132,2.933333333333333,75,75,Sendratasik
142,UNIVERSITAS NEGERI PADANG,Akademik,11421038,PENDIDIKAN GEOGRAFI,Sarjana,36,288,8.0,80,80,Tidak Ada
142,UNIVERSITAS NEGERI PADANG,Akademik,11421039,PENDIDIKAN SEJARAH,Sarjana,42,287,6.833333333333333,84,84,Tidak Ada
142,UNIVERSITAS NEGERI PADANG,Akademik,11421040,PENDIDIKAN SOSIOLOGI,Sarjana,60,489,8.15,87,87,Tidak Ada
142,UNIVERSITAS NEGERI PADANG,Akademik,11421041,PEND. PANCASILA & KEWARGANEGARAAN (PPKN),Sarjana,42,483,11.5,89,89,Tidak Ada
142,UNIVERSITAS NEGERI PADANG,Akademik,11421042,ILMU ADMINISTRASI NEGARA (NK),Sarjana,50,758,15.16,90,90,Tidak Ada
142,UNIVERSITAS NEGERI PADANG,Akademik,11421043,PENDIDIKAN EKONOMI,Sarjana,54,380,7.037037037037037,80,80,Tidak Ada
142,UNIVERSITAS NEGERI PADANG,Akademik,11421044,MANAJEMEN (NK),Sarjana,40,1002,25.05,91,91,Tidak Ada
142,UNIVERSITAS NEGERI PADANG,Akademik,11421045,AKUNTANSI (NK),Sarjana,45,745,16.555555555555557,85,85,Tidak Ada
142,UNIVERSITAS NEGERI PADANG,Akademik,11421046,EKONOMI PEMBANGUNAN (NK),Sarjana,40,320,8.0,87,87,Tidak Ada
142,UNIVERSITAS NEGERI PADANG,Akademik,11421047,PENDD. KESEJAHTERAAN KELUARGA,Sarjana,36,226,6.277777777777778,80,80,Tidak Ada
142,UNIVERSITAS NEGERI PADANG,Akademik,11421049,"PENDIDIKAN JASMANI, KESEHATAN, DAN REKREASI",Sarjana,120,537,4.475,75,75,Olahraga
142,UNIVERSITAS NEGERI PADANG,Akademik,11421050,PENDD. KEPELATIHAN OLAHRAGA,Sarjana,96,275,2.8645833333333335,80,80,Olahraga
142,UNIVERSITAS NEGERI PADANG,Akademik,11421051,GEOGRAFI (NK),Sarjana,36,174,4.833333333333333,80,80,Tidak Ada
142,UNIVERSITAS NEGERI PADANG,Akademik,11421053,DESAIN KOMUNIKASI VISUAL,Sarjana,40,255,6.375,82,82,"Seni Rupa, Desain, dan Kriya"
142,UNIVERSITAS NEGERI PADANG,Akademik,11421054,PENDIDIKAN BAHASA JEPANG,Sarjana,27,107,3.962962962962963,80,80,Tidak Ada
142,UNIVERSITAS NEGERI PADANG,Akademik,11421055,PENDIDIKAN MUSIK,Sarjana,21,52,2.4761904761904763,78,78,Musik
142,UNIVERSITAS NEGERI PADANG,Akademik,11421056,PENDIDIKAN AGAMA ISLAM,Sarjana,42,576,13.714285714285714,86,86,Tidak Ada
142,UNIVERSITAS NEGERI PADANG,Akademik,11421057,PERPUSTAKAAN DAN ILMU INFORMASI,Sarjana,33,319,9.666666666666666,86,86,Tidak Ada
142,UNIVERSITAS NEGERI PADANG,Akademik,11421058,PENDIDIKAN TARI,Sarjana,23,124,5.391304347826087,84,84,Tari
142,UNIVERSITAS NEGERI PADANG,Akademik,11421078,AGRIBISNIS (KAMPUS KABUPATEN SIJUNJUNG),Sarjana,30,132,4.4,78,78,Tidak Ada
142,UNIVERSITAS NEGERI PADANG,Akademik,11421079,AGROTEKNOLOGI (KAMPUS KABUPATEN SIJUNJUNG),Sarjana,30,86,2.8666666666666667,82,82,Tidak Ada
142,UNIVERSITAS NEGERI PADANG,Akademik,11421080,PETERNAKAN (KAMPUS KABUPATEN SIJUNJUNG),Sarjana,15,35,2.3333333333333335,79,79,Tidak Ada
142,UNIVERSITAS NEGERI PADANG,Akademik,11421081,ILMU HUKUM,Sarjana,28,581,20.75,90,90,Tidak Ada
142,UNIVERSITAS NEGERI PADANG,Akademik,11421082,ILMU KOMUNIKASI,Sarjana,28,649,23.178571428571427,92,92,Tidak Ada
142,UNIVERSITAS NEGERI PADANG,Akademik,11421083,TEKNIK GEOLOGI,Sarjana,16,349,21.8125,90,90,Tidak Ada
142,UNIVERSITAS NEGERI PADANG,Akademik,11421084,PARIWISATA,Sarjana,24,501,20.875,91,91,Tidak Ada
142,UNIVERSITAS NEGERI PADANG,Akademik,11421085,TEKNIK ELEKTRO,Sarjana,18,280,15.555555555555555,88,88,Tidak Ada
142,UNIVERSITAS NEGERI PADANG,Akademik,11421086,BISNIS DIGITAL,Sarjana,28,466,16.642857142857142,88,88,Tidak Ada
142,UNIVERSITAS NEGERI PADANG,Akademik,11421087,KEPERAWATAN,Sarjana,28,799,28.535714285714285,95,95,Tidak Ada
142,UNIVERSITAS NEGERI PADANG,Akademik,11421088,KEDOKTERAN,Sarjana,10,542,54.2,88,88,Tidak Ada
142,UNIVERSITAS NEGERI PADANG,Akademik,11421089,PENDIDIKAN ILMU PENGETAHUAN SOSIAL (PIPS),Sarjana,45,232,5.155555555555556,84,84,Tidak Ada
142,UNIVERSITAS NEGERI PADANG,Akademik,11421090,PENDIDIKAN GURU SEKOLAH DASAR - PSDKU SAWAHLUNTO,Sarjana,20,217,10.85,86,86,Tidak Ada
142,UNIVERSITAS NEGERI PADANG,Akademik,11421091,PENDIDIKAN GURU PENDIDIKAN ANAK USIA DINI - PSDKU SAWAHLUNTO,Sarjana,15,24,1.6,78,78,Tidak Ada
142,UNIVERSITAS NEGERI PADANG,Akademik,11421092,KEDOKTERAN HEWAN,Sarjana,15,178,11.866666666666667,87,87,Tidak Ada
142,UNIVERSITAS NEGERI PADANG,Akademik,11421093,PENDIDIKAN VOKASIONAL SENI KULINER,Sarjana,24,134,5.583333333333333,83,83,Tidak Ada
142,UNIVERSITAS NEGERI PADANG,Akademik,11421094,PENDIDIKAN VOKASIONAL DESAIN FASHION,Sarjana,24,185,7.708333333333333,86,86,Tidak Ada
142,UNIVERSITAS NEGERI PADANG,Akademik,11421095,ILMU LINGKUNGAN,Sarjana,24,97,4.041666666666667,76,76,Tidak Ada
142,UNIVERSITAS NEGERI PADANG,Akademik,11421096,ILMU AKTUARIA,Sarjana,21,97,4.619047619047619,82,82,Tidak Ada
142,UNIVERSITAS NEGERI PADANG,Akademik,11421097,MANAJEMEN BISNIS SYARIAH,Sarjana,27,212,7.851851851851852,82,82,Tidak Ada
142,UNIVERSITAS NEGERI PADANG,Akademik,11421098,EKONOMI DAN KEUANGAN ISLAM,Sarjana,21,92,4.380952380952381,82,82,Tidak Ada
142,UNIVERSITAS NEGERI PADANG,Akademik,11421102,ANTROPOLOGI,Sarjana,21,71,3.380952380952381,79,79,Tidak Ada
142,UNIVERSITAS NEGERI PADANG,Akademik,11422017,TEKNIK ELEKTRO INDUSTRI (NK),Sarjana Terapan,30,132,4.4,75,75,Tidak Ada
142,UNIVERSITAS NEGERI PADANG,Akademik,11422022,ANIMASI,Sarjana Terapan,15,97,6.466666666666667,86,86,Tidak Ada
142,UNIVERSITAS NEGERI PADANG,Akademik,11422048,PENDIDIKAN TATA RIAS DAN KECANTIKAN,Sarjana Terapan,51,282,5.529411764705882,87,87,Tidak Ada
142,UNIVERSITAS NEGERI PADANG,Akademik,11422052,MANAJEMEN PERHOTELAN (NK),Sarjana Terapan,55,320,5.818181818181818,84,84,Tidak Ada
142,UNIVERSITAS NEGERI PADANG,Akademik,11422076,PENGINDERAAN JAUH DAN SISTEM INFORMASI GEOGRAFIS,Sarjana Terapan,24,73,3.0416666666666665,80,80,Tidak Ada
142,UNIVERSITAS NEGERI PADANG,Akademik,11422077,TEKNOLOGI REKAYASA SISTEM ELEKTRONIKA,Sarjana Terapan,24,43,1.7916666666666667,77,77,Tidak Ada
142,UNIVERSITAS NEGERI PADANG,Akademik,11422099,MANAJEMEN PERHOTELAN PSDKU PAYAKUMBUH,Sarjana Terapan,18,19,1.0555555555555556,75,75,Tidak Ada
142,UNIVERSITAS NEGERI PADANG,Akademik,11422100,TEKNOLOGI KOSMETIK,Sarjana Terapan,9,31,3.4444444444444446,81,81,Tidak Ada
142,UNIVERSITAS NEGERI PADANG,Akademik,11423059,TEKNIK SIPIL BANGUNAN GEDUNG,Diploma Tiga,21,47,2.238095238095238,75,75,Tidak Ada
142,UNIVERSITAS NEGERI PADANG,Akademik,11423060,MANAJEMEN PAJAK,Diploma Tiga,36,210,5.833333333333333,84,84,Tidak Ada
142,UNIVERSITAS NEGERI PADANG,Akademik,11423062,"INFORMASI, PERPUSTAKAAN & KEARSIPAN",Diploma Tiga,24,138,5.75,83,83,Tidak Ada
142,UNIVERSITAS NEGERI PADANG,Akademik,11423063,TEKNIK LISTRIK,Diploma Tiga,24,57,2.375,82,82,Tidak Ada
142,UNIVERSITAS NEGERI PADANG,Akademik,11423064,TATA BOGA,Diploma Tiga,36,303,8.416666666666666,82,82,Tidak Ada
142,UNIVERSITAS NEGERI PADANG,Akademik,11423065,TEKNIK OTOMOTIF (KAMPUS KABUPATEN SAWAHLUNTO),Diploma Tiga,15,3,0.2,79,79,Tidak Ada
142,UNIVERSITAS NEGERI PADANG,Akademik,11423066,KEPERAWATAN PSDKU PARIAMAN,Diploma Tiga,69,254,3.681159420289855,82,82,Tidak Ada
142,UNIVERSITAS NEGERI PADANG,Akademik,11423068,TEKNIK PERTAMBANGAN,Diploma Tiga,20,262,13.1,88,88,Tidak Ada
142,UNIVERSITAS NEGERI PADANG,Akademik,11423069,MANAJEMEN PERDAGANGAN,Diploma Tiga,36,120,3.3333333333333335,80,80,Tidak Ada
142,UNIVERSITAS NEGERI PADANG,Akademik,11423070,AKUNTANSI,Diploma Tiga,36,147,4.083333333333333,77,77,Tidak Ada
142,UNIVERSITAS NEGERI PADANG,Akademik,11423071,TEKNIK OTOMOTIF,Diploma Tiga,24,129,5.375,81,81,Tidak Ada
142,UNIVERSITAS NEGERI PADANG,Akademik,11423072,TEKNIK MESIN,Diploma Tiga,27,100,3.7037037037037037,79,79,Tidak Ada
142,UNIVERSITAS NEGERI PADANG,Akademik,11423073,STATISTIKA,Diploma Tiga,16,25,1.5625,75,75,Tidak Ada
142,UNIVERSITAS NEGERI PADANG,Akademik,11423074,TEKNIK PERTAMBANGAN (KAMPUS KABUPATEN SAWAHLUNTO),Diploma Tiga,20,61,3.05,81,81,Tidak Ada
142,UNIVERSITAS NEGERI PADANG,Akademik,11423075,TATA BUSANA,Diploma Tiga,24,154,6.416666666666667,83,83,Tidak Ada
142,UNIVERSITAS NEGERI PADANG,Akademik,11423101,TATA BOGA PSDKU PAYAKUMBUH,Diploma Tiga,12,14,1.1666666666666667,75,75,Tidak Ada
143,ISI PADANG PANJANG,Akademik,11431001,SENI KARAWITAN,Sarjana,30,25,0.8333333333333334,79,79,Seni Karawitan
143,ISI PADANG PANJANG,Akademik,11431002,SENI TARI,Sarjana,58,114,1.9655172413793103,77,77,Tari
143,ISI PADANG PANJANG,Akademik,11431003,SENI MUSIK,Sarjana,40,66,1.65,80,80,Musik
143,ISI PADANG PANJANG,Akademik,11431004,SENI TEATER,Sarjana,15,10,0.6666666666666666,82,82,Teater
143,ISI PADANG PANJANG,Akademik,11431005,SENI KRIYA,Sarjana,20,7,0.35,82,82,"Seni Rupa, Desain, dan Kriya"
143,ISI PADANG PANJANG,Akademik,11431006,TV DAN FILM,Sarjana,60,80,1.3333333333333333,79,79,Film dan Televisi
143,ISI PADANG PANJANG,Akademik,11431007,SENI MURNI,Sarjana,20,14,0.7,78,78,"Seni Rupa, Desain, dan Kriya"
143,ISI PADANG PANJANG,Akademik,11431008,FOTOGRAFI,Sarjana,45,37,0.8222222222222222,79,79,Fotografi
143,ISI PADANG PANJANG,Akademik,11431009,DESAIN DAN KOMUNIKASI VISUAL,Sarjana,80,155,1.9375,80,80,"Seni Rupa, Desain, dan Kriya"
143,ISI PADANG PANJANG,Akademik,11431010,ANTROPOLOGI BUDAYA,Sarjana,30,16,0.5333333333333333,80,80,Tidak Ada
143,ISI PADANG PANJANG,Akademik,11431011,PENDIDIKAN KRIYA,Sarjana,20,10,0.5,75,75,"Seni Rupa, Desain, dan Kriya"
143,ISI PADANG PANJANG,Akademik,11431013,DESAIN PRODUK,Sarjana,25,18,0.72,78,78,"Seni Rupa, Desain, dan Kriya"
143,ISI PADANG PANJANG,Akademik,11431014,PARIWISATA,Sarjana,60,87,1.45,79,79,Tidak Ada
143,ISI PADANG PANJANG,Akademik,11431015,HUMANITAS,Sarjana,15,5,0.3333333333333333,78,78,Tidak Ada
143,ISI PADANG PANJANG,Akademik,11431016,PENDIDIKAN VOKASIONAL TATA RIAS,Sarjana,30,94,3.1333333333333333,80,80,Tidak Ada
143,ISI PADANG PANJANG,Akademik,11431022,KEWIRAUSAHAAN,Sarjana,20,20,1.0,76,76,Tidak Ada
143,ISI PADANG PANJANG,Akademik,11432012,DESAIN MODE,Sarjana Terapan,60,75,1.25,78,78,"Seni Rupa, Desain, dan Kriya"
143,ISI PADANG PANJANG,Akademik,11432017,MUSIK FILM,Sarjana Terapan,15,1,0.06666666666666667,76,76,Musik
143,ISI PADANG PANJANG,Akademik,11432018,TARI MELAYU,Sarjana Terapan,15,1,0.06666666666666667,76,76,Tari
143,ISI PADANG PANJANG,Akademik,11432019,TARI MINANG,Sarjana Terapan,10,3,0.3,78,78,Tari
143,ISI PADANG PANJANG,Akademik,11432020,ANIMASI,Sarjana Terapan,30,24,0.8,82,82,"Seni Rupa, Desain, dan Kriya"
143,ISI PADANG PANJANG,Akademik,11432021,PRODUKSI MEDIA,Sarjana Terapan,15,4,0.26666666666666666,75,75,Tidak Ada
151,UNIVERSITAS JAMBI,Akademik,11511001,PEND. KIMIA,Sarjana,22,67,3.0454545454545454,80,80,Tidak Ada
151,UNIVERSITAS JAMBI,Akademik,11511002,PEND. MATEMATIKA,Sarjana,40,225,5.625,83,83,Tidak Ada
151,UNIVERSITAS JAMBI,Akademik,11511003,PEND. FISIKA,Sarjana,22,81,3.6818181818181817,78,78,Tidak Ada
151,UNIVERSITAS JAMBI,Akademik,11511004,PEND. BIOLOGI,Sarjana,40,196,4.9,78,78,Tidak Ada
151,UNIVERSITAS JAMBI,Akademik,11511005,AGROEKOTEKNOLOGI,Sarjana,75,263,3.506666666666667,78,78,Tidak Ada
151,UNIVERSITAS JAMBI,Akademik,11511006,AGRIBISNIS,Sarjana,73,385,5.273972602739726,86,86,Tidak Ada
151,UNIVERSITAS JAMBI,Akademik,11511007,TEKNOLOGI HASIL PERTANIAN,Sarjana,30,120,4.0,75,75,Tidak Ada
151,UNIVERSITAS JAMBI,Akademik,11511008,PEND. OLAHRAGA & KESEHATAN,Sarjana,50,240,4.8,76,76,Olahraga
151,UNIVERSITAS JAMBI,Akademik,11511009,KEHUTANAN,Sarjana,40,214,5.35,82,82,Tidak Ada
151,UNIVERSITAS JAMBI,Akademik,11511010,PETERNAKAN,Sarjana,75,187,2.493333333333333,76,76,Tidak Ada
151,UNIVERSITAS JAMBI,Akademik,11511011,KEDOKTERAN,Sarjana,38,850,22.36842105263158,89,89,Tidak Ada
151,UNIVERSITAS JAMBI,Akademik,11511012,KIMIA,Sarjana,25,58,2.32,75,75,Tidak Ada
151,UNIVERSITAS JAMBI,Akademik,11511017,ILMU KEPERAWATAN,Sarjana,50,566,11.32,87,87,Tidak Ada
151,UNIVERSITAS JAMBI,Akademik,11511018,FARMASI,Sarjana,23,876,38.08695652173913,88,88,Tidak Ada
151,UNIVERSITAS JAMBI,Akademik,11511019,PEMANFAATAN SUMBERDAYA PERIKANAN,Sarjana,42,40,0.9523809523809523,77,77,Tidak Ada
151,UNIVERSITAS JAMBI,Akademik,11511020,SISTEM INFORMASI,Sarjana,23,668,29.043478260869566,93,93,Tidak Ada
151,UNIVERSITAS JAMBI,Akademik,11511021,TEKNIK PERTAMBANGAN,Sarjana,25,643,25.72,95,95,Tidak Ada
151,UNIVERSITAS JAMBI,Akademik,11511022,TEKNIK GEOLOGI,Sarjana,25,171,6.84,83,83,Tidak Ada
151,UNIVERSITAS JAMBI,Akademik,11511023,BIOLOGI,Sarjana,25,76,3.04,75,75,Tidak Ada
151,UNIVERSITAS JAMBI,Akademik,11511024,FISIKA,Sarjana,20,22,1.1,79,79,Tidak Ada
151,UNIVERSITAS JAMBI,Akademik,11511025,MATEMATIKA,Sarjana,27,80,2.962962962962963,75,75,Tidak Ada
151,UNIVERSITAS JAMBI,Akademik,11511026,ILMU KESEHATAN MASYARAKAT,Sarjana,45,769,17.08888888888889,86,86,Tidak Ada
151,UNIVERSITAS JAMBI,Akademik,11511027,TEKNIK LINGKUNGAN,Sarjana,25,178,7.12,81,81,Tidak Ada
151,UNIVERSITAS JAMBI,Akademik,11511028,PENDIDIKAN KEPELATIHAN OLAHRAGA,Sarjana,25,78,3.12,75,75,Olahraga
151,UNIVERSITAS JAMBI,Akademik,11511029,TEKNIK ELEKTRO,Sarjana,17,141,8.294117647058824,83,83,Tidak Ada
151,UNIVERSITAS JAMBI,Akademik,11511030,TEKNIK GEOFISIKA,Sarjana,15,55,3.6666666666666665,76,76,Tidak Ada
151,UNIVERSITAS JAMBI,Akademik,11511031,TEKNIK KIMIA,Sarjana,31,126,4.064516129032258,77,77,Tidak Ada
151,UNIVERSITAS JAMBI,Akademik,11511032,TEKNIK SIPIL,Sarjana,30,270,9.0,86,86,Tidak Ada
151,UNIVERSITAS JAMBI,Akademik,11511033,TEKNIK PERTANIAN,Sarjana,20,216,10.8,90,90,Tidak Ada
151,UNIVERSITAS JAMBI,Akademik,11511034,TEKNOLOGI INDUSTRI PERTANIAN,Sarjana,20,106,5.3,84,84,Tidak Ada
151,UNIVERSITAS JAMBI,Akademik,11511035,PEND. EKONOMI,Sarjana,35,212,6.057142857142857,82,82,Tidak Ada
151,UNIVERSITAS JAMBI,Akademik,11511036,"PEND. BAHASA, SASTRA INDONESIA & DAERAH",Sarjana,42,365,8.69047619047619,83,83,Tidak Ada
151,UNIVERSITAS JAMBI,Akademik,11511037,PEND. BAHASA INGGRIS,Sarjana,35,306,8.742857142857142,80,80,Tidak Ada
151,UNIVERSITAS JAMBI,Akademik,11511038,ILMU HUKUM,Sarjana,133,751,5.646616541353383,81,81,Tidak Ada
151,UNIVERSITAS JAMBI,Akademik,11511039,ILMU EKONOMI PEMBANGUNAN,Sarjana,50,317,6.34,82,82,Tidak Ada
151,UNIVERSITAS JAMBI,Akademik,11511040,MANAJEMEN,Sarjana,50,948,18.96,90,90,Tidak Ada
151,UNIVERSITAS JAMBI,Akademik,11511041,AKUNTANSI,Sarjana,45,757,16.822222222222223,88,88,Tidak Ada
151,UNIVERSITAS JAMBI,Akademik,11511042,PEND. GURU SEKOLAH DASAR,Sarjana,50,1169,23.38,91,91,Tidak Ada
151,UNIVERSITAS JAMBI,Akademik,11511043,BIMBINGAN DAN KONSELING,Sarjana,35,464,13.257142857142858,85,85,Tidak Ada
151,UNIVERSITAS JAMBI,Akademik,11511044,PENDIDIKAN GURU PAUD,Sarjana,30,206,6.866666666666666,81,81,Tidak Ada
151,UNIVERSITAS JAMBI,Akademik,11511045,PENDIDIKAN BAHASA ARAB,Sarjana,25,56,2.24,79,79,Tidak Ada
151,UNIVERSITAS JAMBI,Akademik,11511046,PENDIDIKAN SEJARAH,Sarjana,30,196,6.533333333333333,81,81,Tidak Ada
151,UNIVERSITAS JAMBI,Akademik,11511047,SASTRA INDONESIA,Sarjana,25,85,3.4,76,76,Tidak Ada
151,UNIVERSITAS JAMBI,Akademik,11511048,PSIKOLOGI,Sarjana,32,495,15.46875,90,90,Tidak Ada
151,UNIVERSITAS JAMBI,Akademik,11511049,ILMU PEMERINTAHAN,Sarjana,38,281,7.394736842105263,86,86,Tidak Ada
151,UNIVERSITAS JAMBI,Akademik,11511050,EKONOMI ISLAM,Sarjana,38,149,3.9210526315789473,80,80,Tidak Ada
151,UNIVERSITAS JAMBI,Akademik,11511051,ARKEOLOGI,Sarjana,20,57,2.85,78,78,Tidak Ada
151,UNIVERSITAS JAMBI,Akademik,11511052,PENDIDIKAN PANCASILA DAN KEWARGANEGARAAN,Sarjana,32,281,8.78125,80,80,Tidak Ada
151,UNIVERSITAS JAMBI,Akademik,11511053,ILMU SEJARAH,Sarjana,25,69,2.76,79,79,Tidak Ada
151,UNIVERSITAS JAMBI,Akademik,11511054,ADMINISTRASI PENDIDIKAN,Sarjana,30,143,4.766666666666667,82,82,Tidak Ada
151,UNIVERSITAS JAMBI,Akademik,11511055,ILMU POLITIK,Sarjana,33,103,3.121212121212121,76,76,Tidak Ada
151,UNIVERSITAS JAMBI,Akademik,11511056,SENI DRAMA TARI DAN MUSIK,Sarjana,17,45,2.6470588235294117,77,77,Sendratasik
151,UNIVERSITAS JAMBI,Akademik,11511059,BISNIS DIGITAL,Sarjana,27,227,8.407407407407407,82,82,Tidak Ada
151,UNIVERSITAS JAMBI,Akademik,11511068,KEWIRAUSAHAAN,Sarjana,25,138,5.52,83,83,Tidak Ada
151,UNIVERSITAS JAMBI,Akademik,11511069,INFORMATIKA,Sarjana,20,416,20.8,91,91,Tidak Ada
151,UNIVERSITAS JAMBI,Akademik,11511070,SENI KARAWITAN,Sarjana,5,0,0.0,78,78,Seni Karawitan
151,UNIVERSITAS JAMBI,Akademik,11511071,SILVIKULTUR,Sarjana,15,0,0.0,75,75,Tidak Ada
151,UNIVERSITAS JAMBI,Akademik,11511072,TEKNOLOGI HASIL PERIKANAN,Sarjana,10,0,0.0,78,78,Tidak Ada
151,UNIVERSITAS JAMBI,Akademik,11511073,ILMU LINGKUNGAN,Sarjana,10,0,0.0,75,75,Tidak Ada
151,UNIVERSITAS JAMBI,Akademik,11511074,GIZI,Sarjana,8,0,0.0,81,81,Tidak Ada
151,UNIVERSITAS JAMBI,Akademik,11511075,KESEHATAN LINGKUNGAN,Sarjana,8,0,0.0,79,79,Tidak Ada
151,UNIVERSITAS JAMBI,Akademik,11512057,KEUANGAN DAERAH,Sarjana Terapan,20,30,1.5,78,78,Tidak Ada
151,UNIVERSITAS JAMBI,Akademik,11512058,MANAJEMEN PEMERINTAHAN,Sarjana Terapan,20,53,2.65,77,77,Tidak Ada
151,UNIVERSITAS JAMBI,Akademik,11513060,AKUNTANSI,Diploma Tiga,20,28,1.4,75,75,Tidak Ada
151,UNIVERSITAS JAMBI,Akademik,11513061,AGROBISNIS,Diploma Tiga,10,11,1.1,76,76,Tidak Ada
151,UNIVERSITAS JAMBI,Akademik,11513062,TEKNOLOGI HASIL PERIKANAN,Diploma Tiga,8,6,0.75,77,77,Tidak Ada
151,UNIVERSITAS JAMBI,Akademik,11513063,KESEHATAN HEWAN,Diploma Tiga,28,26,0.9285714285714286,77,77,Tidak Ada
151,UNIVERSITAS JAMBI,Akademik,11513064,ANALIS KIMIA,Diploma Tiga,10,14,1.4,79,79,Tidak Ada
151,UNIVERSITAS JAMBI,Akademik,11513065,PERPAJAKAN,Diploma Tiga,20,46,2.3,82,82,Tidak Ada
151,UNIVERSITAS JAMBI,Akademik,11513066,MANAJEMEN PEMASARAN,Diploma Tiga,20,31,1.55,78,78,Tidak Ada
151,UNIVERSITAS JAMBI,Akademik,11513067,KIMIA INDUSTRI,Diploma Tiga,10,12,1.2,77,77,Tidak Ada
161,UNIVERSITAS BENGKULU,Akademik,11611001,AGROEKOTEKNOLOGI,Sarjana,24,198,8.25,82,82,Tidak Ada
161,UNIVERSITAS BENGKULU,Akademik,11611002,KEHUTANAN,Sarjana,23,155,6.739130434782608,86,86,Tidak Ada
161,UNIVERSITAS BENGKULU,Akademik,11611003,PETERNAKAN,Sarjana,32,115,3.59375,81,81,Tidak Ada
161,UNIVERSITAS BENGKULU,Akademik,11611004,AGRIBISNIS,Sarjana,26,267,10.26923076923077,90,90,Tidak Ada
161,UNIVERSITAS BENGKULU,Akademik,11611005,TEKNOLOGI INDUSTRI PERTANIAN,Sarjana,24,233,9.708333333333334,84,84,Tidak Ada
161,UNIVERSITAS BENGKULU,Akademik,11611006,PENDIDIKAN FISIKA,Sarjana,18,69,3.8333333333333335,75,75,Tidak Ada
161,UNIVERSITAS BENGKULU,Akademik,11611007,PENDIDIKAN BIOLOGI,Sarjana,16,194,12.125,88,88,Tidak Ada
161,UNIVERSITAS BENGKULU,Akademik,11611008,PENDIDIKAN KIMIA,Sarjana,16,101,6.3125,83,83,Tidak Ada
161,UNIVERSITAS BENGKULU,Akademik,11611009,PENDIDIKAN MATEMATIKA,Sarjana,20,200,10.0,85,85,Tidak Ada
161,UNIVERSITAS BENGKULU,Akademik,11611010,MATEMATIKA,Sarjana,16,70,4.375,81,81,Tidak Ada
161,UNIVERSITAS BENGKULU,Akademik,11611011,FISIKA,Sarjana,16,38,2.375,76,76,Tidak Ada
161,UNIVERSITAS BENGKULU,Akademik,11611012,BIOLOGI,Sarjana,19,100,5.2631578947368425,86,86,Tidak Ada
161,UNIVERSITAS BENGKULU,Akademik,11611013,KIMIA,Sarjana,19,53,2.789473684210526,82,82,Tidak Ada
161,UNIVERSITAS BENGKULU,Akademik,11611014,INFORMATIKA,Sarjana,24,505,21.041666666666668,92,92,Tidak Ada
161,UNIVERSITAS BENGKULU,Akademik,11611015,TEKNIK SIPIL,Sarjana,24,318,13.25,89,89,Tidak Ada
161,UNIVERSITAS BENGKULU,Akademik,11611016,TEKNIK MESIN,Sarjana,20,159,7.95,81,81,Tidak Ada
161,UNIVERSITAS BENGKULU,Akademik,11611017,TEKNIK ELEKTRO,Sarjana,20,151,7.55,87,87,Tidak Ada
161,UNIVERSITAS BENGKULU,Akademik,11611018,ILMU KELAUTAN,Sarjana,16,75,4.6875,79,79,Tidak Ada
161,UNIVERSITAS BENGKULU,Akademik,11611019,KEDOKTERAN,Sarjana,16,475,29.6875,88,88,Tidak Ada
161,UNIVERSITAS BENGKULU,Akademik,11611020,ILMU TANAH,Sarjana,10,55,5.5,86,86,Tidak Ada
161,UNIVERSITAS BENGKULU,Akademik,11611021,STATISTIKA,Sarjana,16,145,9.0625,86,86,Tidak Ada
161,UNIVERSITAS BENGKULU,Akademik,11611022,ARSITEKTUR,Sarjana,11,97,8.818181818181818,85,85,Tidak Ada
161,UNIVERSITAS BENGKULU,Akademik,11611023,SISTEM INFORMASI,Sarjana,18,318,17.666666666666668,86,86,Tidak Ada
161,UNIVERSITAS BENGKULU,Akademik,11611024,PROTEKSI TANAMAN,Sarjana,10,45,4.5,79,79,Tidak Ada
161,UNIVERSITAS BENGKULU,Akademik,11611025,FARMASI,Sarjana,16,552,34.5,90,90,Tidak Ada
161,UNIVERSITAS BENGKULU,Akademik,11611026,GEOFISIKA,Sarjana,16,97,6.0625,87,87,Tidak Ada
161,UNIVERSITAS BENGKULU,Akademik,11611027,PENDIDIKAN IPA,Sarjana,16,152,9.5,80,80,Tidak Ada
161,UNIVERSITAS BENGKULU,Akademik,11611028,HUKUM,Sarjana,90,769,8.544444444444444,86,86,Tidak Ada
161,UNIVERSITAS BENGKULU,Akademik,11611029,KESEJAHTERAAN SOSIAL,Sarjana,17,127,7.470588235294118,86,86,Tidak Ada
161,UNIVERSITAS BENGKULU,Akademik,11611030,EKONOMI PEMBANGUNAN,Sarjana,24,220,9.166666666666666,83,83,Tidak Ada
161,UNIVERSITAS BENGKULU,Akademik,11611031,MANAJEMEN,Sarjana,40,823,20.575,88,88,Tidak Ada
161,UNIVERSITAS BENGKULU,Akademik,11611032,ADMINISTRASI PUBLIK,Sarjana,20,494,24.7,94,94,Tidak Ada
161,UNIVERSITAS BENGKULU,Akademik,11611033,SOSIOLOGI,Sarjana,20,212,10.6,88,88,Tidak Ada
161,UNIVERSITAS BENGKULU,Akademik,11611034,ILMU KOMUNIKASI,Sarjana,24,435,18.125,88,88,Tidak Ada
161,UNIVERSITAS BENGKULU,Akademik,11611035,AKUNTANSI,Sarjana,40,646,16.15,86,86,Tidak Ada
161,UNIVERSITAS BENGKULU,Akademik,11611036,PENDIDIKAN NONFORMAL,Sarjana,16,46,2.875,80,80,Tidak Ada
161,UNIVERSITAS BENGKULU,Akademik,11611037,PENDIDIKAN BAHASA INDONESIA,Sarjana,14,440,31.428571428571427,95,95,Tidak Ada
161,UNIVERSITAS BENGKULU,Akademik,11611038,PENDIDIKAN BAHASA INGGRIS,Sarjana,27,316,11.703703703703704,89,89,Tidak Ada
161,UNIVERSITAS BENGKULU,Akademik,11611039,PENDIDIKAN GURU SEKOLAH DASAR,Sarjana,32,1022,31.9375,89,89,Tidak Ada
161,UNIVERSITAS BENGKULU,Akademik,11611040,PENDIDIKAN GURU PENDIDIKAN ANAK USIA DINI,Sarjana,18,221,12.277777777777779,88,88,Tidak Ada
161,UNIVERSITAS BENGKULU,Akademik,11611041,PENDIDIKAN JASMANI,Sarjana,20,213,10.65,85,85,Olahraga
161,UNIVERSITAS BENGKULU,Akademik,11611042,BIMBINGAN DAN KONSELING,Sarjana,16,432,27.0,95,95,Tidak Ada
161,UNIVERSITAS BENGKULU,Akademik,11611043,ILMU PERPUSTAKAAN,Sarjana,15,137,9.133333333333333,87,87,Tidak Ada
161,UNIVERSITAS BENGKULU,Akademik,11611044,JURNALISTIK,Sarjana,16,91,5.6875,82,82,Tidak Ada
161,UNIVERSITAS BENGKULU,Akademik,11611055,ILMU LINGKUNGAAN,Sarjana,13,64,4.923076923076923,76,76,Tidak Ada
161,UNIVERSITAS BENGKULU,Akademik,11611056,TEKNIK INDUSTRI,Sarjana,8,0,0.0,77,77,Tidak Ada
161,UNIVERSITAS BENGKULU,Akademik,11611057,SAINS PERIKANAN,Sarjana,12,0,0.0,75,75,Tidak Ada
161,UNIVERSITAS BENGKULU,Akademik,11611058,PENYULUHAN PERTANIAN,Sarjana,10,0,0.0,75,75,Tidak Ada
161,UNIVERSITAS BENGKULU,Akademik,11611059,NUTRISI DAN TEKNOLOGI PAKAN TERNAK,Sarjana,12,0,0.0,81,81,Tidak Ada
161,UNIVERSITAS BENGKULU,Akademik,11611060,KEBIDANAN,Sarjana,8,0,0.0,78,78,Tidak Ada
161,UNIVERSITAS BENGKULU,Akademik,11613047,FARMASI,Diploma Tiga,18,241,13.38888888888889,90,90,Tidak Ada
161,UNIVERSITAS BENGKULU,Akademik,11613048,LABORATORIUM SAINS,Diploma Tiga,16,80,5.0,85,85,Tidak Ada
161,UNIVERSITAS BENGKULU,Akademik,11613049,KEBIDANAN,Diploma Tiga,24,409,17.041666666666668,90,90,Tidak Ada
161,UNIVERSITAS BENGKULU,Akademik,11613052,KEPERAWATAN,Diploma Tiga,24,594,24.75,93,93,Tidak Ada
161,UNIVERSITAS BENGKULU,Akademik,11613054,AKUNTANSI,Diploma Tiga,21,46,2.1904761904761907,81,81,Tidak Ada
171,UNIVERSITAS SRIWIJAYA,Akademik,11711001,TEKNIK SIPIL,Sarjana,35,667,19.057142857142857,89,89,Tidak Ada
171,UNIVERSITAS SRIWIJAYA,Akademik,11711002,TEKNIK PERTAMBANGAN,Sarjana,35,1557,44.48571428571429,90,90,Tidak Ada
171,UNIVERSITAS SRIWIJAYA,Akademik,11711003,TEKNIK KIMIA,Sarjana,35,423,12.085714285714285,89,89,Tidak Ada
171,UNIVERSITAS SRIWIJAYA,Akademik,11711004,TEKNIK MESIN,Sarjana,35,509,14.542857142857143,86,86,Tidak Ada
171,UNIVERSITAS SRIWIJAYA,Akademik,11711005,TEKNIK ELEKTRO,Sarjana,35,478,13.657142857142857,87,87,Tidak Ada
171,UNIVERSITAS SRIWIJAYA,Akademik,11711006,PENDIDIKAN DOKTER,Sarjana,50,1127,22.54,92,92,Tidak Ada
171,UNIVERSITAS SRIWIJAYA,Akademik,11711007,PENDIDIKAN DOKTER GIGI,Sarjana,16,592,37.0,88,88,Tidak Ada
171,UNIVERSITAS SRIWIJAYA,Akademik,11711008,MATEMATIKA,Sarjana,36,160,4.444444444444445,79,79,Tidak Ada
171,UNIVERSITAS SRIWIJAYA,Akademik,11711009,FISIKA,Sarjana,36,96,2.6666666666666665,78,78,Tidak Ada
171,UNIVERSITAS SRIWIJAYA,Akademik,11711010,KIMIA,Sarjana,36,149,4.138888888888889,75,75,Tidak Ada
171,UNIVERSITAS SRIWIJAYA,Akademik,11711011,BIOLOGI,Sarjana,36,207,5.75,86,86,Tidak Ada
171,UNIVERSITAS SRIWIJAYA,Akademik,11711012,AGRIBISNIS,Sarjana,65,526,8.092307692307692,80,80,Tidak Ada
171,UNIVERSITAS SRIWIJAYA,Akademik,11711013,TEKNOLOGI HASIL PERTANIAN,Sarjana,34,247,7.264705882352941,87,87,Tidak Ada
171,UNIVERSITAS SRIWIJAYA,Akademik,11711014,TEKNIK PERTANIAN,Sarjana,34,442,13.0,87,87,Tidak Ada
171,UNIVERSITAS SRIWIJAYA,Akademik,11711015,PEND. MATEMATIKA,Sarjana,24,397,16.541666666666668,88,88,Tidak Ada
171,UNIVERSITAS SRIWIJAYA,Akademik,11711016,PEND BIOLOGI,Sarjana,20,404,20.2,94,94,Tidak Ada
171,UNIVERSITAS SRIWIJAYA,Akademik,11711017,PEND. KIMIA,Sarjana,20,208,10.4,90,90,Tidak Ada
171,UNIVERSITAS SRIWIJAYA,Akademik,11711018,PEND FISIKA,Sarjana,20,151,7.55,86,86,Tidak Ada
171,UNIVERSITAS SRIWIJAYA,Akademik,11711019,ILMU KESEHATAN MASYARAKAT,Sarjana,100,1204,12.04,85,85,Tidak Ada
171,UNIVERSITAS SRIWIJAYA,Akademik,11711020,ARSITEKTUR,Sarjana,22,284,12.909090909090908,87,87,Tidak Ada
171,UNIVERSITAS SRIWIJAYA,Akademik,11711021,ILMU KELAUTAN,Sarjana,36,142,3.9444444444444446,75,75,Tidak Ada
171,UNIVERSITAS SRIWIJAYA,Akademik,11711022,BUDIDAYA PERAIRAN,Sarjana,40,84,2.1,78,78,Tidak Ada
171,UNIVERSITAS SRIWIJAYA,Akademik,11711023,TEKNOLOGI HASIL PERIKANAN,Sarjana,40,88,2.2,77,77,Tidak Ada
171,UNIVERSITAS SRIWIJAYA,Akademik,11711024,ILMU KEPERAWATAN,Sarjana,30,1158,38.6,94,94,Tidak Ada
171,UNIVERSITAS SRIWIJAYA,Akademik,11711025,PEND TEKNIK MESIN,Sarjana,20,98,4.9,81,81,Tidak Ada
171,UNIVERSITAS SRIWIJAYA,Akademik,11711026,SISTEM KOMPUTER,Sarjana,40,560,14.0,85,85,Tidak Ada
171,UNIVERSITAS SRIWIJAYA,Akademik,11711027,TEKNIK INFORMATIKA,Sarjana,40,936,23.4,91,91,Tidak Ada
171,UNIVERSITAS SRIWIJAYA,Akademik,11711028,SISTEM INFORMASI,Sarjana,40,861,21.525,94,94,Tidak Ada
171,UNIVERSITAS SRIWIJAYA,Akademik,11711029,AGROEKOTEKNOLOGI,Sarjana,34,320,9.411764705882353,85,85,Tidak Ada
171,UNIVERSITAS SRIWIJAYA,Akademik,11711030,PETERNAKAN,Sarjana,40,131,3.275,77,77,Tidak Ada
171,UNIVERSITAS SRIWIJAYA,Akademik,11711031,FARMASI,Sarjana,30,1245,41.5,93,93,Tidak Ada
171,UNIVERSITAS SRIWIJAYA,Akademik,11711032,TEKNIK GEOLOGI,Sarjana,22,503,22.863636363636363,94,94,Tidak Ada
171,UNIVERSITAS SRIWIJAYA,Akademik,11711033,PSIKOLOGI,Sarjana,20,656,32.8,88,88,Tidak Ada
171,UNIVERSITAS SRIWIJAYA,Akademik,11711034,ILMU TANAH,Sarjana,40,177,4.425,79,79,Tidak Ada
171,UNIVERSITAS SRIWIJAYA,Akademik,11711035,AGRONOMI,Sarjana,40,157,3.925,77,77,Tidak Ada
171,UNIVERSITAS SRIWIJAYA,Akademik,11711036,PROTEKSI TANAMAN,Sarjana,40,160,4.0,80,80,Tidak Ada
171,UNIVERSITAS SRIWIJAYA,Akademik,11711037,GIZI,Sarjana,40,890,22.25,94,94,Tidak Ada
171,UNIVERSITAS SRIWIJAYA,Akademik,11711038,KESEHATAN LINGKUNGAN,Sarjana,40,423,10.575,89,89,Tidak Ada
171,UNIVERSITAS SRIWIJAYA,Akademik,11711039,EKONOMI PEMBANGUNAN,Sarjana,45,387,8.6,87,87,Tidak Ada
171,UNIVERSITAS SRIWIJAYA,Akademik,11711040,ILMU HUKUM,Sarjana,103,1233,11.970873786407767,90,90,Tidak Ada
171,UNIVERSITAS SRIWIJAYA,Akademik,11711041,MANAJEMEN,Sarjana,45,1481,32.91111111111111,94,94,Tidak Ada
171,UNIVERSITAS SRIWIJAYA,Akademik,11711042,AKUNTANSI,Sarjana,45,1214,26.977777777777778,89,89,Tidak Ada
171,UNIVERSITAS SRIWIJAYA,Akademik,11711043,ADMINISTRASI PUBLIK,Sarjana,60,1081,18.016666666666666,87,87,Tidak Ada
171,UNIVERSITAS SRIWIJAYA,Akademik,11711044,SOSIOLOGI,Sarjana,92,433,4.706521739130435,77,77,Tidak Ada
171,UNIVERSITAS SRIWIJAYA,Akademik,11711045,PPKN,Sarjana,20,523,26.15,94,94,Tidak Ada
171,UNIVERSITAS SRIWIJAYA,Akademik,11711046,PEND SEJARAH,Sarjana,22,384,17.454545454545453,90,90,Tidak Ada
171,UNIVERSITAS SRIWIJAYA,Akademik,11711047,PEND EKONOMI,Sarjana,20,302,15.1,85,85,Tidak Ada
171,UNIVERSITAS SRIWIJAYA,Akademik,11711048,"PEND BHS, SATRA IND & DAERAH",Sarjana,20,532,26.6,94,94,Tidak Ada
171,UNIVERSITAS SRIWIJAYA,Akademik,11711049,PEND BHS INGGRIS,Sarjana,23,469,20.391304347826086,93,93,Tidak Ada
171,UNIVERSITAS SRIWIJAYA,Akademik,11711050,PENJASKES,Sarjana,25,255,10.2,89,89,Olahraga
171,UNIVERSITAS SRIWIJAYA,Akademik,11711051,BIMB & KONSELING,Sarjana,22,763,34.68181818181818,94,94,Tidak Ada
171,UNIVERSITAS SRIWIJAYA,Akademik,11711052,PGSD,Sarjana,26,1744,67.07692307692308,93,93,Tidak Ada
171,UNIVERSITAS SRIWIJAYA,Akademik,11711053,PAUD,Sarjana,20,232,11.6,86,86,Tidak Ada
171,UNIVERSITAS SRIWIJAYA,Akademik,11711054,ILMU KOMUNIKASI,Sarjana,59,831,14.084745762711865,88,88,Tidak Ada
171,UNIVERSITAS SRIWIJAYA,Akademik,11711055,PENDIDIKAN MASYARAKAT,Sarjana,20,158,7.9,82,82,Tidak Ada
171,UNIVERSITAS SRIWIJAYA,Akademik,11711056,ILMU HUBUNGAN INTERNASIONAL,Sarjana,59,364,6.169491525423729,85,85,Tidak Ada
171,UNIVERSITAS SRIWIJAYA,Akademik,11713057,AKUNTANSI,Diploma Tiga,62,143,2.306451612903226,80,80,Tidak Ada
171,UNIVERSITAS SRIWIJAYA,Akademik,11713058,TEKNIK KOMPUTER,Diploma Tiga,36,158,4.388888888888889,76,76,Tidak Ada
171,UNIVERSITAS SRIWIJAYA,Akademik,11713059,MANAJEMEN INFORMATIKA,Diploma Tiga,42,110,2.619047619047619,79,79,Tidak Ada
171,UNIVERSITAS SRIWIJAYA,Akademik,11713060,KOMPUTERISASI AKUNTANSI,Diploma Tiga,36,50,1.3888888888888888,78,78,Tidak Ada
171,UNIVERSITAS SRIWIJAYA,Akademik,11713061,KESEKRETARIATAN,Diploma Tiga,36,82,2.2777777777777777,81,81,Tidak Ada
181,UNIVERSITAS BANGKA BELITUNG,Akademik,11811001,TEKNIK MESIN,Sarjana,27,83,3.074074074074074,81,81,Tidak Ada
181,UNIVERSITAS BANGKA BELITUNG,Akademik,11811002,TEKNIK ELEKTRO,Sarjana,27,94,3.4814814814814814,79,79,Tidak Ada
181,UNIVERSITAS BANGKA BELITUNG,Akademik,11811003,TEKNIK PERTAMBANGAN,Sarjana,27,261,9.666666666666666,85,85,Tidak Ada
181,UNIVERSITAS BANGKA BELITUNG,Akademik,11811004,TEKNIK SIPIL,Sarjana,27,175,6.481481481481482,81,81,Tidak Ada
181,UNIVERSITAS BANGKA BELITUNG,Akademik,11811005,AGROTEKNOLOGI,Sarjana,32,179,5.59375,83,83,Tidak Ada
181,UNIVERSITAS BANGKA BELITUNG,Akademik,11811006,MANAJEMEN SUMBERDAYA PERAIRAN,Sarjana,35,47,1.3428571428571427,75,75,Tidak Ada
181,UNIVERSITAS BANGKA BELITUNG,Akademik,11811007,BIOLOGI,Sarjana,26,109,4.1923076923076925,75,75,Tidak Ada
181,UNIVERSITAS BANGKA BELITUNG,Akademik,11811008,AGRIBISNIS,Sarjana,42,220,5.238095238095238,81,81,Tidak Ada
181,UNIVERSITAS BANGKA BELITUNG,Akademik,11811009,AKUAKULTUR,Sarjana,45,74,1.6444444444444444,75,75,Tidak Ada
181,UNIVERSITAS BANGKA BELITUNG,Akademik,11811010,ILMU KELAUTAN,Sarjana,30,69,2.3,76,76,Tidak Ada
181,UNIVERSITAS BANGKA BELITUNG,Akademik,11811011,KIMIA,Sarjana,23,45,1.9565217391304348,76,76,Tidak Ada
181,UNIVERSITAS BANGKA BELITUNG,Akademik,11811012,FISIKA,Sarjana,13,23,1.7692307692307692,80,80,Tidak Ada
181,UNIVERSITAS BANGKA BELITUNG,Akademik,11811013,MATEMATIKA,Sarjana,32,60,1.875,82,82,Tidak Ada
181,UNIVERSITAS BANGKA BELITUNG,Akademik,11811014,AKUNTANSI,Sarjana,63,350,5.555555555555555,80,80,Tidak Ada
181,UNIVERSITAS BANGKA BELITUNG,Akademik,11811015,MANAJEMEN,Sarjana,63,514,8.158730158730158,80,80,Tidak Ada
181,UNIVERSITAS BANGKA BELITUNG,Akademik,11811016,HUKUM,Sarjana,87,343,3.942528735632184,79,79,Tidak Ada
181,UNIVERSITAS BANGKA BELITUNG,Akademik,11811017,SOSIOLOGI,Sarjana,60,160,2.6666666666666665,81,81,Tidak Ada
181,UNIVERSITAS BANGKA BELITUNG,Akademik,11811018,SASTRA INGGRIS,Sarjana,52,116,2.230769230769231,77,77,Tidak Ada
181,UNIVERSITAS BANGKA BELITUNG,Akademik,11811019,ILMU POLITIK,Sarjana,42,90,2.142857142857143,80,80,Tidak Ada
181,UNIVERSITAS BANGKA BELITUNG,Akademik,11811020,EKONOMI,Sarjana,30,157,5.233333333333333,86,86,Tidak Ada
181,UNIVERSITAS BANGKA BELITUNG,Akademik,11811022,PERENCANAAN WILAYAH DAN KOTA,Sarjana,25,141,5.64,84,84,Tidak Ada
181,UNIVERSITAS BANGKA BELITUNG,Akademik,11811023,PERIKANAN TANGKAP,Sarjana,15,30,2.0,81,81,Tidak Ada
181,UNIVERSITAS BANGKA BELITUNG,Akademik,11811024,TEKNOLOGI INFORMASI,Sarjana,18,308,17.11111111111111,90,90,Tidak Ada
181,UNIVERSITAS BANGKA BELITUNG,Akademik,11811025,ARSITEKTUR,Sarjana,24,67,2.7916666666666665,81,81,Tidak Ada
181,UNIVERSITAS BANGKA BELITUNG,Akademik,11811026,BISNIS DIGITAL,Sarjana,30,269,8.966666666666667,80,80,Tidak Ada
181,UNIVERSITAS BANGKA BELITUNG,Akademik,11811027,KEDOKTERAN,Sarjana,15,345,23.0,88,88,Tidak Ada
181,UNIVERSITAS BANGKA BELITUNG,Akademik,11811028,PENDIDIKAN PANCASILA DAN KEWARGANEGARAAN,Sarjana,16,0,0.0,82,82,Tidak Ada
181,UNIVERSITAS BANGKA BELITUNG,Akademik,11811029,PENDIDIKAN BAHASA INGGRIS,Sarjana,28,0,0.0,82,82,Tidak Ada
181,UNIVERSITAS BANGKA BELITUNG,Akademik,11811030,HUBUNGAN INTERNASIONAL,Sarjana,25,0,0.0,80,80,Tidak Ada
181,UNIVERSITAS BANGKA BELITUNG,Akademik,11811031,ILMU KOMUNIKASI,Sarjana,25,0,0.0,75,75,Tidak Ada
181,UNIVERSITAS BANGKA BELITUNG,Akademik,11811032,PENDIDIKAN BAHASA INDONESIA,Sarjana,16,0,0.0,79,79,Tidak Ada
181,UNIVERSITAS BANGKA BELITUNG,Akademik,11813021,KEPERAWATAN,Diploma Tiga,36,329,9.13888888888889,83,83,Tidak Ada
191,UNIVERSITAS LAMPUNG,Akademik,11911001,AGROTEKNOLOGI,Sarjana,30,263,8.766666666666667,86,86,Tidak Ada
191,UNIVERSITAS LAMPUNG,Akademik,11911002,AGRIBISNIS,Sarjana,30,444,14.8,90,90,Tidak Ada
191,UNIVERSITAS LAMPUNG,Akademik,11911003,TEKNIK GEOFISIKA,Sarjana,36,121,3.361111111111111,79,79,Tidak Ada
191,UNIVERSITAS LAMPUNG,Akademik,11911004,TEKNIK SIPIL,Sarjana,54,442,8.185185185185185,86,86,Tidak Ada
191,UNIVERSITAS LAMPUNG,Akademik,11911005,KIMIA,Sarjana,55,161,2.9272727272727272,77,77,Tidak Ada
191,UNIVERSITAS LAMPUNG,Akademik,11911006,BIOLOGI,Sarjana,40,256,6.4,86,86,Tidak Ada
191,UNIVERSITAS LAMPUNG,Akademik,11911007,TEKNOLOGI HASIL PERTANIAN,Sarjana,45,222,4.933333333333334,82,82,Tidak Ada
191,UNIVERSITAS LAMPUNG,Akademik,11911008,PETERNAKAN,Sarjana,25,195,7.8,87,87,Tidak Ada
191,UNIVERSITAS LAMPUNG,Akademik,11911009,KEHUTANAN,Sarjana,36,210,5.833333333333333,84,84,Tidak Ada
191,UNIVERSITAS LAMPUNG,Akademik,11911010,TEKNIK PERTANIAN,Sarjana,40,244,6.1,84,84,Tidak Ada
191,UNIVERSITAS LAMPUNG,Akademik,11911011,MATEMATIKA,Sarjana,55,181,3.290909090909091,76,76,Tidak Ada
191,UNIVERSITAS LAMPUNG,Akademik,11911012,FISIKA,Sarjana,65,104,1.6,78,78,Tidak Ada
191,UNIVERSITAS LAMPUNG,Akademik,11911013,TEKNIK MESIN,Sarjana,42,230,5.476190476190476,87,87,Tidak Ada
191,UNIVERSITAS LAMPUNG,Akademik,11911014,TEKNIK ELEKTRO,Sarjana,54,260,4.814814814814815,77,77,Tidak Ada
191,UNIVERSITAS LAMPUNG,Akademik,11911015,PEND. MATEMATIKA,Sarjana,35,429,12.257142857142858,89,89,Tidak Ada
191,UNIVERSITAS LAMPUNG,Akademik,11911016,PEND. FISIKA,Sarjana,35,160,4.571428571428571,80,80,Tidak Ada
191,UNIVERSITAS LAMPUNG,Akademik,11911017,PEND. KIMIA,Sarjana,25,228,9.12,80,80,Tidak Ada
191,UNIVERSITAS LAMPUNG,Akademik,11911018,PEND. BIOLOGI,Sarjana,35,452,12.914285714285715,89,89,Tidak Ada
191,UNIVERSITAS LAMPUNG,Akademik,11911019,TEKNIK KIMIA,Sarjana,45,163,3.6222222222222222,78,78,Tidak Ada
191,UNIVERSITAS LAMPUNG,Akademik,11911020,PEND. KEDOKTERAN,Sarjana,53,971,18.32075471698113,88,88,Tidak Ada
191,UNIVERSITAS LAMPUNG,Akademik,11911021,BUDIDAYA PERAIRAN,Sarjana,30,83,2.7666666666666666,75,75,Tidak Ada
191,UNIVERSITAS LAMPUNG,Akademik,11911022,ILMU KOMPUTER,Sarjana,30,646,21.533333333333335,94,94,Tidak Ada
191,UNIVERSITAS LAMPUNG,Akademik,11911023,ARSITEKTUR,Sarjana,30,179,5.966666666666667,85,85,Tidak Ada
191,UNIVERSITAS LAMPUNG,Akademik,11911024,TEKNIK GEODESI,Sarjana,30,79,2.6333333333333333,76,76,Tidak Ada
191,UNIVERSITAS LAMPUNG,Akademik,11911025,TEKNIK INFORMATIKA,Sarjana,54,721,13.351851851851851,88,88,Tidak Ada
191,UNIVERSITAS LAMPUNG,Akademik,11911026,SUMBERDAYA AKUATIK,Sarjana,25,43,1.72,82,82,Tidak Ada
191,UNIVERSITAS LAMPUNG,Akademik,11911027,ILMU TANAH,Sarjana,25,82,3.28,78,78,Tidak Ada
191,UNIVERSITAS LAMPUNG,Akademik,11911028,AGRONOMI,Sarjana,30,136,4.533333333333333,81,81,Tidak Ada
191,UNIVERSITAS LAMPUNG,Akademik,11911029,PROTEKSI TANAMAN,Sarjana,30,118,3.933333333333333,81,81,Tidak Ada
191,UNIVERSITAS LAMPUNG,Akademik,11911030,PENYULUHAN PERTANIAN,Sarjana,16,86,5.375,87,87,Tidak Ada
191,UNIVERSITAS LAMPUNG,Akademik,11911031,ILMU KELAUTAN,Sarjana,16,104,6.5,86,86,Tidak Ada
191,UNIVERSITAS LAMPUNG,Akademik,11911032,TEKNOLOGI INDUSTRI PERTANIAN,Sarjana,24,151,6.291666666666667,80,80,Tidak Ada
191,UNIVERSITAS LAMPUNG,Akademik,11911033,NUTRISI DAN TEKNOLOGI PAKAN TERNAK,Sarjana,21,63,3.0,77,77,Tidak Ada
191,UNIVERSITAS LAMPUNG,Akademik,11911034,PENDIDIKAN TEKNOLOGI INFORMASI,Sarjana,23,204,8.869565217391305,85,85,Tidak Ada
191,UNIVERSITAS LAMPUNG,Akademik,11911035,FARMASI,Sarjana,35,1369,39.114285714285714,92,92,Tidak Ada
191,UNIVERSITAS LAMPUNG,Akademik,11911036,BIOLOGI TERAPAN,Sarjana,30,119,3.966666666666667,80,80,Tidak Ada
191,UNIVERSITAS LAMPUNG,Akademik,11911037,TEKNIK LINGKUNGAN,Sarjana,27,212,7.851851851851852,80,80,Tidak Ada
191,UNIVERSITAS LAMPUNG,Akademik,11911038,HUKUM,Sarjana,210,1274,6.066666666666666,83,83,Tidak Ada
191,UNIVERSITAS LAMPUNG,Akademik,11911039,SOSIOLOGI,Sarjana,60,410,6.833333333333333,80,80,Tidak Ada
191,UNIVERSITAS LAMPUNG,Akademik,11911040,ILMU PEMERINTAHAN,Sarjana,60,380,6.333333333333333,81,81,Tidak Ada
191,UNIVERSITAS LAMPUNG,Akademik,11911041,MANAJEMEN,Sarjana,55,1259,22.89090909090909,88,88,Tidak Ada
191,UNIVERSITAS LAMPUNG,Akademik,11911042,EKONOMI PEMBANGUNAN,Sarjana,50,340,6.8,83,83,Tidak Ada
191,UNIVERSITAS LAMPUNG,Akademik,11911043,AKUNTANSI,Sarjana,55,1104,20.072727272727274,88,88,Tidak Ada
191,UNIVERSITAS LAMPUNG,Akademik,11911044,ILMU KOMUNIKASI,Sarjana,60,936,15.6,90,90,Tidak Ada
191,UNIVERSITAS LAMPUNG,Akademik,11911045,ILMU ADM. NEGARA,Sarjana,60,500,8.333333333333334,86,86,Tidak Ada
191,UNIVERSITAS LAMPUNG,Akademik,11911046,ILMU ADM. NIAGA/BISNIS,Sarjana,60,850,14.166666666666666,87,87,Tidak Ada
191,UNIVERSITAS LAMPUNG,Akademik,11911047,PPKN,Sarjana,25,474,18.96,90,90,Tidak Ada
191,UNIVERSITAS LAMPUNG,Akademik,11911048,PEND. SEJARAH,Sarjana,25,298,11.92,85,85,Tidak Ada
191,UNIVERSITAS LAMPUNG,Akademik,11911049,PEND. GEOGRAFI,Sarjana,25,282,11.28,89,89,Tidak Ada
191,UNIVERSITAS LAMPUNG,Akademik,11911050,PEND. EKONOMI,Sarjana,33,336,10.181818181818182,86,86,Tidak Ada
191,UNIVERSITAS LAMPUNG,Akademik,11911051,PENDIDIKAN JASMANI,Sarjana,39,335,8.58974358974359,83,83,Olahraga
191,UNIVERSITAS LAMPUNG,Akademik,11911052,BIMB. KONSELING,Sarjana,35,922,26.34285714285714,92,92,Tidak Ada
191,UNIVERSITAS LAMPUNG,Akademik,11911053,PEND. BAHASA INDONESIA,Sarjana,30,759,25.3,94,94,Tidak Ada
191,UNIVERSITAS LAMPUNG,Akademik,11911054,PEND. B. INGGRIS,Sarjana,24,583,24.291666666666668,88,88,Tidak Ada
191,UNIVERSITAS LAMPUNG,Akademik,11911055,PGSD,Sarjana,128,1616,12.625,89,89,Tidak Ada
191,UNIVERSITAS LAMPUNG,Akademik,11911056,PENDIDIKAN TARI,Sarjana,30,149,4.966666666666667,76,76,Tari
191,UNIVERSITAS LAMPUNG,Akademik,11911057,PENDIDIKAN ANAK USIA DINI,Sarjana,36,165,4.583333333333333,76,76,Tidak Ada
191,UNIVERSITAS LAMPUNG,Akademik,11911058,HUBUNGAN INTERNASIONAL,Sarjana,60,294,4.9,76,76,Tidak Ada
191,UNIVERSITAS LAMPUNG,Akademik,11911059,BAHASA PERANCIS,Sarjana,18,32,1.7777777777777777,77,77,Tidak Ada
191,UNIVERSITAS LAMPUNG,Akademik,11911060,PENDIDIKAN MUSIK,Sarjana,35,44,1.2571428571428571,80,80,Musik
191,UNIVERSITAS LAMPUNG,Akademik,11911061,PENDIDIKAN BAHASA LAMPUNG,Sarjana,30,253,8.433333333333334,80,80,Tidak Ada
191,UNIVERSITAS LAMPUNG,Akademik,11911074,BISNIS DIGITAL,Sarjana,50,410,8.2,84,84,Tidak Ada
191,UNIVERSITAS LAMPUNG,Akademik,11911076,SISTEM INFORMASI,Sarjana,15,319,21.266666666666666,94,94,Tidak Ada
191,UNIVERSITAS LAMPUNG,Akademik,11911077,TEKNIK GEOLOGI,Sarjana,24,170,7.083333333333333,83,83,Tidak Ada
191,UNIVERSITAS LAMPUNG,Akademik,11911078,ILMU KOMPUTER PSDKU WAY KANAN,Sarjana,20,19,0.95,78,78,Tidak Ada
191,UNIVERSITAS LAMPUNG,Akademik,11911081,GIZI,Sarjana,10,0,0.0,77,77,Tidak Ada
191,UNIVERSITAS LAMPUNG,Akademik,11912075,TEKNOLOGI REKAYASA OTOMOTIF,Sarjana Terapan,9,13,1.4444444444444444,77,77,Tidak Ada
191,UNIVERSITAS LAMPUNG,Akademik,11913063,MANAJEMEN PEMASARAN,Diploma Tiga,25,75,3.0,81,81,Tidak Ada
191,UNIVERSITAS LAMPUNG,Akademik,11913064,ADMINISTRASI PERKANTORAN,Diploma Tiga,15,91,6.066666666666666,84,84,Tidak Ada
191,UNIVERSITAS LAMPUNG,Akademik,11913065,PERPUSTAKAAN,Diploma Tiga,12,38,3.1666666666666665,81,81,Tidak Ada
191,UNIVERSITAS LAMPUNG,Akademik,11913066,MANAJEMEN INFORMATIKA,Diploma Tiga,10,48,4.8,78,78,Tidak Ada
191,UNIVERSITAS LAMPUNG,Akademik,11913067,TEKNIK MESIN,Diploma Tiga,12,21,1.75,76,76,Tidak Ada
191,UNIVERSITAS LAMPUNG,Akademik,11913068,TEKNIK SURVEY DAN PEMETAAN,Diploma Tiga,12,8,0.6666666666666666,77,77,Tidak Ada
191,UNIVERSITAS LAMPUNG,Akademik,11913069,PERPAJAKAN,Diploma Tiga,25,120,4.8,76,76,Tidak Ada
191,UNIVERSITAS LAMPUNG,Akademik,11913070,KEUANGAN DAN PERBANKAN,Diploma Tiga,25,91,3.64,77,77,Tidak Ada
191,UNIVERSITAS LAMPUNG,Akademik,11913071,TEKNIK SIPIL,Diploma Tiga,12,22,1.8333333333333333,76,76,Tidak Ada
191,UNIVERSITAS LAMPUNG,Akademik,11913072,HUBUNGAN MASYARAKAT,Diploma Tiga,15,33,2.2,81,81,Tidak Ada
191,UNIVERSITAS LAMPUNG,Akademik,11913073,AKUNTANSI,Diploma Tiga,25,80,3.2,76,76,Tidak Ada
191,UNIVERSITAS LAMPUNG,Akademik,11913079,AKUNTANSI PSDKU WAY KANAN,Diploma Tiga,45,2,0.044444444444444446,80,80,Tidak Ada
191,UNIVERSITAS LAMPUNG,Akademik,11913080,PERBANKAN DAN KEUANGAN PSDKU LAMPUNG TENGAH,Diploma Tiga,45,8,0.17777777777777778,80,80,Tidak Ada
192,INSTITUT TEKNOLOGI SUMATERA,Akademik,11921001,TEKNIK GEOMATIKA,Sarjana,53,85,1.6037735849056605,82,82,Tidak Ada
192,INSTITUT TEKNOLOGI SUMATERA,Akademik,11921002,TEKNIK ELEKTRO,Sarjana,60,337,5.616666666666666,82,82,Tidak Ada
192,INSTITUT TEKNOLOGI SUMATERA,Akademik,11921003,PERENCANAAN WILAYAH DAN KOTA,Sarjana,74,265,3.581081081081081,81,81,Tidak Ada
192,INSTITUT TEKNOLOGI SUMATERA,Akademik,11921004,TEKNIK GEOFISIKA,Sarjana,70,178,2.5428571428571427,79,79,Tidak Ada
192,INSTITUT TEKNOLOGI SUMATERA,Akademik,11921005,TEKNIK SIPIL,Sarjana,68,424,6.235294117647059,84,84,Tidak Ada
192,INSTITUT TEKNOLOGI SUMATERA,Akademik,11921006,TEKNIK INFORMATIKA,Sarjana,74,918,12.405405405405405,87,87,Tidak Ada
192,INSTITUT TEKNOLOGI SUMATERA,Akademik,11921007,FISIKA,Sarjana,26,32,1.2307692307692308,79,79,Tidak Ada
192,INSTITUT TEKNOLOGI SUMATERA,Akademik,11921008,ARSITEKTUR,Sarjana,53,292,5.509433962264151,85,85,Tidak Ada
192,INSTITUT TEKNOLOGI SUMATERA,Akademik,11921009,TEKNIK LINGKUNGAN,Sarjana,51,310,6.078431372549019,84,84,Tidak Ada
192,INSTITUT TEKNOLOGI SUMATERA,Akademik,11921010,TEKNIK GEOLOGI,Sarjana,44,342,7.7727272727272725,86,86,Tidak Ada
192,INSTITUT TEKNOLOGI SUMATERA,Akademik,11921011,MATEMATIKA,Sarjana,35,101,2.8857142857142857,76,76,Tidak Ada
192,INSTITUT TEKNOLOGI SUMATERA,Akademik,11921012,TEKNIK MESIN,Sarjana,42,271,6.4523809523809526,86,86,Tidak Ada
192,INSTITUT TEKNOLOGI SUMATERA,Akademik,11921013,BIOLOGI,Sarjana,35,135,3.857142857142857,79,79,Tidak Ada
192,INSTITUT TEKNOLOGI SUMATERA,Akademik,11921014,TEKNIK INDUSTRI,Sarjana,60,701,11.683333333333334,85,85,Tidak Ada
192,INSTITUT TEKNOLOGI SUMATERA,Akademik,11921015,FARMASI,Sarjana,61,1202,19.704918032786885,89,89,Tidak Ada
192,INSTITUT TEKNOLOGI SUMATERA,Akademik,11921016,TEKNIK KIMIA,Sarjana,54,246,4.555555555555555,76,76,Tidak Ada
192,INSTITUT TEKNOLOGI SUMATERA,Akademik,11921017,KIMIA,Sarjana,35,99,2.8285714285714287,79,79,Tidak Ada
192,INSTITUT TEKNOLOGI SUMATERA,Akademik,11921018,TEKNIK FISIKA,Sarjana,33,53,1.606060606060606,82,82,Tidak Ada
192,INSTITUT TEKNOLOGI SUMATERA,Akademik,11921019,TEKNIK KELAUTAN,Sarjana,33,111,3.3636363636363638,77,77,Tidak Ada
192,INSTITUT TEKNOLOGI SUMATERA,Akademik,11921020,SAINS ATMOSFIR DAN KEPLANETAN,Sarjana,40,35,0.875,78,78,Tidak Ada
192,INSTITUT TEKNOLOGI SUMATERA,Akademik,11921021,TEKNIK BIOSISTEM,Sarjana,44,74,1.6818181818181819,82,82,Tidak Ada
192,INSTITUT TEKNOLOGI SUMATERA,Akademik,11921022,TEKNOLOGI INDUSTRI PERTANIAN,Sarjana,51,198,3.8823529411764706,80,80,Tidak Ada
192,INSTITUT TEKNOLOGI SUMATERA,Akademik,11921023,TEKNIK SISTEM ENERGI,Sarjana,35,94,2.6857142857142855,75,75,Tidak Ada
192,INSTITUT TEKNOLOGI SUMATERA,Akademik,11921024,TEKNOLOGI PANGAN,Sarjana,51,455,8.92156862745098,86,86,Tidak Ada
192,INSTITUT TEKNOLOGI SUMATERA,Akademik,11921025,TEKNIK MATERIAL,Sarjana,44,116,2.6363636363636362,78,78,Tidak Ada
192,INSTITUT TEKNOLOGI SUMATERA,Akademik,11921026,TEKNIK PERTAMBANGAN,Sarjana,65,830,12.76923076923077,88,88,Tidak Ada
192,INSTITUT TEKNOLOGI SUMATERA,Akademik,11921027,ARSITEKTUR LANSKAP,Sarjana,35,72,2.057142857142857,76,76,Tidak Ada
192,INSTITUT TEKNOLOGI SUMATERA,Akademik,11921028,DESAIN KOMUNIKASI VISUAL,Sarjana,44,164,3.727272727272727,76,76,"Seni Rupa, Desain, dan Kriya"
192,INSTITUT TEKNOLOGI SUMATERA,Akademik,11921029,TEKNIK TELEKOMUNIKASI,Sarjana,33,157,4.757575757575758,82,82,Tidak Ada
192,INSTITUT TEKNOLOGI SUMATERA,Akademik,11921030,SAINS AKTUARIA,Sarjana,46,122,2.652173913043478,81,81,Tidak Ada
192,INSTITUT TEKNOLOGI SUMATERA,Akademik,11921031,REKAYASA KEHUTANAN,Sarjana,46,121,2.630434782608696,76,76,Tidak Ada
192,INSTITUT TEKNOLOGI SUMATERA,Akademik,11921032,TEKNIK BIOMEDIS,Sarjana,51,394,7.7254901960784315,85,85,Tidak Ada
192,INSTITUT TEKNOLOGI SUMATERA,Akademik,11921033,SAINS LINGKUNGAN KELAUTAN,Sarjana,26,38,1.4615384615384615,81,81,Tidak Ada
192,INSTITUT TEKNOLOGI SUMATERA,Akademik,11921034,SAINS DATA,Sarjana,46,199,4.326086956521739,75,75,Tidak Ada
192,INSTITUT TEKNOLOGI SUMATERA,Akademik,11921035,TEKNIK PERKERETAAPIAN,Sarjana,32,209,6.53125,85,85,Tidak Ada
192,INSTITUT TEKNOLOGI SUMATERA,Akademik,11921036,REKAYASA TATA KELOLA AIR TERPADU,Sarjana,32,37,1.15625,80,80,Tidak Ada
192,INSTITUT TEKNOLOGI SUMATERA,Akademik,11921037,REKAYASA INSTRUMENTASI DAN AUTOMASI,Sarjana,37,45,1.2162162162162162,76,76,Tidak Ada
192,INSTITUT TEKNOLOGI SUMATERA,Akademik,11921038,REKAYASA MINYAK DAN GAS,Sarjana,33,266,8.06060606060606,86,86,Tidak Ada
192,INSTITUT TEKNOLOGI SUMATERA,Akademik,11921039,REKAYASA KOSMETIK,Sarjana,37,273,7.378378378378378,85,85,Tidak Ada
192,INSTITUT TEKNOLOGI SUMATERA,Akademik,11921040,PARIWISATA,Sarjana,32,212,6.625,83,83,Tidak Ada
192,INSTITUT TEKNOLOGI SUMATERA,Akademik,11921041,REKAYASA KEOLAHRAGAAN,Sarjana,26,46,1.7692307692307692,78,78,Tidak Ada
311,UNIVERSITAS SULTAN AGENG TIRTAYASA,Akademik,13111001,TEKNIK MESIN,Sarjana,55,474,8.618181818181819,87,87,Tidak Ada
311,UNIVERSITAS SULTAN AGENG TIRTAYASA,Akademik,13111002,TEKNIK ELEKTRO,Sarjana,55,561,10.2,89,89,Tidak Ada
311,UNIVERSITAS SULTAN AGENG TIRTAYASA,Akademik,13111003,TEKNIK INDUSTRI,Sarjana,55,1139,20.70909090909091,89,89,Tidak Ada
311,UNIVERSITAS SULTAN AGENG TIRTAYASA,Akademik,13111004,TEKNIK METALURGI,Sarjana,32,586,18.3125,89,89,Tidak Ada
311,UNIVERSITAS SULTAN AGENG TIRTAYASA,Akademik,13111005,TEKNIK KIMIA,Sarjana,55,475,8.636363636363637,87,87,Tidak Ada
311,UNIVERSITAS SULTAN AGENG TIRTAYASA,Akademik,13111006,TEKNIK SIPIL,Sarjana,55,619,11.254545454545454,85,85,Tidak Ada
311,UNIVERSITAS SULTAN AGENG TIRTAYASA,Akademik,13111007,AGRIBISNIS,Sarjana,82,538,6.560975609756097,86,86,Tidak Ada
311,UNIVERSITAS SULTAN AGENG TIRTAYASA,Akademik,13111008,AGROEKOTEKNOLOGI,Sarjana,90,478,5.311111111111111,80,80,Tidak Ada
311,UNIVERSITAS SULTAN AGENG TIRTAYASA,Akademik,13111009,ILMU PERIKANAN,Sarjana,62,174,2.806451612903226,77,77,Tidak Ada
311,UNIVERSITAS SULTAN AGENG TIRTAYASA,Akademik,13111010,PENDIDIKAN BIOLOGI,Sarjana,50,337,6.74,80,80,Tidak Ada
311,UNIVERSITAS SULTAN AGENG TIRTAYASA,Akademik,13111011,PENDIDIKAN MATEMATIKA,Sarjana,72,319,4.430555555555555,76,76,Tidak Ada
311,UNIVERSITAS SULTAN AGENG TIRTAYASA,Akademik,13111012,PENDIDIKAN VOKASIONAL TEKNIK ELEKTRO,Sarjana,30,101,3.3666666666666667,78,78,Tidak Ada
311,UNIVERSITAS SULTAN AGENG TIRTAYASA,Akademik,13111013,PENDIDIKAN VOKASIONAL TEKNIK MESIN,Sarjana,32,81,2.53125,75,75,Tidak Ada
311,UNIVERSITAS SULTAN AGENG TIRTAYASA,Akademik,13111014,PENDIDIKAN FISIKA,Sarjana,32,141,4.40625,76,76,Tidak Ada
311,UNIVERSITAS SULTAN AGENG TIRTAYASA,Akademik,13111015,PENDIDIKAN KIMIA,Sarjana,45,181,4.022222222222222,77,77,Tidak Ada
311,UNIVERSITAS SULTAN AGENG TIRTAYASA,Akademik,13111016,PENDIDIKAN IPA,Sarjana,35,159,4.542857142857143,82,82,Tidak Ada
311,UNIVERSITAS SULTAN AGENG TIRTAYASA,Akademik,13111017,TEKNOLOGI PANGAN,Sarjana,52,568,10.923076923076923,86,86,Tidak Ada
311,UNIVERSITAS SULTAN AGENG TIRTAYASA,Akademik,13111018,ILMU KEOLAHRAGAAN,Sarjana,20,154,7.7,80,80,Olahraga
311,UNIVERSITAS SULTAN AGENG TIRTAYASA,Akademik,13111019,GIZI,Sarjana,22,658,29.90909090909091,88,88,Tidak Ada
311,UNIVERSITAS SULTAN AGENG TIRTAYASA,Akademik,13111020,KEDOKTERAN,Sarjana,13,511,39.30769230769231,93,93,Tidak Ada
311,UNIVERSITAS SULTAN AGENG TIRTAYASA,Akademik,13111021,INFORMATIKA,Sarjana,44,1176,26.727272727272727,90,90,Tidak Ada
311,UNIVERSITAS SULTAN AGENG TIRTAYASA,Akademik,13111022,KEPERAWATAN,Sarjana,24,1137,47.375,95,95,Tidak Ada
311,UNIVERSITAS SULTAN AGENG TIRTAYASA,Akademik,13111023,ILMU KELAUTAN,Sarjana,44,207,4.704545454545454,80,80,Tidak Ada
311,UNIVERSITAS SULTAN AGENG TIRTAYASA,Akademik,13111024,HUKUM,Sarjana,173,1017,5.878612716763006,87,87,Tidak Ada
311,UNIVERSITAS SULTAN AGENG TIRTAYASA,Akademik,13111025,MANAJEMEN,Sarjana,83,1814,21.85542168674699,88,88,Tidak Ada
311,UNIVERSITAS SULTAN AGENG TIRTAYASA,Akademik,13111026,AKUNTANSI,Sarjana,83,1275,15.36144578313253,90,90,Tidak Ada
311,UNIVERSITAS SULTAN AGENG TIRTAYASA,Akademik,13111027,EKONOMI PEMBANGUNAN,Sarjana,63,457,7.253968253968254,80,80,Tidak Ada
311,UNIVERSITAS SULTAN AGENG TIRTAYASA,Akademik,13111028,ADMINISTRASI PUBLIK,Sarjana,74,1063,14.364864864864865,85,85,Tidak Ada
311,UNIVERSITAS SULTAN AGENG TIRTAYASA,Akademik,13111029,ILMU KOMUNIKASI,Sarjana,89,1529,17.179775280898877,87,87,Tidak Ada
311,UNIVERSITAS SULTAN AGENG TIRTAYASA,Akademik,13111030,PENDIDIKAN NON FORMAL,Sarjana,38,99,2.6052631578947367,80,80,Tidak Ada
311,UNIVERSITAS SULTAN AGENG TIRTAYASA,Akademik,13111031,PENDIDIKAN BAHASA INDONESIA,Sarjana,75,506,6.746666666666667,83,83,Tidak Ada
311,UNIVERSITAS SULTAN AGENG TIRTAYASA,Akademik,13111032,PENDIDIKAN BAHASA INGGRIS,Sarjana,65,525,8.076923076923077,84,84,Tidak Ada
311,UNIVERSITAS SULTAN AGENG TIRTAYASA,Akademik,13111033,PENDIDIKAN GURU SEKOLAH DASAR,Sarjana,45,971,21.57777777777778,95,95,Tidak Ada
311,UNIVERSITAS SULTAN AGENG TIRTAYASA,Akademik,13111034,PENDIDIKAN GURU PENDIDIKAN ANAK USIA DINI,Sarjana,53,185,3.490566037735849,81,81,Tidak Ada
311,UNIVERSITAS SULTAN AGENG TIRTAYASA,Akademik,13111035,EKONOMI SYARIAH,Sarjana,63,342,5.428571428571429,83,83,Tidak Ada
311,UNIVERSITAS SULTAN AGENG TIRTAYASA,Akademik,13111036,PENDIDIKAN SOSIOLOGI,Sarjana,38,337,8.868421052631579,87,87,Tidak Ada
311,UNIVERSITAS SULTAN AGENG TIRTAYASA,Akademik,13111037,PENDIDIKAN SEJARAH,Sarjana,38,284,7.473684210526316,81,81,Tidak Ada
311,UNIVERSITAS SULTAN AGENG TIRTAYASA,Akademik,13111038,PENDIDIKAN PANCASILA DAN KEWARGANEGARAAN,Sarjana,38,205,5.394736842105263,85,85,Tidak Ada
311,UNIVERSITAS SULTAN AGENG TIRTAYASA,Akademik,13111039,PENDIDIKAN SENI PERTUNJUKAN,Sarjana,30,79,2.6333333333333333,77,77,Sendratasik
311,UNIVERSITAS SULTAN AGENG TIRTAYASA,Akademik,13111040,BIMBINGAN DAN KONSELING,Sarjana,43,733,17.046511627906977,88,88,Tidak Ada
311,UNIVERSITAS SULTAN AGENG TIRTAYASA,Akademik,13111041,PENDIDIKAN KHUSUS,Sarjana,33,98,2.9696969696969697,75,75,Tidak Ada
311,UNIVERSITAS SULTAN AGENG TIRTAYASA,Akademik,13111042,ILMU PEMERINTAHAN,Sarjana,62,452,7.290322580645161,86,86,Tidak Ada
311,UNIVERSITAS SULTAN AGENG TIRTAYASA,Akademik,13111049,PETERNAKAN,Sarjana,44,171,3.8863636363636362,81,81,Tidak Ada
311,UNIVERSITAS SULTAN AGENG TIRTAYASA,Akademik,13111050,STATISTIKA,Sarjana,20,147,7.35,81,81,Tidak Ada
311,UNIVERSITAS SULTAN AGENG TIRTAYASA,Akademik,13113044,AKUNTANSI,Diploma Tiga,38,125,3.289473684210526,78,78,Tidak Ada
311,UNIVERSITAS SULTAN AGENG TIRTAYASA,Akademik,13113045,PERBANKAN DAN KEUANGAN,Diploma Tiga,38,158,4.157894736842105,81,81,Tidak Ada
311,UNIVERSITAS SULTAN AGENG TIRTAYASA,Akademik,13113047,MANAJEMEN PEMASARAN,Diploma Tiga,38,148,3.8947368421052633,82,82,Tidak Ada
311,UNIVERSITAS SULTAN AGENG TIRTAYASA,Akademik,13113048,ADMINISTRASI PAJAK,Diploma Tiga,38,162,4.2631578947368425,75,75,Tidak Ada
321,UNIVERSITAS INDONESIA,Akademik,13211001,PENDIDIKAN DOKTER,Sarjana,60,2056,34.266666666666666,93,93,Tidak Ada
321,UNIVERSITAS INDONESIA,Akademik,13211002,PENDIDIKAN DOKTER GIGI,Sarjana,31,540,17.419354838709676,85,85,Tidak Ada
321,UNIVERSITAS INDONESIA,Akademik,13211003,MATEMATIKA,Sarjana,16,262,16.375,85,85,Tidak Ada
321,UNIVERSITAS INDONESIA,Akademik,13211004,FISIKA,Sarjana,28,212,7.571428571428571,86,86,Tidak Ada
321,UNIVERSITAS INDONESIA,Akademik,13211005,KIMIA,Sarjana,28,307,10.964285714285714,85,85,Tidak Ada
321,UNIVERSITAS INDONESIA,Akademik,13211006,BIOLOGI,Sarjana,27,288,10.666666666666666,87,87,Tidak Ada
321,UNIVERSITAS INDONESIA,Akademik,13211007,FARMASI,Sarjana,39,814,20.871794871794872,89,89,Tidak Ada
321,UNIVERSITAS INDONESIA,Akademik,13211008,GEOGRAFI,Sarjana,28,245,8.75,86,86,Tidak Ada
321,UNIVERSITAS INDONESIA,Akademik,13211009,TEKNIK SIPIL,Sarjana,40,553,13.825,85,85,Tidak Ada
321,UNIVERSITAS INDONESIA,Akademik,13211010,TEKNIK MESIN,Sarjana,40,460,11.5,87,87,Tidak Ada
321,UNIVERSITAS INDONESIA,Akademik,13211011,TEKNIK ELEKTRO,Sarjana,30,505,16.833333333333332,85,85,Tidak Ada
321,UNIVERSITAS INDONESIA,Akademik,13211012,TEKNIK METALURGI & MATERIAL,Sarjana,34,460,13.529411764705882,87,87,Tidak Ada
321,UNIVERSITAS INDONESIA,Akademik,13211013,ARSITEKTUR,Sarjana,16,465,29.0625,93,93,Tidak Ada
321,UNIVERSITAS INDONESIA,Akademik,13211014,TEKNIK KIMIA,Sarjana,29,488,16.82758620689655,85,85,Tidak Ada
321,UNIVERSITAS INDONESIA,Akademik,13211015,ILMU KEPERAWATAN,Sarjana,50,678,13.56,88,88,Tidak Ada
321,UNIVERSITAS INDONESIA,Akademik,13211016,ILMU KOMPUTER,Sarjana,50,1176,23.52,91,91,Tidak Ada
321,UNIVERSITAS INDONESIA,Akademik,13211017,ILMU KESEHATAN MASYARAKAT,Sarjana,45,642,14.266666666666667,89,89,Tidak Ada
321,UNIVERSITAS INDONESIA,Akademik,13211018,TEKNIK INDUSTRI,Sarjana,47,898,19.106382978723403,86,86,Tidak Ada
321,UNIVERSITAS INDONESIA,Akademik,13211019,TEKNIK PERKAPALAN,Sarjana,26,252,9.692307692307692,84,84,Tidak Ada
321,UNIVERSITAS INDONESIA,Akademik,13211020,TEKNIK LINGKUNGAN,Sarjana,24,399,16.625,88,88,Tidak Ada
321,UNIVERSITAS INDONESIA,Akademik,13211021,TEKNIK KOMPUTER,Sarjana,22,488,22.181818181818183,93,93,Tidak Ada
321,UNIVERSITAS INDONESIA,Akademik,13211022,SISTEM INFORMASI,Sarjana,50,952,19.04,85,85,Tidak Ada
321,UNIVERSITAS INDONESIA,Akademik,13211023,ARSITEKTUR INTERIOR,Sarjana,10,266,26.6,90,90,Tidak Ada
321,UNIVERSITAS INDONESIA,Akademik,13211024,TEKNOLOGI BIOPROSES,Sarjana,14,341,24.357142857142858,89,89,Tidak Ada
321,UNIVERSITAS INDONESIA,Akademik,13211025,GIZI,Sarjana,13,355,27.307692307692307,88,88,Tidak Ada
321,UNIVERSITAS INDONESIA,Akademik,13211026,KESEHATAN LINGKUNGAN,Sarjana,13,221,17.0,90,90,Tidak Ada
321,UNIVERSITAS INDONESIA,Akademik,13211027,KESELAMATAN DAN KESEHATAN KERJA,Sarjana,18,475,26.38888888888889,93,93,Tidak Ada
321,UNIVERSITAS INDONESIA,Akademik,13211028,GEOFISIKA,Sarjana,16,248,15.5,87,87,Tidak Ada
321,UNIVERSITAS INDONESIA,Akademik,13211029,GEOLOGI,Sarjana,16,243,15.1875,89,89,Tidak Ada
321,UNIVERSITAS INDONESIA,Akademik,13211030,STATISTIKA,Sarjana,16,293,18.3125,90,90,Tidak Ada
321,UNIVERSITAS INDONESIA,Akademik,13211031,AKTUARIA,Sarjana,16,376,23.5,91,91,Tidak Ada
321,UNIVERSITAS INDONESIA,Akademik,13211032,TEKNIK BIOMEDIS,Sarjana,10,261,26.1,88,88,Tidak Ada
321,UNIVERSITAS INDONESIA,Akademik,13211033,ILMU HUKUM,Sarjana,114,1787,15.675438596491228,88,88,Tidak Ada
321,UNIVERSITAS INDONESIA,Akademik,13211034,ARKEOLOGI INDONESIA,Sarjana,16,171,10.6875,87,87,Tidak Ada
321,UNIVERSITAS INDONESIA,Akademik,13211035,ILMU SEJARAH,Sarjana,16,165,10.3125,87,87,Tidak Ada
321,UNIVERSITAS INDONESIA,Akademik,13211036,ILMU PSIKOLOGI,Sarjana,66,1307,19.803030303030305,87,87,Tidak Ada
321,UNIVERSITAS INDONESIA,Akademik,13211037,ILMU KOMUNIKASI,Sarjana,33,1080,32.72727272727273,92,92,Tidak Ada
321,UNIVERSITAS INDONESIA,Akademik,13211038,ILMU POLITIK,Sarjana,16,274,17.125,86,86,Tidak Ada
321,UNIVERSITAS INDONESIA,Akademik,13211039,ILMU ADMINISTRASI NEGARA,Sarjana,33,498,15.090909090909092,86,86,Tidak Ada
321,UNIVERSITAS INDONESIA,Akademik,13211040,KRIMINOLOGI,Sarjana,15,641,42.733333333333334,90,90,Tidak Ada
321,UNIVERSITAS INDONESIA,Akademik,13211041,SOSIOLOGI,Sarjana,16,294,18.375,85,85,Tidak Ada
321,UNIVERSITAS INDONESIA,Akademik,13211042,ILMU KESEJAHTERAAN SOSIAL,Sarjana,16,277,17.3125,86,86,Tidak Ada
321,UNIVERSITAS INDONESIA,Akademik,13211043,ANTROPOLOGI SOSIAL,Sarjana,16,238,14.875,87,87,Tidak Ada
321,UNIVERSITAS INDONESIA,Akademik,13211044,ILMU EKONOMI,Sarjana,30,556,18.533333333333335,90,90,Tidak Ada
321,UNIVERSITAS INDONESIA,Akademik,13211045,ILMU ADMINISTRASI NIAGA,Sarjana,33,586,17.757575757575758,86,86,Tidak Ada
321,UNIVERSITAS INDONESIA,Akademik,13211046,ILMU ADMINISTRASI FISKAL,Sarjana,33,558,16.90909090909091,86,86,Tidak Ada
321,UNIVERSITAS INDONESIA,Akademik,13211047,MANAJEMEN,Sarjana,60,1506,25.1,95,95,Tidak Ada
321,UNIVERSITAS INDONESIA,Akademik,13211048,AKUNTANSI,Sarjana,60,1516,25.266666666666666,94,94,Tidak Ada
321,UNIVERSITAS INDONESIA,Akademik,13211049,ILMU HUBUNGAN INTERNASIONAL,Sarjana,12,582,48.5,90,90,Tidak Ada
321,UNIVERSITAS INDONESIA,Akademik,13211050,ILMU PERPUSTAKAAN,Sarjana,16,187,11.6875,85,85,Tidak Ada
321,UNIVERSITAS INDONESIA,Akademik,13211051,ILMU FILSAFAT,Sarjana,16,154,9.625,81,81,Tidak Ada
321,UNIVERSITAS INDONESIA,Akademik,13211052,SASTRA INDONESIA,Sarjana,16,234,14.625,85,85,Tidak Ada
321,UNIVERSITAS INDONESIA,Akademik,13211053,SASTRA DAERAH UNTUK SASTRA JAWA,Sarjana,16,64,4.0,76,76,Tidak Ada
321,UNIVERSITAS INDONESIA,Akademik,13211054,SASTRA JEPANG,Sarjana,16,357,22.3125,90,90,Tidak Ada
321,UNIVERSITAS INDONESIA,Akademik,13211055,SASTRA CINA,Sarjana,16,364,22.75,91,91,Tidak Ada
321,UNIVERSITAS INDONESIA,Akademik,13211056,SASTRA ARAB,Sarjana,16,272,17.0,89,89,Tidak Ada
321,UNIVERSITAS INDONESIA,Akademik,13211057,SASTRA PERANCIS,Sarjana,11,131,11.909090909090908,86,86,Tidak Ada
321,UNIVERSITAS INDONESIA,Akademik,13211058,SASTRA INGGRIS,Sarjana,16,395,24.6875,91,91,Tidak Ada
321,UNIVERSITAS INDONESIA,Akademik,13211059,SASTRA JERMAN,Sarjana,11,171,15.545454545454545,90,90,Tidak Ada
321,UNIVERSITAS INDONESIA,Akademik,13211060,SASTRA BELANDA,Sarjana,16,170,10.625,88,88,Tidak Ada
321,UNIVERSITAS INDONESIA,Akademik,13211061,SASTRA RUSIA,Sarjana,16,123,7.6875,84,84,Tidak Ada
321,UNIVERSITAS INDONESIA,Akademik,13211062,BAHASA DAN KEBUDAYAAN KOREA,Sarjana,11,223,20.272727272727273,91,91,Tidak Ada
321,UNIVERSITAS INDONESIA,Akademik,13211063,ILMU EKONOMI ISLAM,Sarjana,10,200,20.0,86,86,Tidak Ada
321,UNIVERSITAS INDONESIA,Akademik,13211064,BISNIS ISLAM,Sarjana,10,194,19.4,85,85,Tidak Ada
321,UNIVERSITAS INDONESIA,Akademik,13211080,KECERDASAN ARTIFISIAL,Sarjana,12,0,0.0,81,81,Tidak Ada
321,UNIVERSITAS INDONESIA,Akademik,13212065,MANAJEMEN BISNIS PARIWISATA,Sarjana Terapan,31,422,13.612903225806452,86,86,Tidak Ada
321,UNIVERSITAS INDONESIA,Akademik,13212066,TERAPI OKUPASI,Sarjana Terapan,31,391,12.612903225806452,86,86,Tidak Ada
321,UNIVERSITAS INDONESIA,Akademik,13212067,FISIOTERAPI,Sarjana Terapan,31,513,16.548387096774192,87,87,Tidak Ada
321,UNIVERSITAS INDONESIA,Akademik,13212068,MANAJEMEN REKOD DAN ARSIP,Sarjana Terapan,31,515,16.612903225806452,85,85,Tidak Ada
321,UNIVERSITAS INDONESIA,Akademik,13212078,BISNIS KREATIF,Sarjana Terapan,31,497,16.032258064516128,85,85,Tidak Ada
321,UNIVERSITAS INDONESIA,Akademik,13212079,PRODUKSI MEDIA,Sarjana Terapan,31,679,21.903225806451612,95,95,Tidak Ada
321,UNIVERSITAS INDONESIA,Akademik,13213069,ADMINISTRASI PERPAJAKAN,Diploma Tiga,20,263,13.15,90,90,Tidak Ada
321,UNIVERSITAS INDONESIA,Akademik,13213070,ADMINISTRASI PERKANTORAN,Diploma Tiga,20,275,13.75,90,90,Tidak Ada
321,UNIVERSITAS INDONESIA,Akademik,13213071,ADMINISTRASI RUMAH SAKIT,Diploma Tiga,20,271,13.55,89,89,Tidak Ada
321,UNIVERSITAS INDONESIA,Akademik,13213072,PENYIARAN MULTIMEDIA,Diploma Tiga,20,230,11.5,90,90,Tidak Ada
321,UNIVERSITAS INDONESIA,Akademik,13213073,ADMINISTRASI ASURANSI & AKTUARIA,Diploma Tiga,20,159,7.95,81,81,Tidak Ada
321,UNIVERSITAS INDONESIA,Akademik,13213074,HUBUNGAN MASYARAKAT,Diploma Tiga,20,245,12.25,85,85,Tidak Ada
321,UNIVERSITAS INDONESIA,Akademik,13213075,PERIKLANAN KREATIF,Diploma Tiga,20,324,16.2,88,88,Tidak Ada
321,UNIVERSITAS INDONESIA,Akademik,13213076,AKUNTANSI,Diploma Tiga,20,281,14.05,87,87,Tidak Ada
321,UNIVERSITAS INDONESIA,Akademik,13213077,ADMINISTRASI KEUANGAN DAN PERBANKAN,Diploma Tiga,20,256,12.8,85,85,Tidak Ada
323,UNIVERSITAS NEGERI JAKARTA,Akademik,13231001,PENDIDIKAN MATEMATIKA,Sarjana,24,271,11.291666666666666,85,85,Tidak Ada
323,UNIVERSITAS NEGERI JAKARTA,Akademik,13231002,PENDIDIKAN FISIKA,Sarjana,16,75,4.6875,79,79,Tidak Ada
323,UNIVERSITAS NEGERI JAKARTA,Akademik,13231003,PENDIDIKAN KIMIA,Sarjana,19,134,7.052631578947368,86,86,Tidak Ada
323,UNIVERSITAS NEGERI JAKARTA,Akademik,13231004,PENDIDIKAN BIOLOGI,Sarjana,24,239,9.958333333333334,81,81,Tidak Ada
323,UNIVERSITAS NEGERI JAKARTA,Akademik,13231005,MATEMATIKA,Sarjana,20,222,11.1,86,86,Tidak Ada
323,UNIVERSITAS NEGERI JAKARTA,Akademik,13231006,FISIKA,Sarjana,20,144,7.2,87,87,Tidak Ada
323,UNIVERSITAS NEGERI JAKARTA,Akademik,13231007,KIMIA,Sarjana,20,302,15.1,86,86,Tidak Ada
323,UNIVERSITAS NEGERI JAKARTA,Akademik,13231008,BIOLOGI,Sarjana,24,316,13.166666666666666,88,88,Tidak Ada
323,UNIVERSITAS NEGERI JAKARTA,Akademik,13231009,PENDIDIKAN TEKNIK ELEKTRO,Sarjana,18,305,16.944444444444443,90,90,Tidak Ada
323,UNIVERSITAS NEGERI JAKARTA,Akademik,13231010,PENDIDIKAN TEKNIK MESIN,Sarjana,18,165,9.166666666666666,85,85,Tidak Ada
323,UNIVERSITAS NEGERI JAKARTA,Akademik,13231011,PENDIDIKAN TEKNIK BANGUNAN,Sarjana,18,171,9.5,87,87,Tidak Ada
323,UNIVERSITAS NEGERI JAKARTA,Akademik,13231012,ILMU KEOLAHRAGAAN,Sarjana,24,201,8.375,84,84,Olahraga
323,UNIVERSITAS NEGERI JAKARTA,Akademik,13231013,PENDIDIKAN TEKNIK INFORMATIKA DAN KOMPUTER,Sarjana,17,325,19.11764705882353,85,85,Tidak Ada
323,UNIVERSITAS NEGERI JAKARTA,Akademik,13231014,PENDIDIKAN TEKNIK ELEKTRONIKA,Sarjana,18,117,6.5,83,83,Tidak Ada
323,UNIVERSITAS NEGERI JAKARTA,Akademik,13231015,ILMU KOMPUTER,Sarjana,16,1160,72.5,91,91,Tidak Ada
323,UNIVERSITAS NEGERI JAKARTA,Akademik,13231016,STATISTIKA,Sarjana,16,343,21.4375,91,91,Tidak Ada
323,UNIVERSITAS NEGERI JAKARTA,Akademik,13231017,REKAYASA KESELAMATAN KEBAKARAN,Sarjana,12,225,18.75,90,90,Tidak Ada
323,UNIVERSITAS NEGERI JAKARTA,Akademik,13231018,TEKNIK MESIN,Sarjana,18,629,34.94444444444444,90,90,Tidak Ada
323,UNIVERSITAS NEGERI JAKARTA,Akademik,13231019,SISTEM DAN TEKNOLOGI INFORMASI,Sarjana,12,701,58.416666666666664,89,89,Tidak Ada
323,UNIVERSITAS NEGERI JAKARTA,Akademik,13231020,TEKNOLOGI PENDIDIKAN,Sarjana,27,203,7.518518518518518,86,86,Tidak Ada
323,UNIVERSITAS NEGERI JAKARTA,Akademik,13231021,PENDIDIKAN KHUSUS,Sarjana,30,178,5.933333333333334,82,82,Tidak Ada
323,UNIVERSITAS NEGERI JAKARTA,Akademik,13231022,MANAJEMEN PENDIDIKAN,Sarjana,30,374,12.466666666666667,89,89,Tidak Ada
323,UNIVERSITAS NEGERI JAKARTA,Akademik,13231023,PENDIDIKAN MASYARAKAT,Sarjana,30,301,10.033333333333333,88,88,Tidak Ada
323,UNIVERSITAS NEGERI JAKARTA,Akademik,13231024,PEND. GURU PAUD,Sarjana,24,256,10.666666666666666,85,85,Tidak Ada
323,UNIVERSITAS NEGERI JAKARTA,Akademik,13231025,BIMBINGAN & KONSELING,Sarjana,26,466,17.923076923076923,89,89,Tidak Ada
323,UNIVERSITAS NEGERI JAKARTA,Akademik,13231026,PENDIDIKAN GURU SEKOLAH DASAR,Sarjana,39,997,25.564102564102566,89,89,Tidak Ada
323,UNIVERSITAS NEGERI JAKARTA,Akademik,13231027,PSIKOLOGI,Sarjana,89,1687,18.95505617977528,90,90,Tidak Ada
323,UNIVERSITAS NEGERI JAKARTA,Akademik,13231028,PENDIDIKAN BAHASA INDONESIA,Sarjana,24,343,14.291666666666666,90,90,Tidak Ada
323,UNIVERSITAS NEGERI JAKARTA,Akademik,13231029,SASTRA INDONESIA,Sarjana,24,322,13.416666666666666,87,87,Tidak Ada
323,UNIVERSITAS NEGERI JAKARTA,Akademik,13231030,PENDIDIKAN BAHASA INGGRIS,Sarjana,30,513,17.1,87,87,Tidak Ada
323,UNIVERSITAS NEGERI JAKARTA,Akademik,13231031,SASTRA INGGRIS,Sarjana,40,810,20.25,94,94,Tidak Ada
323,UNIVERSITAS NEGERI JAKARTA,Akademik,13231032,PENDIDIKAN BAHASA PRANCIS,Sarjana,24,148,6.166666666666667,80,80,Tidak Ada
323,UNIVERSITAS NEGERI JAKARTA,Akademik,13231033,PENDIDIKAN BAHASA JERMAN,Sarjana,24,163,6.791666666666667,82,82,Tidak Ada
323,UNIVERSITAS NEGERI JAKARTA,Akademik,13231034,PENDIDIKAN BAHASA ARAB,Sarjana,40,316,7.9,80,80,Tidak Ada
323,UNIVERSITAS NEGERI JAKARTA,Akademik,13231035,PENDIDIKAN BAHASA JEPANG,Sarjana,24,411,17.125,89,89,Tidak Ada
323,UNIVERSITAS NEGERI JAKARTA,Akademik,13231036,PENDIDIKAN TARI,Sarjana,24,150,6.25,83,83,Tari
323,UNIVERSITAS NEGERI JAKARTA,Akademik,13231037,PENDIDIKAN MUSIK,Sarjana,15,95,6.333333333333333,82,82,Musik
323,UNIVERSITAS NEGERI JAKARTA,Akademik,13231038,PENDIDIKAN SENI RUPA,Sarjana,15,193,12.866666666666667,85,85,"Seni Rupa, Desain, dan Kriya"
323,UNIVERSITAS NEGERI JAKARTA,Akademik,13231039,PENDIDIKAN PANCASILA & KEWARGANEGARAAN,Sarjana,24,258,10.75,86,86,Tidak Ada
323,UNIVERSITAS NEGERI JAKARTA,Akademik,13231040,PENDIDIKAN GEOGRAFI,Sarjana,24,253,10.541666666666666,86,86,Tidak Ada
323,UNIVERSITAS NEGERI JAKARTA,Akademik,13231041,PENDIDIKAN SEJARAH,Sarjana,24,252,10.5,89,89,Tidak Ada
323,UNIVERSITAS NEGERI JAKARTA,Akademik,13231042,PENDIDIKAN AGAMA ISLAM,Sarjana,30,619,20.633333333333333,88,88,Tidak Ada
323,UNIVERSITAS NEGERI JAKARTA,Akademik,13231043,SOSIOLOGI,Sarjana,16,345,21.5625,88,88,Tidak Ada
323,UNIVERSITAS NEGERI JAKARTA,Akademik,13231044,PENDIDIKAN SOSIOLOGI,Sarjana,24,294,12.25,89,89,Tidak Ada
323,UNIVERSITAS NEGERI JAKARTA,Akademik,13231045,PENDIDIKAN KESEJAHTERAAN KELUARGA,Sarjana,12,179,14.916666666666666,85,85,Tidak Ada
323,UNIVERSITAS NEGERI JAKARTA,Akademik,13231046,PENDIDIKAN JASMANI,Sarjana,59,304,5.1525423728813555,81,81,Olahraga
323,UNIVERSITAS NEGERI JAKARTA,Akademik,13231047,PENDIDIKAN KEPELATIHAN  OLAHRAGA,Sarjana,36,245,6.805555555555555,82,82,Olahraga
323,UNIVERSITAS NEGERI JAKARTA,Akademik,13231048,PENDIDIKAN EKONOMI,Sarjana,29,315,10.862068965517242,89,89,Tidak Ada
323,UNIVERSITAS NEGERI JAKARTA,Akademik,13231049,MANAJEMEN,Sarjana,47,2530,53.829787234042556,95,95,Tidak Ada
323,UNIVERSITAS NEGERI JAKARTA,Akademik,13231050,AKUNTANSI,Sarjana,39,1768,45.333333333333336,88,88,Tidak Ada
323,UNIVERSITAS NEGERI JAKARTA,Akademik,13231051,PENDIDIKAN ILMU PENGETAHUAN SOSIAL,Sarjana,24,213,8.875,85,85,Tidak Ada
323,UNIVERSITAS NEGERI JAKARTA,Akademik,13231052,PENDIDIKAN TATA BOGA,Sarjana,12,448,37.333333333333336,94,94,Tidak Ada
323,UNIVERSITAS NEGERI JAKARTA,Akademik,13231053,PENDIDIKAN TATA BUSANA,Sarjana,12,282,23.5,94,94,Tidak Ada
323,UNIVERSITAS NEGERI JAKARTA,Akademik,13231054,PENDIDIKAN TATA RIAS,Sarjana,18,333,18.5,86,86,Tidak Ada
323,UNIVERSITAS NEGERI JAKARTA,Akademik,13231055,PENDIDIKAN BISNIS,Sarjana,29,376,12.96551724137931,89,89,Tidak Ada
323,UNIVERSITAS NEGERI JAKARTA,Akademik,13231056,PENDIDIKAN BAHASA MANDARIN,Sarjana,18,220,12.222222222222221,87,87,Tidak Ada
323,UNIVERSITAS NEGERI JAKARTA,Akademik,13231057,PENDIDIKAN ADMINISTRASI PERKANTORAN,Sarjana,29,529,18.24137931034483,89,89,Tidak Ada
323,UNIVERSITAS NEGERI JAKARTA,Akademik,13231058,OLAHRAGA REKREASI,Sarjana,30,91,3.033333333333333,79,79,Olahraga
323,UNIVERSITAS NEGERI JAKARTA,Akademik,13231059,KEPELATIHAN KECABANGAN OLAHRAGA,Sarjana,27,145,5.37037037037037,87,87,Olahraga
323,UNIVERSITAS NEGERI JAKARTA,Akademik,13231060,ILMU KOMUNIKASI,Sarjana,16,1429,89.3125,95,95,Tidak Ada
323,UNIVERSITAS NEGERI JAKARTA,Akademik,13231061,GEOGRAFI,Sarjana,20,304,15.2,86,86,Tidak Ada
323,UNIVERSITAS NEGERI JAKARTA,Akademik,13231062,BISNIS DIGITAL,Sarjana,36,1287,35.75,93,93,Tidak Ada
323,UNIVERSITAS NEGERI JAKARTA,Akademik,13231063,PENDIDIKAN AKUNTANSI,Sarjana,33,406,12.303030303030303,89,89,Tidak Ada
323,UNIVERSITAS NEGERI JAKARTA,Akademik,13231076,PERPUSTAKAAN DAN SAINS INFORMASI,Sarjana,16,263,16.4375,88,88,Tidak Ada
323,UNIVERSITAS NEGERI JAKARTA,Akademik,13231077,ILMU HUKUM,Sarjana,20,638,31.9,91,91,Tidak Ada
323,UNIVERSITAS NEGERI JAKARTA,Akademik,13231078,EKONOMI DAN KEUANGAN ISLAM,Sarjana,16,0,0.0,78,78,Tidak Ada
323,UNIVERSITAS NEGERI JAKARTA,Akademik,13231079,ILMU EKONOMI,Sarjana,16,0,0.0,82,82,Tidak Ada
323,UNIVERSITAS NEGERI JAKARTA,Akademik,13232064,HUBUNGAN MASYARAKAT DAN KOMUNIKASI DIGITAL,Sarjana Terapan,30,754,25.133333333333333,95,95,Tidak Ada
323,UNIVERSITAS NEGERI JAKARTA,Akademik,13232065,USAHA PERJALANAN WISATA,Sarjana Terapan,24,552,23.0,90,90,Tidak Ada
323,UNIVERSITAS NEGERI JAKARTA,Akademik,13232066,TEKNOLOGI REKAYASA OTOMASI,Sarjana Terapan,18,196,10.88888888888889,89,89,Tidak Ada
323,UNIVERSITAS NEGERI JAKARTA,Akademik,13232067,TEKNOLOGI REKAYASA MANUFAKTUR,Sarjana Terapan,12,137,11.416666666666666,89,89,Tidak Ada
323,UNIVERSITAS NEGERI JAKARTA,Akademik,13232068,TEKNOLOGI REKAYASA KONSTRUKSI BANGUNAN GEDUNG,Sarjana Terapan,16,207,12.9375,89,89,Tidak Ada
323,UNIVERSITAS NEGERI JAKARTA,Akademik,13232069,MANAJEMEN PELABUHAN DAN LOGISTIK MARITIM,Sarjana Terapan,12,314,26.166666666666668,89,89,Tidak Ada
323,UNIVERSITAS NEGERI JAKARTA,Akademik,13232070,SENI KULINER DAN PENGOLAHAN JASA MAKANAN,Sarjana Terapan,12,571,47.583333333333336,92,92,Tidak Ada
323,UNIVERSITAS NEGERI JAKARTA,Akademik,13232071,DESAIN MODE,Sarjana Terapan,12,266,22.166666666666668,95,95,Tidak Ada
323,UNIVERSITAS NEGERI JAKARTA,Akademik,13232072,KOSMETIK DAN PERAWATAN KECANTIKAN,Sarjana Terapan,18,314,17.444444444444443,86,86,Tidak Ada
323,UNIVERSITAS NEGERI JAKARTA,Akademik,13232073,PEMASARAN DIGITAL,Sarjana Terapan,29,548,18.896551724137932,88,88,Tidak Ada
323,UNIVERSITAS NEGERI JAKARTA,Akademik,13232074,ADMINISTRASI PERKANTORAN DIGITAL,Sarjana Terapan,29,753,25.96551724137931,93,93,Tidak Ada
323,UNIVERSITAS NEGERI JAKARTA,Akademik,13232075,AKUNTANSI SEKTOR PUBLIK,Sarjana Terapan,29,655,22.586206896551722,92,92,Tidak Ada
324,"UPN ""VETERAN"" JAKARTA",Akademik,13241001,TEKNIK MESIN,Sarjana,28,521,18.607142857142858,85,85,Tidak Ada
324,"UPN ""VETERAN"" JAKARTA",Akademik,13241002,TEKNIK PERKAPALAN,Sarjana,14,263,18.785714285714285,86,86,Tidak Ada
324,"UPN ""VETERAN"" JAKARTA",Akademik,13241003,TEKNIK INDUSTRI,Sarjana,28,929,33.17857142857143,89,89,Tidak Ada
324,"UPN ""VETERAN"" JAKARTA",Akademik,13241004,INFORMATIKA,Sarjana,42,930,22.142857142857142,93,93,Tidak Ada
324,"UPN ""VETERAN"" JAKARTA",Akademik,13241005,SISTEM INFORMASI,Sarjana,42,1132,26.952380952380953,88,88,Tidak Ada
324,"UPN ""VETERAN"" JAKARTA",Akademik,13241006,KEDOKTERAN,Sarjana,41,928,22.634146341463413,92,92,Tidak Ada
324,"UPN ""VETERAN"" JAKARTA",Akademik,13241007,KEPERAWATAN,Sarjana,28,1098,39.214285714285715,94,94,Tidak Ada
324,"UPN ""VETERAN"" JAKARTA",Akademik,13241008,KESEHATAN MASYARAKAT,Sarjana,42,1026,24.428571428571427,95,95,Tidak Ada
324,"UPN ""VETERAN"" JAKARTA",Akademik,13241009,GIZI,Sarjana,28,741,26.464285714285715,91,91,Tidak Ada
324,"UPN ""VETERAN"" JAKARTA",Akademik,13241010,TEKNIK ELEKTRO,Sarjana,24,532,22.166666666666668,95,95,Tidak Ada
324,"UPN ""VETERAN"" JAKARTA",Akademik,13241011,FARMASI,Sarjana,12,828,69.0,89,89,Tidak Ada
324,"UPN ""VETERAN"" JAKARTA",Akademik,13241012,FISIOTERAPI,Sarjana,14,417,29.785714285714285,90,90,Tidak Ada
324,"UPN ""VETERAN"" JAKARTA",Akademik,13241013,MANAJEMEN,Sarjana,64,1482,23.15625,95,95,Tidak Ada
324,"UPN ""VETERAN"" JAKARTA",Akademik,13241014,AKUNTANSI,Sarjana,64,1402,21.90625,94,94,Tidak Ada
324,"UPN ""VETERAN"" JAKARTA",Akademik,13241015,HUBUNGAN INTERNASIONAL,Sarjana,48,573,11.9375,90,90,Tidak Ada
324,"UPN ""VETERAN"" JAKARTA",Akademik,13241016,ILMU KOMUNIKASI,Sarjana,72,1949,27.069444444444443,89,89,Tidak Ada
324,"UPN ""VETERAN"" JAKARTA",Akademik,13241017,HUKUM,Sarjana,96,1024,10.666666666666666,86,86,Tidak Ada
324,"UPN ""VETERAN"" JAKARTA",Akademik,13241018,EKONOMI PEMBANGUNAN,Sarjana,24,600,25.0,92,92,Tidak Ada
324,"UPN ""VETERAN"" JAKARTA",Akademik,13241019,EKONOMI SYARIAH,Sarjana,24,412,17.166666666666668,85,85,Tidak Ada
324,"UPN ""VETERAN"" JAKARTA",Akademik,13241020,ILMU POLITIK,Sarjana,40,443,11.075,88,88,Tidak Ada
324,"UPN ""VETERAN"" JAKARTA",Akademik,13241028,SAINS INFORMASI,Sarjana,24,352,14.666666666666666,86,86,Tidak Ada
324,"UPN ""VETERAN"" JAKARTA",Akademik,13241029,"KAJIAN FILM, TELEVISI, DAN MEDIA",Sarjana,8,265,33.125,93,93,Tidak Ada
324,"UPN ""VETERAN"" JAKARTA",Akademik,13241030,SAINS DATA,Sarjana,7,179,25.571428571428573,91,91,Tidak Ada
324,"UPN ""VETERAN"" JAKARTA",Akademik,13241031,BIOLOGI,Sarjana,6,0,0.0,76,76,Tidak Ada
324,"UPN ""VETERAN"" JAKARTA",Akademik,13241032,HUKUM BISNIS,Sarjana,16,0,0.0,78,78,Tidak Ada
324,"UPN ""VETERAN"" JAKARTA",Akademik,13243021,KEPERAWATAN,Diploma Tiga,14,329,23.5,94,94,Tidak Ada
324,"UPN ""VETERAN"" JAKARTA",Akademik,13243022,FISIOTERAPI,Diploma Tiga,14,208,14.857142857142858,87,87,Tidak Ada
324,"UPN ""VETERAN"" JAKARTA",Akademik,13243024,SISTEM INFORMASI,Diploma Tiga,28,222,7.928571428571429,85,85,Tidak Ada
324,"UPN ""VETERAN"" JAKARTA",Akademik,13243025,PERBANKAN DAN KEUANGAN,Diploma Tiga,24,330,13.75,85,85,Tidak Ada
324,"UPN ""VETERAN"" JAKARTA",Akademik,13243026,AKUNTANSI,Diploma Tiga,24,322,13.416666666666666,86,86,Tidak Ada
329,UNIVERSITAS TERBUKA,Akademik,13291028,SISTEM INFORMASI (UT BOGOR),Sarjana,37,0,0.0,81,81,Tidak Ada
329,UNIVERSITAS TERBUKA,Akademik,13291029,SISTEM INFORMASI (UT YOGYAKARTA),Sarjana,37,0,0.0,82,82,Tidak Ada
329,UNIVERSITAS TERBUKA,Akademik,13291030,ILMU KOMUNIKASI (UT BANDUNG),Sarjana,37,0,0.0,81,81,Tidak Ada
329,UNIVERSITAS TERBUKA,Akademik,13291031,ILMU KOMUNIKASI (UT PALEMBANG),Sarjana,37,0,0.0,75,75,Tidak Ada
329,UNIVERSITAS TERBUKA,Akademik,13291032,ILMU HUKUM (UT PALU),Sarjana,37,0,0.0,82,82,Tidak Ada
329,UNIVERSITAS TERBUKA,Akademik,13291033,AKUNTANSI (UT JEMBER),Sarjana,37,0,0.0,82,82,Tidak Ada
329,UNIVERSITAS TERBUKA,Akademik,13291034,MANAJEMEN (UT BOGOR),Sarjana,37,0,0.0,75,75,Tidak Ada
329,UNIVERSITAS TERBUKA,Akademik,13291035,PENDIDIKAN GURU SEKOLAH DASAR (UT BANDUNG),Sarjana,37,0,0.0,81,81,Tidak Ada
329,UNIVERSITAS TERBUKA,Akademik,13291036,TEKNOLOGI PENDIDIKAN (UT SURABAYA),Sarjana,37,0,0.0,82,82,Tidak Ada
329,UNIVERSITAS TERBUKA,Akademik,13292037,KEARSIPAN (UT JEMBER),Sarjana Terapan,37,0,0.0,78,78,Tidak Ada
331,UNIVERSITAS SINGAPERBANGSA KARAWANG,Akademik,13311001,AGROTEKNOLOGI,Sarjana,81,325,4.012345679012346,79,79,Tidak Ada
331,UNIVERSITAS SINGAPERBANGSA KARAWANG,Akademik,13311002,TEKNIK INDUSTRI,Sarjana,70,793,11.32857142857143,89,89,Tidak Ada
331,UNIVERSITAS SINGAPERBANGSA KARAWANG,Akademik,13311003,TEKNIK MESIN,Sarjana,49,429,8.755102040816327,85,85,Tidak Ada
331,UNIVERSITAS SINGAPERBANGSA KARAWANG,Akademik,13311004,TEKNIK ELEKTRO,Sarjana,48,350,7.291666666666667,86,86,Tidak Ada
331,UNIVERSITAS SINGAPERBANGSA KARAWANG,Akademik,13311005,INFORMATIKA,Sarjana,38,650,17.105263157894736,85,85,Tidak Ada
331,UNIVERSITAS SINGAPERBANGSA KARAWANG,Akademik,13311006,PEND. MATEMATIKA,Sarjana,72,246,3.4166666666666665,81,81,Tidak Ada
331,UNIVERSITAS SINGAPERBANGSA KARAWANG,Akademik,13311007,AGRIBISNIS,Sarjana,60,300,5.0,85,85,Tidak Ada
331,UNIVERSITAS SINGAPERBANGSA KARAWANG,Akademik,13311008,FARMASI,Sarjana,40,805,20.125,89,89,Tidak Ada
331,UNIVERSITAS SINGAPERBANGSA KARAWANG,Akademik,13311009,GIZI,Sarjana,40,488,12.2,87,87,Tidak Ada
331,UNIVERSITAS SINGAPERBANGSA KARAWANG,Akademik,13311010,TEKNIK KIMIA,Sarjana,30,186,6.2,87,87,Tidak Ada
331,UNIVERSITAS SINGAPERBANGSA KARAWANG,Akademik,13311011,ILMU KEOLAHRAGAAN,Sarjana,40,86,2.15,80,80,Olahraga
331,UNIVERSITAS SINGAPERBANGSA KARAWANG,Akademik,13311012,SISTEM INFORMASI,Sarjana,33,461,13.969696969696969,89,89,Tidak Ada
331,UNIVERSITAS SINGAPERBANGSA KARAWANG,Akademik,13311013,TEKNIK LINGKUNGAN,Sarjana,30,256,8.533333333333333,80,80,Tidak Ada
331,UNIVERSITAS SINGAPERBANGSA KARAWANG,Akademik,13311014,ILMU HUKUM,Sarjana,126,615,4.880952380952381,82,82,Tidak Ada
331,UNIVERSITAS SINGAPERBANGSA KARAWANG,Akademik,13311015,MANAJEMEN,Sarjana,105,1108,10.552380952380952,88,88,Tidak Ada
331,UNIVERSITAS SINGAPERBANGSA KARAWANG,Akademik,13311016,AKUNTANSI,Sarjana,97,858,8.845360824742269,85,85,Tidak Ada
331,UNIVERSITAS SINGAPERBANGSA KARAWANG,Akademik,13311017,PENDIDIKAN MASYARAKAT,Sarjana,42,209,4.976190476190476,76,76,Tidak Ada
331,UNIVERSITAS SINGAPERBANGSA KARAWANG,Akademik,13311018,PEND. BAHASA INGGRIS,Sarjana,71,361,5.084507042253521,80,80,Tidak Ada
331,UNIVERSITAS SINGAPERBANGSA KARAWANG,Akademik,13311019,"PEND. JASMANI, KESEHATAN DAN REKREASI",Sarjana,70,174,2.4857142857142858,77,77,Olahraga
331,UNIVERSITAS SINGAPERBANGSA KARAWANG,Akademik,13311020,PEND. BAHASA DAN SASTRA INDONESIA,Sarjana,70,389,5.557142857142857,82,82,Tidak Ada
331,UNIVERSITAS SINGAPERBANGSA KARAWANG,Akademik,13311021,ILMU PEMERINTAHAN,Sarjana,70,377,5.385714285714286,81,81,Tidak Ada
331,UNIVERSITAS SINGAPERBANGSA KARAWANG,Akademik,13311022,ILMU KOMUNIKASI,Sarjana,70,760,10.857142857142858,85,85,Tidak Ada
331,UNIVERSITAS SINGAPERBANGSA KARAWANG,Akademik,13311023,HUBUNGAN INTERNASIONAL,Sarjana,37,253,6.837837837837838,87,87,Tidak Ada
331,UNIVERSITAS SINGAPERBANGSA KARAWANG,Akademik,13311027,ADMINISTRASI RUMAH SAKIT,Sarjana,40,427,10.675,87,87,Tidak Ada
331,UNIVERSITAS SINGAPERBANGSA KARAWANG,Akademik,13311028,TEKNIK SIPIL,Sarjana,30,227,7.566666666666666,82,82,Tidak Ada
331,UNIVERSITAS SINGAPERBANGSA KARAWANG,Akademik,13311029,FISIKA,Sarjana,20,41,2.05,82,82,Tidak Ada
331,UNIVERSITAS SINGAPERBANGSA KARAWANG,Akademik,13311030,KIMIA,Sarjana,20,0,0.0,80,80,Tidak Ada
331,UNIVERSITAS SINGAPERBANGSA KARAWANG,Akademik,13311031,ARSITEKTUR,Sarjana,20,0,0.0,80,80,Tidak Ada
331,UNIVERSITAS SINGAPERBANGSA KARAWANG,Akademik,13311032,STATISTIKA,Sarjana,20,0,0.0,78,78,Tidak Ada
331,UNIVERSITAS SINGAPERBANGSA KARAWANG,Akademik,13311033,TEKNOLOGI INDUSTRI PERTANIAN,Sarjana,24,0,0.0,82,82,Tidak Ada
331,UNIVERSITAS SINGAPERBANGSA KARAWANG,Akademik,13311034,KEBIDANAN,Sarjana,24,0,0.0,81,81,Tidak Ada
331,UNIVERSITAS SINGAPERBANGSA KARAWANG,Akademik,13313024,AKUNTANSI,Diploma Tiga,48,158,3.2916666666666665,82,82,Tidak Ada
331,UNIVERSITAS SINGAPERBANGSA KARAWANG,Akademik,13313025,TEKNIK MESIN,Diploma Tiga,28,105,3.75,80,80,Tidak Ada
331,UNIVERSITAS SINGAPERBANGSA KARAWANG,Akademik,13313026,KEBIDANAN,Diploma Tiga,28,282,10.071428571428571,90,90,Tidak Ada
332,INSTITUT TEKNOLOGI BANDUNG,Akademik,13321001,FAKULTAS ILMU DAN TEKNOLOGI KEBUMIAN (FITB),Sarjana,90,1172,13.022222222222222,90,90,Tidak Ada
332,INSTITUT TEKNOLOGI BANDUNG,Akademik,13321002,FAKULTAS TEKNIK PERTAMBANGAN DAN PERMINYAKAN (FTTM),Sarjana,80,2842,35.525,93,93,Tidak Ada
332,INSTITUT TEKNOLOGI BANDUNG,Akademik,13321005,SEKOLAH FARMASI (SF),Sarjana,40,1061,26.525,90,90,Tidak Ada
332,INSTITUT TEKNOLOGI BANDUNG,Akademik,13321006,SEKOLAH ILMU DAN TEKNOLOGI HAYATI - SAINS (SITH-S),Sarjana,30,390,13.0,85,85,Tidak Ada
332,INSTITUT TEKNOLOGI BANDUNG,Akademik,13321009,FAKULTAS TEKNIK MESIN DAN DIRGANTARA (FTMD),Sarjana,70,1506,21.514285714285716,90,90,Tidak Ada
332,INSTITUT TEKNOLOGI BANDUNG,Akademik,13321012,SEKOLAH ILMU DAN TEKNOLOGI HAYATI - REKAYASA (SITH-R),Sarjana,50,635,12.7,88,88,Tidak Ada
332,INSTITUT TEKNOLOGI BANDUNG,Akademik,13321015,FAKULTAS TEKNOLOGI INDUSTRI - KAMPUS CIREBON (FTI-C),Sarjana,22,477,21.681818181818183,91,91,Tidak Ada
332,INSTITUT TEKNOLOGI BANDUNG,Akademik,13321017,FAKULTAS TEKNIK PERTAMBANGAN DAN PERMINYAKAN - KAMPUS CIREBON (FTTM-C),Sarjana,50,900,18.0,87,87,Tidak Ada
332,INSTITUT TEKNOLOGI BANDUNG,Akademik,13321018,FAKULTAS ILMU DAN TEKNOLOGI KEBUMIAN - KAMPUS CIREBON (FITB-C),Sarjana,20,229,11.45,85,85,Tidak Ada
332,INSTITUT TEKNOLOGI BANDUNG,Akademik,13321019,FAKULTAS MATEMATIKA DAN ILMU PENGETAHUAN ALAM - MATEMATIKA (FMIPA-M),Sarjana,40,586,14.65,89,89,Tidak Ada
332,INSTITUT TEKNOLOGI BANDUNG,Akademik,13321020,FAKULTAS MATEMATIKA DAN ILMU PENGETAHUAN ALAM - IPA (FMIPA-IPA),Sarjana,70,716,10.228571428571428,86,86,Tidak Ada
332,INSTITUT TEKNOLOGI BANDUNG,Akademik,13321021,SEKOLAH TEKNIK ELEKTRO DAN INFORMATIKA - KOMPUTASI (STEI-K),Sarjana,45,2381,52.91111111111111,89,89,Tidak Ada
332,INSTITUT TEKNOLOGI BANDUNG,Akademik,13321022,SEKOLAH TEKNIK ELEKTRO DAN INFORMATIKA - REKAYASA (STEI-R),Sarjana,50,1216,24.32,89,89,Tidak Ada
332,INSTITUT TEKNOLOGI BANDUNG,Akademik,13321023,FAKULTAS SENIRUPA DAN DESAIN (FSRD),Sarjana,80,1219,15.2375,89,89,"Seni Rupa, Desain, dan Kriya"
332,INSTITUT TEKNOLOGI BANDUNG,Akademik,13321024,SEKOLAH BISNIS DAN MANAJEMEN (SBM),Sarjana,40,1264,31.6,93,93,Tidak Ada
332,INSTITUT TEKNOLOGI BANDUNG,Akademik,13321025,FAKULTAS SENIRUPA DAN DESAIN - KAMPUS CIREBON (FSRD-C),Sarjana,34,183,5.382352941176471,83,83,"Seni Rupa, Desain, dan Kriya"
332,INSTITUT TEKNOLOGI BANDUNG,Akademik,13321026,"FAKULTAS TEKNIK SIPIL DAN LINGKUNGAN - INFRASTRUKTUR SIPIL, LINGKUNGAN, DAN KELAUTAN",Sarjana,60,935,15.583333333333334,88,88,Tidak Ada
332,INSTITUT TEKNOLOGI BANDUNG,Akademik,13321027,FAKULTAS TEKNIK SIPIL DAN LINGKUNGAN - INFRASTRUKTUR SUMBER DAYA AIR DAN SANITASI LINGKUNGAN,Sarjana,26,692,26.615384615384617,91,91,Tidak Ada
332,INSTITUT TEKNOLOGI BANDUNG,Akademik,13321028,FAKULTAS TEKNOLOGI INDUSTRI - SISTEM DAN PROSES (FTI-SP),Sarjana,75,1134,15.12,85,85,Tidak Ada
332,INSTITUT TEKNOLOGI BANDUNG,Akademik,13321029,FAKULTAS TEKNOLOGI INDUSTRI - REKAYASA INDUSTRI (FTI-RI),Sarjana,40,786,19.65,88,88,Tidak Ada
332,INSTITUT TEKNOLOGI BANDUNG,Akademik,13321034,SEKOLAH ILMU DAN TEKNOLOGI HAYATI - KAMPUS CIREBON (SITH-C),Sarjana,12,133,11.083333333333334,86,86,Tidak Ada
332,INSTITUT TEKNOLOGI BANDUNG,Akademik,13321036,ARSITEKTUR,Sarjana,20,0,0.0,82,82,Tidak Ada
332,INSTITUT TEKNOLOGI BANDUNG,Akademik,13321037,PERENCANAAN WILAYAH DAN KOTA,Sarjana,25,0,0.0,82,82,Tidak Ada
332,INSTITUT TEKNOLOGI BANDUNG,Akademik,13321038,PERENCANAAN WILAYAH DAN KOTA - KAMPUS CIREBON,Sarjana,20,0,0.0,76,76,Tidak Ada
333,UNIVERSITAS PADJADJARAN,Akademik,13331001,PENDIDIKAN DOKTER,Sarjana,67,1572,23.46268656716418,90,90,Tidak Ada
333,UNIVERSITAS PADJADJARAN,Akademik,13331002,MATEMATIKA,Sarjana,34,419,12.323529411764707,85,85,Tidak Ada
333,UNIVERSITAS PADJADJARAN,Akademik,13331003,KIMIA,Sarjana,40,455,11.375,89,89,Tidak Ada
333,UNIVERSITAS PADJADJARAN,Akademik,13331004,FISIKA,Sarjana,34,329,9.676470588235293,86,86,Tidak Ada
333,UNIVERSITAS PADJADJARAN,Akademik,13331005,BIOLOGI,Sarjana,40,465,11.625,88,88,Tidak Ada
333,UNIVERSITAS PADJADJARAN,Akademik,13331006,STATISTIKA,Sarjana,33,480,14.545454545454545,87,87,Tidak Ada
333,UNIVERSITAS PADJADJARAN,Akademik,13331007,AGROTEKNOLOGI,Sarjana,134,983,7.335820895522388,82,82,Tidak Ada
333,UNIVERSITAS PADJADJARAN,Akademik,13331008,AGRIBISNIS,Sarjana,41,490,11.951219512195122,88,88,Tidak Ada
333,UNIVERSITAS PADJADJARAN,Akademik,13331009,PENDIDIKAN DOKTER GIGI,Sarjana,30,705,23.5,88,88,Tidak Ada
333,UNIVERSITAS PADJADJARAN,Akademik,13331010,ILMU PETERNAKAN,Sarjana,122,774,6.344262295081967,81,81,Tidak Ada
333,UNIVERSITAS PADJADJARAN,Akademik,13331011,PERIKANAN,Sarjana,69,505,7.318840579710145,85,85,Tidak Ada
333,UNIVERSITAS PADJADJARAN,Akademik,13331012,ILMU KEPERAWATAN,Sarjana,58,2152,37.10344827586207,92,92,Tidak Ada
333,UNIVERSITAS PADJADJARAN,Akademik,13331013,ILMU KELAUTAN,Sarjana,43,508,11.813953488372093,90,90,Tidak Ada
333,UNIVERSITAS PADJADJARAN,Akademik,13331014,TEKNOLOGI  PANGAN,Sarjana,41,873,21.29268292682927,89,89,Tidak Ada
333,UNIVERSITAS PADJADJARAN,Akademik,13331015,TEKNIK PERTANIAN,Sarjana,48,602,12.541666666666666,90,90,Tidak Ada
333,UNIVERSITAS PADJADJARAN,Akademik,13331016,FARMASI,Sarjana,50,2311,46.22,90,90,Tidak Ada
333,UNIVERSITAS PADJADJARAN,Akademik,13331017,TEKNIK GEOLOGI,Sarjana,54,902,16.703703703703702,85,85,Tidak Ada
333,UNIVERSITAS PADJADJARAN,Akademik,13331018,PSIKOLOGI,Sarjana,47,2028,43.148936170212764,88,88,Tidak Ada
333,UNIVERSITAS PADJADJARAN,Akademik,13331019,GEOFISIKA,Sarjana,22,319,14.5,87,87,Tidak Ada
333,UNIVERSITAS PADJADJARAN,Akademik,13331020,TEKNIK INFORMATIKA,Sarjana,23,1514,65.82608695652173,90,90,Tidak Ada
333,UNIVERSITAS PADJADJARAN,Akademik,13331021,TEKNOLOGI INDUSTRI PERTANIAN,Sarjana,28,387,13.821428571428571,86,86,Tidak Ada
333,UNIVERSITAS PADJADJARAN,Akademik,13331022,TEKNIK ELEKTRO,Sarjana,30,665,22.166666666666668,93,93,Tidak Ada
333,UNIVERSITAS PADJADJARAN,Akademik,13331023,KEDOKTERAN HEWAN,Sarjana,12,293,24.416666666666668,90,90,Tidak Ada
333,UNIVERSITAS PADJADJARAN,Akademik,13331028,ILMU AKTUARIA,Sarjana,13,340,26.153846153846153,94,94,Tidak Ada
333,UNIVERSITAS PADJADJARAN,Akademik,13331030,PERIKANAN PSDKU PANGANDARAN,Sarjana,23,161,7.0,84,84,Tidak Ada
333,UNIVERSITAS PADJADJARAN,Akademik,13331031,PETERNAKAN PSDKU PANGANDARAN,Sarjana,13,121,9.307692307692308,84,84,Tidak Ada
333,UNIVERSITAS PADJADJARAN,Akademik,13331032,KEPERAWATAN PSDKU PANGANDARAN,Sarjana,18,293,16.27777777777778,88,88,Tidak Ada
333,UNIVERSITAS PADJADJARAN,Akademik,13331033,ILMU HUKUM,Sarjana,88,2079,23.625,92,92,Tidak Ada
333,UNIVERSITAS PADJADJARAN,Akademik,13331034,AKUNTANSI,Sarjana,32,1341,41.90625,94,94,Tidak Ada
333,UNIVERSITAS PADJADJARAN,Akademik,13331035,ILMU EKONOMI,Sarjana,41,872,21.26829268292683,90,90,Tidak Ada
333,UNIVERSITAS PADJADJARAN,Akademik,13331036,MANAJEMEN,Sarjana,33,1654,50.121212121212125,89,89,Tidak Ada
333,UNIVERSITAS PADJADJARAN,Akademik,13331037,ADMINISTRASI PUBLIK,Sarjana,27,758,28.074074074074073,91,91,Tidak Ada
333,UNIVERSITAS PADJADJARAN,Akademik,13331038,ILMU HUBUNGAN INTERNASIONAL,Sarjana,28,752,26.857142857142858,94,94,Tidak Ada
333,UNIVERSITAS PADJADJARAN,Akademik,13331039,ILMU KESEJAHTERAAN SOSIAL,Sarjana,22,348,15.818181818181818,87,87,Tidak Ada
333,UNIVERSITAS PADJADJARAN,Akademik,13331040,ILMU PEMERINTAHAN,Sarjana,21,368,17.523809523809526,89,89,Tidak Ada
333,UNIVERSITAS PADJADJARAN,Akademik,13331041,ANTROPOLOGI,Sarjana,13,358,27.53846153846154,88,88,Tidak Ada
333,UNIVERSITAS PADJADJARAN,Akademik,13331042,ILMU ADMINISTRASI BISNIS,Sarjana,30,970,32.333333333333336,92,92,Tidak Ada
333,UNIVERSITAS PADJADJARAN,Akademik,13331043,SASTRA INDONESIA,Sarjana,37,395,10.675675675675675,86,86,Tidak Ada
333,UNIVERSITAS PADJADJARAN,Akademik,13331044,SASTRA SUNDA,Sarjana,20,233,11.65,88,88,Tidak Ada
333,UNIVERSITAS PADJADJARAN,Akademik,13331045,ILMU SEJARAH,Sarjana,38,458,12.052631578947368,89,89,Tidak Ada
333,UNIVERSITAS PADJADJARAN,Akademik,13331046,SASTRA INGGRIS,Sarjana,28,800,28.571428571428573,94,94,Tidak Ada
333,UNIVERSITAS PADJADJARAN,Akademik,13331047,SASTRA PERANCIS,Sarjana,22,214,9.727272727272727,80,80,Tidak Ada
333,UNIVERSITAS PADJADJARAN,Akademik,13331048,SASTRA JEPANG,Sarjana,39,562,14.41025641025641,90,90,Tidak Ada
333,UNIVERSITAS PADJADJARAN,Akademik,13331049,SASTRA RUSIA,Sarjana,21,160,7.619047619047619,81,81,Tidak Ada
333,UNIVERSITAS PADJADJARAN,Akademik,13331050,SASTRA JERMAN,Sarjana,19,295,15.526315789473685,90,90,Tidak Ada
333,UNIVERSITAS PADJADJARAN,Akademik,13331051,SASTRA ARAB,Sarjana,38,395,10.394736842105264,88,88,Tidak Ada
333,UNIVERSITAS PADJADJARAN,Akademik,13331052,ILMU KOMUNIKASI,Sarjana,31,1541,49.70967741935484,92,92,Tidak Ada
333,UNIVERSITAS PADJADJARAN,Akademik,13331053,PERPUSTAKAAN DAN SAINS INFORMASI,Sarjana,40,329,8.225,87,87,Tidak Ada
333,UNIVERSITAS PADJADJARAN,Akademik,13331054,SOSIOLOGI,Sarjana,14,385,27.5,90,90,Tidak Ada
333,UNIVERSITAS PADJADJARAN,Akademik,13331055,ILMU POLITIK,Sarjana,16,302,18.875,87,87,Tidak Ada
333,UNIVERSITAS PADJADJARAN,Akademik,13331056,HUBUNGAN MASYARAKAT,Sarjana,27,455,16.85185185185185,88,88,Tidak Ada
333,UNIVERSITAS PADJADJARAN,Akademik,13331057,EKONOMI ISLAM,Sarjana,50,368,7.36,82,82,Tidak Ada
333,UNIVERSITAS PADJADJARAN,Akademik,13331058,MANAJEMEN KOMUNIKASI,Sarjana,34,569,16.735294117647058,86,86,Tidak Ada
333,UNIVERSITAS PADJADJARAN,Akademik,13331059,JURNALISTIK,Sarjana,33,408,12.363636363636363,88,88,Tidak Ada
333,UNIVERSITAS PADJADJARAN,Akademik,13331060,TELEVISI DAN FILM,Sarjana,34,537,15.794117647058824,86,86,Tidak Ada
333,UNIVERSITAS PADJADJARAN,Akademik,13331064,BISNIS DIGITAL,Sarjana,25,1004,40.16,95,95,Tidak Ada
333,UNIVERSITAS PADJADJARAN,Akademik,13331065,ADMINISTRASI BISNIS PSDKU PANGANDARAN,Sarjana,13,270,20.76923076923077,88,88,Tidak Ada
333,UNIVERSITAS PADJADJARAN,Akademik,13331066,ILMU KOMUNIKASI PSDKU PANGANDARAN,Sarjana,16,225,14.0625,90,90,Tidak Ada
333,UNIVERSITAS PADJADJARAN,Akademik,13331081,REKAYASA KOSMETIK,Sarjana,12,0,0.0,80,80,Tidak Ada
333,UNIVERSITAS PADJADJARAN,Akademik,13332067,AKUNTANSI PERPAJAKAN,Sarjana Terapan,30,515,17.166666666666668,85,85,Tidak Ada
333,UNIVERSITAS PADJADJARAN,Akademik,13332068,AKUNTANSI SEKTOR PUBLIK,Sarjana Terapan,39,578,14.820512820512821,85,85,Tidak Ada
333,UNIVERSITAS PADJADJARAN,Akademik,13332069,BISNIS INTERNASIONAL,Sarjana Terapan,20,299,14.95,89,89,Tidak Ada
333,UNIVERSITAS PADJADJARAN,Akademik,13332070,PEMASARAN DIGITAL,Sarjana Terapan,13,220,16.923076923076923,88,88,Tidak Ada
333,UNIVERSITAS PADJADJARAN,Akademik,13332071,KEBIDANAN,Sarjana Terapan,10,558,55.8,95,95,Tidak Ada
333,UNIVERSITAS PADJADJARAN,Akademik,13332072,TEKNOLOGI INDUSTRI KIMIA,Sarjana Terapan,18,254,14.11111111111111,86,86,Tidak Ada
333,UNIVERSITAS PADJADJARAN,Akademik,13332073,AGROTEKNOPRENEUR,Sarjana Terapan,25,157,6.28,82,82,Tidak Ada
333,UNIVERSITAS PADJADJARAN,Akademik,13332074,ADMINISTRASI KEUANGAN PUBLIK,Sarjana Terapan,19,296,15.578947368421053,87,87,Tidak Ada
333,UNIVERSITAS PADJADJARAN,Akademik,13332075,ADMINISTRASI PEMERINTAHAN,Sarjana Terapan,16,208,13.0,90,90,Tidak Ada
333,UNIVERSITAS PADJADJARAN,Akademik,13332076,BISNIS LOGISTIK,Sarjana Terapan,17,200,11.764705882352942,86,86,Tidak Ada
333,UNIVERSITAS PADJADJARAN,Akademik,13332077,KEARSIPAN DIGITAL,Sarjana Terapan,11,188,17.09090909090909,90,90,Tidak Ada
333,UNIVERSITAS PADJADJARAN,Akademik,13332078,BAHASA DAN BUDAYA TIONGKOK,Sarjana Terapan,16,235,14.6875,90,90,Tidak Ada
333,UNIVERSITAS PADJADJARAN,Akademik,13332079,MANAJEMEN PRODUKSI MEDIA,Sarjana Terapan,25,317,12.68,88,88,Tidak Ada
333,UNIVERSITAS PADJADJARAN,Akademik,13332080,PARIWISATA BAHARI,Sarjana Terapan,39,433,11.102564102564102,87,87,Tidak Ada
334,UNIVERSITAS PENDIDIKAN INDONESIA,Akademik,13341001,PENDIDIKAN MATEMATIKA,Sarjana,19,531,27.94736842105263,94,94,Tidak Ada
334,UNIVERSITAS PENDIDIKAN INDONESIA,Akademik,13341002,PENDIDIKAN FISIKA,Sarjana,45,213,4.733333333333333,75,75,Tidak Ada
334,UNIVERSITAS PENDIDIKAN INDONESIA,Akademik,13341003,PENDIDIKAN BIOLOGI,Sarjana,23,472,20.52173913043478,95,95,Tidak Ada
334,UNIVERSITAS PENDIDIKAN INDONESIA,Akademik,13341004,PENDIDIKAN KIMIA,Sarjana,16,246,15.375,85,85,Tidak Ada
334,UNIVERSITAS PENDIDIKAN INDONESIA,Akademik,13341005,PENDIDIKAN ILMU KOMPUTER,Sarjana,30,396,13.2,87,87,Tidak Ada
334,UNIVERSITAS PENDIDIKAN INDONESIA,Akademik,13341006,MATEMATIKA,Sarjana,17,315,18.529411764705884,88,88,Tidak Ada
334,UNIVERSITAS PENDIDIKAN INDONESIA,Akademik,13341007,FISIKA,Sarjana,32,189,5.90625,85,85,Tidak Ada
334,UNIVERSITAS PENDIDIKAN INDONESIA,Akademik,13341008,BIOLOGI,Sarjana,20,324,16.2,87,87,Tidak Ada
334,UNIVERSITAS PENDIDIKAN INDONESIA,Akademik,13341009,KIMIA,Sarjana,20,286,14.3,87,87,Tidak Ada
334,UNIVERSITAS PENDIDIKAN INDONESIA,Akademik,13341010,ILMU KOMPUTER,Sarjana,16,930,58.125,88,88,Tidak Ada
334,UNIVERSITAS PENDIDIKAN INDONESIA,Akademik,13341011,PENDIDIKAN TEKNIK ARSITEKTUR,Sarjana,17,139,8.176470588235293,87,87,Tidak Ada
334,UNIVERSITAS PENDIDIKAN INDONESIA,Akademik,13341012,PENDIDIKAN TEKNIK BANGUNAN,Sarjana,31,112,3.6129032258064515,82,82,Tidak Ada
334,UNIVERSITAS PENDIDIKAN INDONESIA,Akademik,13341013,PENDIDIKAN TEKNIK ELEKTRO,Sarjana,31,137,4.419354838709677,80,80,Tidak Ada
334,UNIVERSITAS PENDIDIKAN INDONESIA,Akademik,13341014,PENDIDIKAN TEKNIK MESIN,Sarjana,35,291,8.314285714285715,83,83,Tidak Ada
334,UNIVERSITAS PENDIDIKAN INDONESIA,Akademik,13341015,ILMU KEOLAHRAGAAN,Sarjana,67,412,6.149253731343284,83,83,Olahraga
334,UNIVERSITAS PENDIDIKAN INDONESIA,Akademik,13341016,TEKNIK ELEKTRO,Sarjana,17,451,26.529411764705884,90,90,Tidak Ada
334,UNIVERSITAS PENDIDIKAN INDONESIA,Akademik,13341017,PENDIDIKAN TEKNOLOGI AGRO INDUSTRI,Sarjana,28,274,9.785714285714286,87,87,Tidak Ada
334,UNIVERSITAS PENDIDIKAN INDONESIA,Akademik,13341018,TEKNIK SIPIL,Sarjana,46,722,15.695652173913043,88,88,Tidak Ada
334,UNIVERSITAS PENDIDIKAN INDONESIA,Akademik,13341019,PENDIDIKAN ILMU PENGETAHUAN ALAM,Sarjana,17,205,12.058823529411764,85,85,Tidak Ada
334,UNIVERSITAS PENDIDIKAN INDONESIA,Akademik,13341020,ARSITEKTUR,Sarjana,25,559,22.36,95,95,Tidak Ada
334,UNIVERSITAS PENDIDIKAN INDONESIA,Akademik,13341021,PENDIDIKAN KELAUTAN DAN PERIKANAN KAMPUS SERANG,Sarjana,60,86,1.4333333333333333,82,82,Tidak Ada
334,UNIVERSITAS PENDIDIKAN INDONESIA,Akademik,13341022,PENDIDIKAN MULTIMEDIA KAMPUS CIBIRU,Sarjana,29,238,8.206896551724139,85,85,Tidak Ada
334,UNIVERSITAS PENDIDIKAN INDONESIA,Akademik,13341023,PENDIDIKAN SISTEM DAN TEKNOLOGI INFORMASI KAMPUS PURWAKARTA,Sarjana,40,258,6.45,83,83,Tidak Ada
334,UNIVERSITAS PENDIDIKAN INDONESIA,Akademik,13341024,PENDIDIKAN TEKNIK OTOMOTIF,Sarjana,16,246,15.375,85,85,Tidak Ada
334,UNIVERSITAS PENDIDIKAN INDONESIA,Akademik,13341025,SISTEM INFORMASI KELAUTAN KAMPUS SERANG,Sarjana,41,106,2.5853658536585367,77,77,Tidak Ada
334,UNIVERSITAS PENDIDIKAN INDONESIA,Akademik,13341026,KEPELATIHAN FISIK OLAHRAGA,Sarjana,41,206,5.024390243902439,84,84,Olahraga
334,UNIVERSITAS PENDIDIKAN INDONESIA,Akademik,13341027,REKAYASA PERANGKAT LUNAK (KAMPUS UPI CIBIRU),Sarjana,35,361,10.314285714285715,86,86,Tidak Ada
334,UNIVERSITAS PENDIDIKAN INDONESIA,Akademik,13341028,SISTEM TELEKOMUNIKASI (KAMPUS UPI PURWAKARTA),Sarjana,38,230,6.052631578947368,85,85,Tidak Ada
334,UNIVERSITAS PENDIDIKAN INDONESIA,Akademik,13341029,KEPERAWATAN - KAMPUS SUMEDANG,Sarjana,48,1204,25.083333333333332,91,91,Tidak Ada
334,UNIVERSITAS PENDIDIKAN INDONESIA,Akademik,13341030,TEKNIK LOGISTIK,Sarjana,16,196,12.25,89,89,Tidak Ada
334,UNIVERSITAS PENDIDIKAN INDONESIA,Akademik,13341031,PENDIDIKAN TEKNIK OTOMASI INDUSTRI DAN ROBOTIKA,Sarjana,30,169,5.633333333333334,84,84,Tidak Ada
334,UNIVERSITAS PENDIDIKAN INDONESIA,Akademik,13341032,TEKNIK KOMPUTER - KAMPUS CIBIRU,Sarjana,23,306,13.304347826086957,87,87,Tidak Ada
334,UNIVERSITAS PENDIDIKAN INDONESIA,Akademik,13341033,LOGISTIK KELAUTAN - KAMPUS SERANG,Sarjana,40,165,4.125,79,79,Tidak Ada
334,UNIVERSITAS PENDIDIKAN INDONESIA,Akademik,13341034,GIZI,Sarjana,46,1137,24.717391304347824,91,91,Tidak Ada
334,UNIVERSITAS PENDIDIKAN INDONESIA,Akademik,13341035,MEKATRONIKA DAN KECERDASAN BUATAN - KAMPUS UPI DI PURWAKARTA,Sarjana,42,291,6.928571428571429,83,83,Tidak Ada
334,UNIVERSITAS PENDIDIKAN INDONESIA,Akademik,13341037,KEPERAWATAN,Sarjana,29,1841,63.48275862068966,88,88,Tidak Ada
334,UNIVERSITAS PENDIDIKAN INDONESIA,Akademik,13341038,ADMINISTRASI PENDIDIKAN,Sarjana,31,454,14.64516129032258,89,89,Tidak Ada
334,UNIVERSITAS PENDIDIKAN INDONESIA,Akademik,13341039,BIMBINGAN DAN KONSELING,Sarjana,54,1069,19.796296296296298,86,86,Tidak Ada
334,UNIVERSITAS PENDIDIKAN INDONESIA,Akademik,13341040,PENDIDIKAN MASYARAKAT,Sarjana,38,306,8.052631578947368,85,85,Tidak Ada
334,UNIVERSITAS PENDIDIKAN INDONESIA,Akademik,13341041,PENDIDIKAN KHUSUS,Sarjana,26,260,10.0,87,87,Tidak Ada
334,UNIVERSITAS PENDIDIKAN INDONESIA,Akademik,13341042,TEKNOLOGI PENDIDIKAN,Sarjana,32,230,7.1875,86,86,Tidak Ada
334,UNIVERSITAS PENDIDIKAN INDONESIA,Akademik,13341043,PSIKOLOGI,Sarjana,48,1816,37.833333333333336,89,89,Tidak Ada
334,UNIVERSITAS PENDIDIKAN INDONESIA,Akademik,13341044,PKN,Sarjana,29,312,10.758620689655173,86,86,Tidak Ada
334,UNIVERSITAS PENDIDIKAN INDONESIA,Akademik,13341045,PENDIDIKAN SEJARAH,Sarjana,23,431,18.73913043478261,90,90,Tidak Ada
334,UNIVERSITAS PENDIDIKAN INDONESIA,Akademik,13341046,PENDIDIKAN GEOGRAFI,Sarjana,35,428,12.228571428571428,89,89,Tidak Ada
334,UNIVERSITAS PENDIDIKAN INDONESIA,Akademik,13341047,ILMU PENDIDIKAN AGAMA ISLAM,Sarjana,50,972,19.44,88,88,Tidak Ada
334,UNIVERSITAS PENDIDIKAN INDONESIA,Akademik,13341048,MANAJEMEN RESORT DAN LEISURE,Sarjana,29,449,15.482758620689655,86,86,Tidak Ada
334,UNIVERSITAS PENDIDIKAN INDONESIA,Akademik,13341049,MANAJEMEN PEMASARAN PARIWISATA,Sarjana,18,656,36.44444444444444,94,94,Tidak Ada
334,UNIVERSITAS PENDIDIKAN INDONESIA,Akademik,13341050,MANAJEMEN INDUSTRI KATERING,Sarjana,26,413,15.884615384615385,85,85,Tidak Ada
334,UNIVERSITAS PENDIDIKAN INDONESIA,Akademik,13341051,PENDIDIKAN BHS.DAN SASTRA INDONESIA,Sarjana,24,644,26.833333333333332,94,94,Tidak Ada
334,UNIVERSITAS PENDIDIKAN INDONESIA,Akademik,13341052,PENDIDIKAN BAHASA SUNDA,Sarjana,45,386,8.577777777777778,80,80,Tidak Ada
334,UNIVERSITAS PENDIDIKAN INDONESIA,Akademik,13341053,PENDIDIKAN BAHASA INGGRIS,Sarjana,27,733,27.14814814814815,93,93,Tidak Ada
334,UNIVERSITAS PENDIDIKAN INDONESIA,Akademik,13341054,PENDIDIKAN BAHASA ARAB,Sarjana,27,374,13.851851851851851,86,86,Tidak Ada
334,UNIVERSITAS PENDIDIKAN INDONESIA,Akademik,13341055,PENDIDIKAN BAHASA JEPANG,Sarjana,27,519,19.22222222222222,90,90,Tidak Ada
334,UNIVERSITAS PENDIDIKAN INDONESIA,Akademik,13341056,PENDIDIKAN BAHASA JERMAN,Sarjana,32,175,5.46875,87,87,Tidak Ada
334,UNIVERSITAS PENDIDIKAN INDONESIA,Akademik,13341057,PENDIDIKAN BAHASA PERANCIS,Sarjana,16,102,6.375,84,84,Tidak Ada
334,UNIVERSITAS PENDIDIKAN INDONESIA,Akademik,13341058,PENDIDIKAN SENI RUPA DAN KERAJINAN,Sarjana,31,204,6.580645161290323,86,86,"Seni Rupa, Desain, dan Kriya"
334,UNIVERSITAS PENDIDIKAN INDONESIA,Akademik,13341059,PENDIDIKAN SENI TARI,Sarjana,39,266,6.82051282051282,84,84,Tari
334,UNIVERSITAS PENDIDIKAN INDONESIA,Akademik,13341060,PENDIDIKAN SENI MUSIK,Sarjana,48,223,4.645833333333333,78,78,Musik
334,UNIVERSITAS PENDIDIKAN INDONESIA,Akademik,13341061,BAHASA DAN SASTRA INGGRIS,Sarjana,54,1104,20.444444444444443,88,88,Tidak Ada
334,UNIVERSITAS PENDIDIKAN INDONESIA,Akademik,13341062,BAHASA DAN SASTRA INDONESIA,Sarjana,36,518,14.38888888888889,88,88,Tidak Ada
334,UNIVERSITAS PENDIDIKAN INDONESIA,Akademik,13341063,PENDIDIKAN KESEJAHTERAAN KELUARGA,Sarjana,24,202,8.416666666666666,86,86,Tidak Ada
334,UNIVERSITAS PENDIDIKAN INDONESIA,Akademik,13341064,PENDIDIKAN TATA BOGA,Sarjana,16,932,58.25,89,89,Tidak Ada
334,UNIVERSITAS PENDIDIKAN INDONESIA,Akademik,13341065,PENDIDIKAN TATA BUSANA,Sarjana,24,552,23.0,92,92,Tidak Ada
334,UNIVERSITAS PENDIDIKAN INDONESIA,Akademik,13341066,PENDIDIKAN KEPELATIHAN OLAHRAGA,Sarjana,45,340,7.555555555555555,84,84,Olahraga
334,UNIVERSITAS PENDIDIKAN INDONESIA,Akademik,13341067,PEND. JASMANI KESEHATAN & REKREASI (PJKR),Sarjana,101,807,7.99009900990099,82,82,Olahraga
334,UNIVERSITAS PENDIDIKAN INDONESIA,Akademik,13341068,PENDIDIKAN AKUNTANSI,Sarjana,25,318,12.72,86,86,Tidak Ada
334,UNIVERSITAS PENDIDIKAN INDONESIA,Akademik,13341069,PENDIDIKAN BISNIS,Sarjana,25,414,16.56,87,87,Tidak Ada
334,UNIVERSITAS PENDIDIKAN INDONESIA,Akademik,13341070,PENDIDIKAN MANAJEMEN PERKANTORAN,Sarjana,29,655,22.586206896551722,90,90,Tidak Ada
334,UNIVERSITAS PENDIDIKAN INDONESIA,Akademik,13341071,PENDIDIKAN EKONOMI,Sarjana,25,353,14.12,88,88,Tidak Ada
334,UNIVERSITAS PENDIDIKAN INDONESIA,Akademik,13341072,MANAJEMEN,Sarjana,25,1660,66.4,94,94,Tidak Ada
334,UNIVERSITAS PENDIDIKAN INDONESIA,Akademik,13341073,AKUNTANSI,Sarjana,24,1298,54.083333333333336,93,93,Tidak Ada
334,UNIVERSITAS PENDIDIKAN INDONESIA,Akademik,13341074,PERPUSTAKAAN DAN SAINS INFORMASI,Sarjana,29,283,9.758620689655173,86,86,Tidak Ada
334,UNIVERSITAS PENDIDIKAN INDONESIA,Akademik,13341075,PENDIDIKAN IPS,Sarjana,35,370,10.571428571428571,86,86,Tidak Ada
334,UNIVERSITAS PENDIDIKAN INDONESIA,Akademik,13341076,PENDIDIKAN SOSIOLOGI,Sarjana,29,533,18.379310344827587,90,90,Tidak Ada
334,UNIVERSITAS PENDIDIKAN INDONESIA,Akademik,13341077,PGSD PEND. JASMANI KAMPUS BUMI SILIWANGI,Sarjana,60,176,2.933333333333333,82,82,Olahraga
334,UNIVERSITAS PENDIDIKAN INDONESIA,Akademik,13341078,PGSD KAMPUS CIBIRU,Sarjana,72,1288,17.88888888888889,88,88,Tidak Ada
334,UNIVERSITAS PENDIDIKAN INDONESIA,Akademik,13341079,PGPAUD KAMPUS CIBIRU,Sarjana,64,291,4.546875,76,76,Tidak Ada
334,UNIVERSITAS PENDIDIKAN INDONESIA,Akademik,13341080,PGSD KAMPUS SUMEDANG,Sarjana,48,862,17.958333333333332,88,88,Tidak Ada
334,UNIVERSITAS PENDIDIKAN INDONESIA,Akademik,13341081,PGSD PENDIDIKAN JASMANI KAMPUS SUMEDANG,Sarjana,78,201,2.576923076923077,80,80,Olahraga
334,UNIVERSITAS PENDIDIKAN INDONESIA,Akademik,13341082,PGSD KAMPUS PURWAKARTA,Sarjana,60,842,14.033333333333333,86,86,Tidak Ada
334,UNIVERSITAS PENDIDIKAN INDONESIA,Akademik,13341083,PGSD KAMPUS TASIKMALAYA,Sarjana,86,1051,12.220930232558139,86,86,Tidak Ada
334,UNIVERSITAS PENDIDIKAN INDONESIA,Akademik,13341084,PGSD KAMPUS SERANG,Sarjana,60,419,6.983333333333333,80,80,Tidak Ada
334,UNIVERSITAS PENDIDIKAN INDONESIA,Akademik,13341085,PGSD KAMPUS BUMI SILIWANGI,Sarjana,64,1064,16.625,90,90,Tidak Ada
334,UNIVERSITAS PENDIDIKAN INDONESIA,Akademik,13341086,PGPAUD KAMPUS BUMI SILIWANGI,Sarjana,23,195,8.478260869565217,84,84,Tidak Ada
334,UNIVERSITAS PENDIDIKAN INDONESIA,Akademik,13341087,ILMU KOMUNIKASI,Sarjana,23,1465,63.69565217391305,89,89,Tidak Ada
334,UNIVERSITAS PENDIDIKAN INDONESIA,Akademik,13341088,PGPAUD KAMPUS SERANG,Sarjana,60,71,1.1833333333333333,77,77,Tidak Ada
334,UNIVERSITAS PENDIDIKAN INDONESIA,Akademik,13341089,ILMU EKONOMI DAN KEUANGAN ISLAM,Sarjana,16,354,22.125,88,88,Tidak Ada
334,UNIVERSITAS PENDIDIKAN INDONESIA,Akademik,13341090,PGPAUD KAMPUS TASIKMALAYA,Sarjana,57,253,4.43859649122807,82,82,Tidak Ada
334,UNIVERSITAS PENDIDIKAN INDONESIA,Akademik,13341091,PGPAUD KAMPUS PURWAKARTA,Sarjana,39,167,4.282051282051282,79,79,Tidak Ada
334,UNIVERSITAS PENDIDIKAN INDONESIA,Akademik,13341092,PENDIDIKAN BAHASA KOREA,Sarjana,31,378,12.193548387096774,89,89,Tidak Ada
334,UNIVERSITAS PENDIDIKAN INDONESIA,Akademik,13341093,KEWIRAUSAHAAN KAMPUS TASIKMALAYA,Sarjana,33,295,8.93939393939394,85,85,Tidak Ada
334,UNIVERSITAS PENDIDIKAN INDONESIA,Akademik,13341094,SAINS INFORMASI GEOGRAFI,Sarjana,35,313,8.942857142857143,80,80,Tidak Ada
334,UNIVERSITAS PENDIDIKAN INDONESIA,Akademik,13341095,DESAIN KOMUNIKASI VISUAL,Sarjana,27,745,27.59259259259259,91,91,"Seni Rupa, Desain, dan Kriya"
334,UNIVERSITAS PENDIDIKAN INDONESIA,Akademik,13341096,PENDIDIKAN PARIWISATA,Sarjana,29,427,14.724137931034482,90,90,Tidak Ada
334,UNIVERSITAS PENDIDIKAN INDONESIA,Akademik,13341097,FILM DAN TELEVISI,Sarjana,20,301,15.05,86,86,Film dan Televisi
334,UNIVERSITAS PENDIDIKAN INDONESIA,Akademik,13341098,BISNIS DIGITAL (KAMPUS UPI TASIKMALAYA),Sarjana,40,609,15.225,86,86,Tidak Ada
334,UNIVERSITAS PENDIDIKAN INDONESIA,Akademik,13341099,MUSIK,Sarjana,46,169,3.6739130434782608,79,79,Musik
334,UNIVERSITAS PENDIDIKAN INDONESIA,Akademik,13341100,INDUSTRI PARIWISATA KAMPUS SUMEDANG,Sarjana,72,583,8.097222222222221,82,82,Tidak Ada
334,UNIVERSITAS PENDIDIKAN INDONESIA,Akademik,13341101,DESAIN PRODUK INDUSTRI - KAMPUS UPI DI TASIKMALAYA,Sarjana,38,85,2.236842105263158,77,77,"Seni Rupa, Desain, dan Kriya"
334,UNIVERSITAS PENDIDIKAN INDONESIA,Akademik,13341106,KEDOKTERAN,Sarjana,10,640,64.0,95,95,Tidak Ada
334,UNIVERSITAS PENDIDIKAN INDONESIA,Akademik,13341107,TEKNOLOGI PANGAN,Sarjana,12,590,49.166666666666664,95,95,Tidak Ada
334,UNIVERSITAS PENDIDIKAN INDONESIA,Akademik,13341108,TEKNIK ENERGI TERBARUKAN,Sarjana,26,191,7.346153846153846,81,81,Tidak Ada
334,UNIVERSITAS PENDIDIKAN INDONESIA,Akademik,13341109,TEKNIK KIMIA,Sarjana,12,207,17.25,90,90,Tidak Ada
334,UNIVERSITAS PENDIDIKAN INDONESIA,Akademik,13341110,ILMU HUKUM,Sarjana,30,973,32.43333333333333,92,92,Tidak Ada
334,UNIVERSITAS PENDIDIKAN INDONESIA,Akademik,13342036,SURVEI PEMETAAN DAN INFORMASI GEOGRAFIS,Sarjana Terapan,33,255,7.7272727272727275,82,82,Tidak Ada
335,ISBI BANDUNG,Akademik,13351001,TARI,Sarjana,16,174,10.875,88,88,Tari
335,ISBI BANDUNG,Akademik,13351002,KARAWITAN,Sarjana,30,70,2.3333333333333335,75,75,Seni Karawitan
335,ISBI BANDUNG,Akademik,13351003,TEATER,Sarjana,24,40,1.6666666666666667,81,81,Teater
335,ISBI BANDUNG,Akademik,13351004,SENI MURNI,Sarjana,18,99,5.5,82,82,"Seni Rupa, Desain, dan Kriya"
335,ISBI BANDUNG,Akademik,13351005,ANTROPOLOGI BUDAYA,Sarjana,20,141,7.05,82,82,Tidak Ada
335,ISBI BANDUNG,Akademik,13351011,KRIYA,Sarjana,9,20,2.2222222222222223,77,77,"Seni Rupa, Desain, dan Kriya"
335,ISBI BANDUNG,Akademik,13351012,DESAIN KOMUNIKASI VISUAL,Sarjana,9,282,31.333333333333332,89,89,"Seni Rupa, Desain, dan Kriya"
335,ISBI BANDUNG,Akademik,13351013,DESAIN INTERIOR,Sarjana,9,59,6.555555555555555,85,85,"Seni Rupa, Desain, dan Kriya"
335,ISBI BANDUNG,Akademik,13352006,ANGKLUNG DAN MUSIK BAMBU,Sarjana Terapan,12,5,0.4166666666666667,78,78,Musik
335,ISBI BANDUNG,Akademik,13352007,TARI SUNDA,Sarjana Terapan,7,27,3.857142857142857,77,77,Tari
335,ISBI BANDUNG,Akademik,13352008,TELEVISI DAN FILM,Sarjana Terapan,30,157,5.233333333333333,86,86,Film dan Televisi
335,ISBI BANDUNG,Akademik,13352009,TATA RIAS DAN BUSANA,Sarjana Terapan,14,75,5.357142857142857,85,85,"Seni Rupa, Desain, dan Kriya"
341,INSTITUT PERTANIAN BOGOR,Akademik,13411001,AGRIBISNIS,Sarjana,60,892,14.866666666666667,90,90,Tidak Ada
341,INSTITUT PERTANIAN BOGOR,Akademik,13411002,AGRONOMI DAN HORTIKULTURA,Sarjana,90,826,9.177777777777777,82,82,Tidak Ada
341,INSTITUT PERTANIAN BOGOR,Akademik,13411003,ARSITEKTUR LANSKAP,Sarjana,40,416,10.4,89,89,Tidak Ada
341,INSTITUT PERTANIAN BOGOR,Akademik,13411004,BIOKIMIA,Sarjana,44,451,10.25,86,86,Tidak Ada
341,INSTITUT PERTANIAN BOGOR,Akademik,13411005,BIOLOGI,Sarjana,44,421,9.568181818181818,81,81,Tidak Ada
341,INSTITUT PERTANIAN BOGOR,Akademik,13411006,EKONOMI SUMBERDAYA DAN LINGKUNGAN,Sarjana,52,544,10.461538461538462,88,88,Tidak Ada
341,INSTITUT PERTANIAN BOGOR,Akademik,13411007,ILMU DAN TEKNOLOGI KELAUTAN,Sarjana,52,402,7.730769230769231,84,84,Tidak Ada
341,INSTITUT PERTANIAN BOGOR,Akademik,13411008,ILMU KOMPUTER,Sarjana,68,1364,20.058823529411764,89,89,Tidak Ada
341,INSTITUT PERTANIAN BOGOR,Akademik,13411009,KEDOKTERAN HEWAN,Sarjana,88,691,7.8522727272727275,85,85,Tidak Ada
341,INSTITUT PERTANIAN BOGOR,Akademik,13411010,KIMIA,Sarjana,48,487,10.145833333333334,90,90,Tidak Ada
341,INSTITUT PERTANIAN BOGOR,Akademik,13411011,KOMUNIKASI DAN PENGEMBANGAN MASYARAKAT,Sarjana,70,1053,15.042857142857143,85,85,Tidak Ada
341,INSTITUT PERTANIAN BOGOR,Akademik,13411012,KONSERVASI SUMBERDAYA HUTAN DAN EKOWISATA,Sarjana,56,478,8.535714285714286,84,84,Tidak Ada
341,INSTITUT PERTANIAN BOGOR,Akademik,13411013,MANAJEMEN HUTAN,Sarjana,56,518,9.25,86,86,Tidak Ada
341,INSTITUT PERTANIAN BOGOR,Akademik,13411014,STATISTIKA DAN SAINS DATA,Sarjana,48,987,20.5625,88,88,Tidak Ada
341,INSTITUT PERTANIAN BOGOR,Akademik,13411015,TEKNIK PERTANIAN DAN BIOSISTEM,Sarjana,48,537,11.1875,87,87,Tidak Ada
341,INSTITUT PERTANIAN BOGOR,Akademik,13411016,TEKNOLOGI HASIL HUTAN,Sarjana,44,321,7.295454545454546,81,81,Tidak Ada
341,INSTITUT PERTANIAN BOGOR,Akademik,13411017,TEKNIK INDUSTRI PERTANIAN,Sarjana,52,881,16.942307692307693,85,85,Tidak Ada
341,INSTITUT PERTANIAN BOGOR,Akademik,13411018,TEKNOLOGI PANGAN,Sarjana,52,1279,24.596153846153847,92,92,Tidak Ada
341,INSTITUT PERTANIAN BOGOR,Akademik,13411019,NUTRISI DAN TEKNOLOGI PAKAN,Sarjana,64,505,7.890625,86,86,Tidak Ada
341,INSTITUT PERTANIAN BOGOR,Akademik,13411020,TEKNOLOGI PRODUKSI TERNAK,Sarjana,48,319,6.645833333333333,80,80,Tidak Ada
341,INSTITUT PERTANIAN BOGOR,Akademik,13411021,TEKNIK SIPIL DAN LINGKUNGAN,Sarjana,40,744,18.6,89,89,Tidak Ada
341,INSTITUT PERTANIAN BOGOR,Akademik,13411022,TEKNOLOGI DAN MANAJEMEN PERIKANAN BUDIDAYA,Sarjana,48,259,5.395833333333333,86,86,Tidak Ada
341,INSTITUT PERTANIAN BOGOR,Akademik,13411023,EKONOMI PEMBANGUNAN,Sarjana,52,690,13.26923076923077,88,88,Tidak Ada
341,INSTITUT PERTANIAN BOGOR,Akademik,13411024,MANAJEMEN,Sarjana,52,1399,26.903846153846153,93,93,Tidak Ada
341,INSTITUT PERTANIAN BOGOR,Akademik,13411025,ILMU GIZI,Sarjana,40,1170,29.25,94,94,Tidak Ada
341,INSTITUT PERTANIAN BOGOR,Akademik,13411026,ILMU EKONOMI SYARIAH,Sarjana,52,531,10.211538461538462,89,89,Tidak Ada
341,INSTITUT PERTANIAN BOGOR,Akademik,13411027,MANAJEMEN SUMBERDAYA LAHAN,Sarjana,36,402,11.166666666666666,89,89,Tidak Ada
341,INSTITUT PERTANIAN BOGOR,Akademik,13411028,PROTEKSI TANAMAN,Sarjana,40,358,8.95,81,81,Tidak Ada
341,INSTITUT PERTANIAN BOGOR,Akademik,13411029,MANAJEMEN SUMBERDAYA PERAIRAN,Sarjana,40,264,6.6,86,86,Tidak Ada
341,INSTITUT PERTANIAN BOGOR,Akademik,13411030,TEKNOLOGI HASIL PERAIRAN,Sarjana,42,238,5.666666666666667,80,80,Tidak Ada
341,INSTITUT PERTANIAN BOGOR,Akademik,13411031,TEKNOLOGI DAN MANAJEMEN PERIKANAN TANGKAP,Sarjana,48,229,4.770833333333333,82,82,Tidak Ada
341,INSTITUT PERTANIAN BOGOR,Akademik,13411032,SILVIKULTUR,Sarjana,44,338,7.681818181818182,85,85,Tidak Ada
341,INSTITUT PERTANIAN BOGOR,Akademik,13411033,METEOROLOGI TERAPAN,Sarjana,40,341,8.525,87,87,Tidak Ada
341,INSTITUT PERTANIAN BOGOR,Akademik,13411034,MATEMATIKA,Sarjana,44,390,8.863636363636363,83,83,Tidak Ada
341,INSTITUT PERTANIAN BOGOR,Akademik,13411035,FISIKA,Sarjana,48,264,5.5,83,83,Tidak Ada
341,INSTITUT PERTANIAN BOGOR,Akademik,13411036,ILMU KELUARGA DAN KONSUMEN,Sarjana,48,474,9.875,83,83,Tidak Ada
341,INSTITUT PERTANIAN BOGOR,Akademik,13411037,BISNIS,Sarjana,96,1140,11.875,87,87,Tidak Ada
341,INSTITUT PERTANIAN BOGOR,Akademik,13411038,TEKNOLOGI HASIL TERNAK,Sarjana,40,305,7.625,87,87,Tidak Ada
341,INSTITUT PERTANIAN BOGOR,Akademik,13411039,AKTUARIA,Sarjana,38,591,15.552631578947368,90,90,Tidak Ada
341,INSTITUT PERTANIAN BOGOR,Akademik,13411063,KEDOKTERAN,Sarjana,10,716,71.6,94,94,Tidak Ada
341,INSTITUT PERTANIAN BOGOR,Akademik,13411064,SAINS BIOMEDIS,Sarjana,20,444,22.2,89,89,Tidak Ada
341,INSTITUT PERTANIAN BOGOR,Akademik,13411070,SMART AGRICULTURE,Sarjana,16,297,18.5625,85,85,Tidak Ada
341,INSTITUT PERTANIAN BOGOR,Akademik,13411071,BIOINFORMATIKA,Sarjana,20,182,9.1,82,82,Tidak Ada
341,INSTITUT PERTANIAN BOGOR,Akademik,13411072,KECERDASAN BUATAN,Sarjana,28,619,22.107142857142858,95,95,Tidak Ada
341,INSTITUT PERTANIAN BOGOR,Akademik,13411074,TEKNIK MESIN,Sarjana,24,0,0.0,75,75,Tidak Ada
341,INSTITUT PERTANIAN BOGOR,Akademik,13411076,TEKNIK KIMIA,Sarjana,24,0,0.0,78,78,Tidak Ada
341,INSTITUT PERTANIAN BOGOR,Akademik,13412042,KOMUNIKASI DIGITAL DAN MEDIA,Sarjana Terapan,84,1377,16.392857142857142,86,86,Tidak Ada
341,INSTITUT PERTANIAN BOGOR,Akademik,13412043,KOMUNIKASI DIGITAL DAN MEDIA (KAMPUS SUKABUMI),Sarjana Terapan,54,309,5.722222222222222,82,82,Tidak Ada
341,INSTITUT PERTANIAN BOGOR,Akademik,13412044,EKOWISATA,Sarjana Terapan,40,420,10.5,89,89,Tidak Ada
341,INSTITUT PERTANIAN BOGOR,Akademik,13412045,EKOWISATA (KAMPUS SUKABUMI),Sarjana Terapan,36,189,5.25,85,85,Tidak Ada
341,INSTITUT PERTANIAN BOGOR,Akademik,13412046,TEKNOLOGI REKAYASA PERANGKAT LUNAK,Sarjana Terapan,56,635,11.339285714285714,87,87,Tidak Ada
341,INSTITUT PERTANIAN BOGOR,Akademik,13412047,TEKNOLOGI REKAYASA KOMPUTER,Sarjana Terapan,56,545,9.732142857142858,84,84,Tidak Ada
341,INSTITUT PERTANIAN BOGOR,Akademik,13412048,SUPERVISOR JAMINAN MUTU PANGAN,Sarjana Terapan,56,575,10.267857142857142,85,85,Tidak Ada
341,INSTITUT PERTANIAN BOGOR,Akademik,13412049,MANAJEMEN INDUSTRI JASA MAKANAN DAN GIZI,Sarjana Terapan,56,639,11.410714285714286,86,86,Tidak Ada
341,INSTITUT PERTANIAN BOGOR,Akademik,13412050,TEKNOLOGI DAN MANAJEMEN PEMBENIHAN IKAN,Sarjana Terapan,28,147,5.25,84,84,Tidak Ada
341,INSTITUT PERTANIAN BOGOR,Akademik,13412051,TEKNOLOGI DAN MANAJEMEN PEMBENIHAN IKAN (KAMPUS SUKABUMI),Sarjana Terapan,28,79,2.8214285714285716,79,79,Tidak Ada
341,INSTITUT PERTANIAN BOGOR,Akademik,13412052,TEKNOLOGI DAN MANAJEMEN TERNAK,Sarjana Terapan,28,266,9.5,80,80,Tidak Ada
341,INSTITUT PERTANIAN BOGOR,Akademik,13412053,TEKNOLOGI DAN MANAJEMEN TERNAK (KAMPUS SUKABUMI),Sarjana Terapan,28,109,3.892857142857143,75,75,Tidak Ada
341,INSTITUT PERTANIAN BOGOR,Akademik,13412054,MANAJEMEN AGRIBISNIS,Sarjana Terapan,112,852,7.607142857142857,87,87,Tidak Ada
341,INSTITUT PERTANIAN BOGOR,Akademik,13412055,MANAJEMEN AGRIBISNIS (KAMPUS SUKABUMI),Sarjana Terapan,36,248,6.888888888888889,80,80,Tidak Ada
341,INSTITUT PERTANIAN BOGOR,Akademik,13412056,MANAJEMEN INDUSTRI,Sarjana Terapan,56,566,10.107142857142858,85,85,Tidak Ada
341,INSTITUT PERTANIAN BOGOR,Akademik,13412057,ANALISIS KIMIA,Sarjana Terapan,56,489,8.732142857142858,85,85,Tidak Ada
341,INSTITUT PERTANIAN BOGOR,Akademik,13412058,TEKNIK DAN MANAJEMEN LINGKUNGAN,Sarjana Terapan,56,588,10.5,86,86,Tidak Ada
341,INSTITUT PERTANIAN BOGOR,Akademik,13412059,AKUNTANSI,Sarjana Terapan,112,1188,10.607142857142858,87,87,Tidak Ada
341,INSTITUT PERTANIAN BOGOR,Akademik,13412060,PARAMEDIK VETERINER,Sarjana Terapan,34,211,6.205882352941177,80,80,Tidak Ada
341,INSTITUT PERTANIAN BOGOR,Akademik,13412061,TEKNOLOGI DAN MANAJEMEN PRODUKSI PERKEBUNAN,Sarjana Terapan,42,291,6.928571428571429,80,80,Tidak Ada
341,INSTITUT PERTANIAN BOGOR,Akademik,13412062,TEKNOLOGI PRODUKSI DAN PENGEMBANGAN MASYARAKAT PERTANIAN,Sarjana Terapan,28,265,9.464285714285714,87,87,Tidak Ada
341,INSTITUT PERTANIAN BOGOR,Akademik,13412073,PEMULIAAN TANAMAN DAN TEKNOLOGI BENIH,Sarjana Terapan,28,0,0.0,77,77,Tidak Ada
342,UNIVERSITAS SILIWANGI,Akademik,13421001,PENDIDIKAN MATEMATIKA,Sarjana,60,420,7.0,83,83,Tidak Ada
342,UNIVERSITAS SILIWANGI,Akademik,13421002,PENDIDIKAN BIOLOGI,Sarjana,58,429,7.396551724137931,82,82,Tidak Ada
342,UNIVERSITAS SILIWANGI,Akademik,13421003,AGROTEKNOLOGI,Sarjana,53,391,7.377358490566038,81,81,Tidak Ada
342,UNIVERSITAS SILIWANGI,Akademik,13421004,AGRIBISNIS,Sarjana,68,485,7.132352941176471,87,87,Tidak Ada
342,UNIVERSITAS SILIWANGI,Akademik,13421005,TEKNIK SIPIL,Sarjana,52,463,8.903846153846153,87,87,Tidak Ada
342,UNIVERSITAS SILIWANGI,Akademik,13421006,TEKNIK ELEKTRO,Sarjana,38,245,6.447368421052632,81,81,Tidak Ada
342,UNIVERSITAS SILIWANGI,Akademik,13421007,INFORMATIKA,Sarjana,70,849,12.128571428571428,87,87,Tidak Ada
342,UNIVERSITAS SILIWANGI,Akademik,13421008,KESEHATAN MASYARAKAT,Sarjana,66,867,13.136363636363637,86,86,Tidak Ada
342,UNIVERSITAS SILIWANGI,Akademik,13421009,PENDIDIKAN FISIKA,Sarjana,39,191,4.897435897435898,79,79,Tidak Ada
342,UNIVERSITAS SILIWANGI,Akademik,13421010,GIZI,Sarjana,54,791,14.648148148148149,90,90,Tidak Ada
342,UNIVERSITAS SILIWANGI,Akademik,13421011,PENDIDIKAN MASYARAKAT,Sarjana,58,316,5.448275862068965,82,82,Tidak Ada
342,UNIVERSITAS SILIWANGI,Akademik,13421012,PENDIDIKAN EKONOMI,Sarjana,58,336,5.793103448275862,80,80,Tidak Ada
342,UNIVERSITAS SILIWANGI,Akademik,13421013,PENDIDIKAN GEOGRAFI,Sarjana,56,344,6.142857142857143,84,84,Tidak Ada
342,UNIVERSITAS SILIWANGI,Akademik,13421014,PENDIDIKAN SEJARAH,Sarjana,69,446,6.463768115942029,81,81,Tidak Ada
342,UNIVERSITAS SILIWANGI,Akademik,13421015,PENDIDIKAN JASMANI,Sarjana,113,464,4.106194690265487,75,75,Olahraga
342,UNIVERSITAS SILIWANGI,Akademik,13421016,EKONOMI PEMBANGUNAN,Sarjana,107,586,5.4766355140186915,83,83,Tidak Ada
342,UNIVERSITAS SILIWANGI,Akademik,13421017,MANAJEMEN,Sarjana,129,1327,10.286821705426357,85,85,Tidak Ada
342,UNIVERSITAS SILIWANGI,Akademik,13421018,AKUNTANSI,Sarjana,110,901,8.190909090909091,84,84,Tidak Ada
342,UNIVERSITAS SILIWANGI,Akademik,13421020,EKONOMI SYARIAH,Sarjana,81,398,4.91358024691358,82,82,Tidak Ada
342,UNIVERSITAS SILIWANGI,Akademik,13421021,ILMU POLITIK,Sarjana,75,369,4.92,75,75,Tidak Ada
342,UNIVERSITAS SILIWANGI,Akademik,13421022,PENDIDIKAN BAHASA INDONESIA,Sarjana,59,730,12.372881355932204,87,87,Tidak Ada
342,UNIVERSITAS SILIWANGI,Akademik,13421023,PENDIDIKAN BAHASA INGGRIS,Sarjana,71,521,7.338028169014085,87,87,Tidak Ada
342,UNIVERSITAS SILIWANGI,Akademik,13421025,SISTEM INFORMASI,Sarjana,39,494,12.666666666666666,86,86,Tidak Ada
342,UNIVERSITAS SILIWANGI,Akademik,13421026,MANAJEMEN MUTU HALAL,Sarjana,24,142,5.916666666666667,82,82,Tidak Ada
342,UNIVERSITAS SILIWANGI,Akademik,13421027,TEKNOLOGI PANGAN DAN HASIL PERTANIAN,Sarjana,22,286,13.0,90,90,Tidak Ada
342,UNIVERSITAS SILIWANGI,Akademik,13421029,SAINS DATA,Sarjana,18,0,0.0,82,82,Tidak Ada
342,UNIVERSITAS SILIWANGI,Akademik,13422028,PERBANKAN DAN KEUANGAN DIGITAL,Sarjana Terapan,24,145,6.041666666666667,82,82,Tidak Ada
342,UNIVERSITAS SILIWANGI,Akademik,13423024,PERBANKAN DAN KEUANGAN,Diploma Tiga,80,318,3.975,79,79,Tidak Ada
351,UNIVERSITAS JENDERAL SOEDIRMAN,Akademik,13511001,BIOLOGI,Sarjana,120,385,3.2083333333333335,81,81,Tidak Ada
351,UNIVERSITAS JENDERAL SOEDIRMAN,Akademik,13511002,KIMIA,Sarjana,88,321,3.647727272727273,77,77,Tidak Ada
351,UNIVERSITAS JENDERAL SOEDIRMAN,Akademik,13511003,MATEMATIKA,Sarjana,88,329,3.7386363636363638,80,80,Tidak Ada
351,UNIVERSITAS JENDERAL SOEDIRMAN,Akademik,13511004,FISIKA,Sarjana,88,150,1.7045454545454546,77,77,Tidak Ada
351,UNIVERSITAS JENDERAL SOEDIRMAN,Akademik,13511005,MANAJEMEN SUMBERDAYA PERAIRAN,Sarjana,60,218,3.6333333333333333,76,76,Tidak Ada
351,UNIVERSITAS JENDERAL SOEDIRMAN,Akademik,13511006,AKUAKULTUR,Sarjana,60,223,3.716666666666667,80,80,Tidak Ada
351,UNIVERSITAS JENDERAL SOEDIRMAN,Akademik,13511007,TEKNIK PERTANIAN,Sarjana,60,448,7.466666666666667,82,82,Tidak Ada
351,UNIVERSITAS JENDERAL SOEDIRMAN,Akademik,13511008,TEKNIK ELEKTRO,Sarjana,60,517,8.616666666666667,87,87,Tidak Ada
351,UNIVERSITAS JENDERAL SOEDIRMAN,Akademik,13511009,TEKNIK SIPIL,Sarjana,60,594,9.9,87,87,Tidak Ada
351,UNIVERSITAS JENDERAL SOEDIRMAN,Akademik,13511010,PENDIDIKAN DOKTER,Sarjana,53,918,17.32075471698113,89,89,Tidak Ada
351,UNIVERSITAS JENDERAL SOEDIRMAN,Akademik,13511011,KESEHATAN MASYARAKAT,Sarjana,66,946,14.333333333333334,90,90,Tidak Ada
351,UNIVERSITAS JENDERAL SOEDIRMAN,Akademik,13511012,KEPERAWATAN,Sarjana,65,1359,20.907692307692308,90,90,Tidak Ada
351,UNIVERSITAS JENDERAL SOEDIRMAN,Akademik,13511013,FARMASI,Sarjana,66,1198,18.151515151515152,85,85,Tidak Ada
351,UNIVERSITAS JENDERAL SOEDIRMAN,Akademik,13511014,TEKNIK GEOLOGI,Sarjana,60,549,9.15,85,85,Tidak Ada
351,UNIVERSITAS JENDERAL SOEDIRMAN,Akademik,13511015,ILMU KELAUTAN,Sarjana,65,218,3.353846153846154,77,77,Tidak Ada
351,UNIVERSITAS JENDERAL SOEDIRMAN,Akademik,13511016,AGROTEKNOLOGI,Sarjana,90,565,6.277777777777778,85,85,Tidak Ada
351,UNIVERSITAS JENDERAL SOEDIRMAN,Akademik,13511017,AGRIBISNIS,Sarjana,63,525,8.333333333333334,87,87,Tidak Ada
351,UNIVERSITAS JENDERAL SOEDIRMAN,Akademik,13511018,TEKNOLOGI PANGAN,Sarjana,60,655,10.916666666666666,88,88,Tidak Ada
351,UNIVERSITAS JENDERAL SOEDIRMAN,Akademik,13511019,PETERNAKAN,Sarjana,95,463,4.873684210526315,75,75,Tidak Ada
351,UNIVERSITAS JENDERAL SOEDIRMAN,Akademik,13511020,INFORMATIKA,Sarjana,60,868,14.466666666666667,90,90,Tidak Ada
351,UNIVERSITAS JENDERAL SOEDIRMAN,Akademik,13511021,KEDOKTERAN GIGI,Sarjana,21,631,30.047619047619047,92,92,Tidak Ada
351,UNIVERSITAS JENDERAL SOEDIRMAN,Akademik,13511022,ILMU GIZI,Sarjana,66,865,13.106060606060606,86,86,Tidak Ada
351,UNIVERSITAS JENDERAL SOEDIRMAN,Akademik,13511023,PENDIDIKAN JASMANI,Sarjana,66,397,6.015151515151516,82,82,Olahraga
351,UNIVERSITAS JENDERAL SOEDIRMAN,Akademik,13511024,TEKNIK INDUSTRI,Sarjana,48,650,13.541666666666666,86,86,Tidak Ada
351,UNIVERSITAS JENDERAL SOEDIRMAN,Akademik,13511025,HUKUM,Sarjana,96,762,7.9375,85,85,Tidak Ada
351,UNIVERSITAS JENDERAL SOEDIRMAN,Akademik,13511026,SOSIOLOGI,Sarjana,66,452,6.848484848484849,80,80,Tidak Ada
351,UNIVERSITAS JENDERAL SOEDIRMAN,Akademik,13511027,ADMINISTRASI PUBLIK,Sarjana,66,829,12.56060606060606,87,87,Tidak Ada
351,UNIVERSITAS JENDERAL SOEDIRMAN,Akademik,13511028,MANAJEMEN,Sarjana,42,1053,25.071428571428573,92,92,Tidak Ada
351,UNIVERSITAS JENDERAL SOEDIRMAN,Akademik,13511029,EKONOMI PEMBANGUNAN,Sarjana,42,527,12.547619047619047,86,86,Tidak Ada
351,UNIVERSITAS JENDERAL SOEDIRMAN,Akademik,13511030,AKUNTANSI,Sarjana,42,908,21.61904761904762,89,89,Tidak Ada
351,UNIVERSITAS JENDERAL SOEDIRMAN,Akademik,13511031,ILMU KOMUNIKASI,Sarjana,69,871,12.623188405797102,86,86,Tidak Ada
351,UNIVERSITAS JENDERAL SOEDIRMAN,Akademik,13511032,ILMU POLITIK,Sarjana,54,304,5.62962962962963,83,83,Tidak Ada
351,UNIVERSITAS JENDERAL SOEDIRMAN,Akademik,13511033,SASTRA INDONESIA,Sarjana,48,313,6.520833333333333,83,83,Tidak Ada
351,UNIVERSITAS JENDERAL SOEDIRMAN,Akademik,13511034,SASTRA INGGRIS,Sarjana,48,465,9.6875,81,81,Tidak Ada
351,UNIVERSITAS JENDERAL SOEDIRMAN,Akademik,13511035,HUBUNGAN INTERNASIONAL,Sarjana,57,406,7.12280701754386,82,82,Tidak Ada
351,UNIVERSITAS JENDERAL SOEDIRMAN,Akademik,13511036,SASTRA JEPANG,Sarjana,48,321,6.6875,82,82,Tidak Ada
351,UNIVERSITAS JENDERAL SOEDIRMAN,Akademik,13511037,PENDIDIKAN EKONOMI,Sarjana,30,362,12.066666666666666,89,89,Tidak Ada
351,UNIVERSITAS JENDERAL SOEDIRMAN,Akademik,13511038,PENDIDIKAN BAHASA INDONESIA,Sarjana,48,672,14.0,90,90,Tidak Ada
351,UNIVERSITAS JENDERAL SOEDIRMAN,Akademik,13511039,PENDIDIKAN BAHASA INGGRIS,Sarjana,48,478,9.958333333333334,83,83,Tidak Ada
351,UNIVERSITAS JENDERAL SOEDIRMAN,Akademik,13511053,MIKROBIOLOGI,Sarjana,32,169,5.28125,81,81,Tidak Ada
351,UNIVERSITAS JENDERAL SOEDIRMAN,Akademik,13511054,TEKNIK MESIN,Sarjana,24,341,14.208333333333334,87,87,Tidak Ada
351,UNIVERSITAS JENDERAL SOEDIRMAN,Akademik,13511055,PENDIDIKAN BAHASA JEPANG,Sarjana,48,167,3.4791666666666665,77,77,Tidak Ada
351,UNIVERSITAS JENDERAL SOEDIRMAN,Akademik,13511056,PROTEKSI TANAMAN,Sarjana,28,122,4.357142857142857,77,77,Tidak Ada
351,UNIVERSITAS JENDERAL SOEDIRMAN,Akademik,13511057,STATISTIK,Sarjana,36,259,7.194444444444445,85,85,Tidak Ada
351,UNIVERSITAS JENDERAL SOEDIRMAN,Akademik,13511058,BIOLOGI TERAPAN,Sarjana,32,142,4.4375,80,80,Tidak Ada
351,UNIVERSITAS JENDERAL SOEDIRMAN,Akademik,13511059,TEKNIK KOMPUTER,Sarjana,24,388,16.166666666666668,87,87,Tidak Ada
351,UNIVERSITAS JENDERAL SOEDIRMAN,Akademik,13511060,ARSITEKTUR,Sarjana,18,0,0.0,78,78,Tidak Ada
351,UNIVERSITAS JENDERAL SOEDIRMAN,Akademik,13513040,ADMINISTRASI BISNIS,Diploma Tiga,36,433,12.027777777777779,88,88,Tidak Ada
351,UNIVERSITAS JENDERAL SOEDIRMAN,Akademik,13513041,BAHASA MANDARIN,Diploma Tiga,56,73,1.3035714285714286,79,79,Tidak Ada
351,UNIVERSITAS JENDERAL SOEDIRMAN,Akademik,13513042,BUDI DAYA IKAN,Diploma Tiga,48,31,0.6458333333333334,75,75,Tidak Ada
351,UNIVERSITAS JENDERAL SOEDIRMAN,Akademik,13513043,AGRIBISNIS,Diploma Tiga,48,121,2.5208333333333335,75,75,Tidak Ada
351,UNIVERSITAS JENDERAL SOEDIRMAN,Akademik,13513044,PERENCANAAN SUMBER DAYA LAHAN,Diploma Tiga,48,60,1.25,82,82,Tidak Ada
351,UNIVERSITAS JENDERAL SOEDIRMAN,Akademik,13513046,BAHASA INGGRIS,Diploma Tiga,56,135,2.4107142857142856,75,75,Tidak Ada
351,UNIVERSITAS JENDERAL SOEDIRMAN,Akademik,13513048,AKUNTANSI,Diploma Tiga,36,235,6.527777777777778,81,81,Tidak Ada
351,UNIVERSITAS JENDERAL SOEDIRMAN,Akademik,13513049,BISNIS INTERNASIONAL,Diploma Tiga,36,140,3.888888888888889,78,78,Tidak Ada
351,UNIVERSITAS JENDERAL SOEDIRMAN,Akademik,13513051,ADMINISTRASI PERKANTORAN,Diploma Tiga,36,289,8.027777777777779,83,83,Tidak Ada
351,UNIVERSITAS JENDERAL SOEDIRMAN,Akademik,13513052,BUDI DAYA TERNAK,Diploma Tiga,92,103,1.1195652173913044,78,78,Tidak Ada
352,UNIVERSITAS TIDAR,Akademik,13521001,AGROTEKNOLOGI,Sarjana,45,414,9.2,83,83,Tidak Ada
352,UNIVERSITAS TIDAR,Akademik,13521002,TEKNIK SIPIL,Sarjana,32,352,11.0,87,87,Tidak Ada
352,UNIVERSITAS TIDAR,Akademik,13521003,TEKNIK MESIN,Sarjana,32,326,10.1875,85,85,Tidak Ada
352,UNIVERSITAS TIDAR,Akademik,13521004,TEKNIK ELEKTRO,Sarjana,24,218,9.083333333333334,86,86,Tidak Ada
352,UNIVERSITAS TIDAR,Akademik,13521005,PETERNAKAN,Sarjana,45,298,6.622222222222222,82,82,Tidak Ada
352,UNIVERSITAS TIDAR,Akademik,13521006,PENDIDIKAN ILMU PENGETAHUAN ALAM,Sarjana,32,241,7.53125,81,81,Tidak Ada
352,UNIVERSITAS TIDAR,Akademik,13521007,PENDIDIKAN BIOLOGI,Sarjana,24,254,10.583333333333334,86,86,Tidak Ada
352,UNIVERSITAS TIDAR,Akademik,13521008,PENDIDIKAN MATEMATIKA,Sarjana,32,293,9.15625,83,83,Tidak Ada
352,UNIVERSITAS TIDAR,Akademik,13521009,AKUAKULTUR,Sarjana,45,163,3.6222222222222222,75,75,Tidak Ada
352,UNIVERSITAS TIDAR,Akademik,13521010,EKONOMI PEMBANGUNAN,Sarjana,40,465,11.625,87,87,Tidak Ada
352,UNIVERSITAS TIDAR,Akademik,13521011,ILMU ADMINISTRASI NEGARA,Sarjana,50,633,12.66,85,85,Tidak Ada
352,UNIVERSITAS TIDAR,Akademik,13521012,PENDIDIKAN BAHASA INGGRIS,Sarjana,40,364,9.1,87,87,Tidak Ada
352,UNIVERSITAS TIDAR,Akademik,13521013,PENDIDIKAN BAHASA DAN SASTRA INDONESIA,Sarjana,40,584,14.6,87,87,Tidak Ada
352,UNIVERSITAS TIDAR,Akademik,13521014,HUKUM,Sarjana,50,581,11.62,90,90,Tidak Ada
352,UNIVERSITAS TIDAR,Akademik,13521015,MANAJEMEN,Sarjana,40,742,18.55,86,86,Tidak Ada
352,UNIVERSITAS TIDAR,Akademik,13521016,ILMU KOMUNIKASI,Sarjana,46,742,16.130434782608695,89,89,Tidak Ada
352,UNIVERSITAS TIDAR,Akademik,13521017,AKUNTANSI,Sarjana,40,655,16.375,86,86,Tidak Ada
352,UNIVERSITAS TIDAR,Akademik,13521020,PARIWISATA,Sarjana,35,450,12.857142857142858,86,86,Tidak Ada
352,UNIVERSITAS TIDAR,Akademik,13521021,TEKNOLOGI PANGAN,Sarjana,30,443,14.766666666666667,85,85,Tidak Ada
352,UNIVERSITAS TIDAR,Akademik,13521022,TEKNOLOGI INFORMASI,Sarjana,16,379,23.6875,90,90,Tidak Ada
352,UNIVERSITAS TIDAR,Akademik,13521023,TEKNIK MEKATRONIKA,Sarjana,16,88,5.5,87,87,Tidak Ada
352,UNIVERSITAS TIDAR,Akademik,13521024,TEKNIK INDUSTRI,Sarjana,16,352,22.0,89,89,Tidak Ada
352,UNIVERSITAS TIDAR,Akademik,13521025,AGRIBISNIS,Sarjana,30,338,11.266666666666667,87,87,Tidak Ada
352,UNIVERSITAS TIDAR,Akademik,13521026,GIZI,Sarjana,30,537,17.9,85,85,Tidak Ada
352,UNIVERSITAS TIDAR,Akademik,13522019,TEKNOLOGI REKAYASA PERANCANGAN MANUFAKTUR,Sarjana Terapan,12,62,5.166666666666667,82,82,Tidak Ada
352,UNIVERSITAS TIDAR,Akademik,13522027,AKUNTANSI PERPAJAKAN,Sarjana Terapan,20,198,9.9,86,86,Tidak Ada
352,UNIVERSITAS TIDAR,Akademik,13523018,AKUNTANSI,Diploma Tiga,50,190,3.8,77,77,Tidak Ada
352,UNIVERSITAS TIDAR,Akademik,13523028,FARMASI,Diploma Tiga,24,369,15.375,88,88,Tidak Ada
353,UNIVERSITAS SEBELAS MARET,Akademik,13531001,KEDOKTERAN,Sarjana,48,1220,25.416666666666668,90,90,Tidak Ada
353,UNIVERSITAS SEBELAS MARET,Akademik,13531002,PSIKOLOGI,Sarjana,60,1225,20.416666666666668,91,91,Tidak Ada
353,UNIVERSITAS SEBELAS MARET,Akademik,13531003,AGROTEKNOLOGI / AGROEKOTEKNOLOGI,Sarjana,36,525,14.583333333333334,90,90,Tidak Ada
353,UNIVERSITAS SEBELAS MARET,Akademik,13531004,AGRIBISNIS,Sarjana,32,547,17.09375,88,88,Tidak Ada
353,UNIVERSITAS SEBELAS MARET,Akademik,13531005,PETERNAKAN,Sarjana,75,481,6.413333333333333,82,82,Tidak Ada
353,UNIVERSITAS SEBELAS MARET,Akademik,13531006,ILMU DAN TEKNOLOGI PANGAN,Sarjana,24,626,26.083333333333332,90,90,Tidak Ada
353,UNIVERSITAS SEBELAS MARET,Akademik,13531007,TEKNIK SIPIL,Sarjana,36,820,22.77777777777778,93,93,Tidak Ada
353,UNIVERSITAS SEBELAS MARET,Akademik,13531008,ARSITEKTUR,Sarjana,26,417,16.03846153846154,86,86,Tidak Ada
353,UNIVERSITAS SEBELAS MARET,Akademik,13531009,TEKNIK INDUSTRI,Sarjana,26,786,30.23076923076923,94,94,Tidak Ada
353,UNIVERSITAS SEBELAS MARET,Akademik,13531010,TEKNIK MESIN,Sarjana,32,760,23.75,92,92,Tidak Ada
353,UNIVERSITAS SEBELAS MARET,Akademik,13531011,TEKNIK KIMIA,Sarjana,24,358,14.916666666666666,86,86,Tidak Ada
353,UNIVERSITAS SEBELAS MARET,Akademik,13531012,MATEMATIKA,Sarjana,32,293,9.15625,83,83,Tidak Ada
353,UNIVERSITAS SEBELAS MARET,Akademik,13531013,FISIKA,Sarjana,27,139,5.148148148148148,84,84,Tidak Ada
353,UNIVERSITAS SEBELAS MARET,Akademik,13531014,KIMIA,Sarjana,27,240,8.88888888888889,84,84,Tidak Ada
353,UNIVERSITAS SEBELAS MARET,Akademik,13531015,BIOLOGI,Sarjana,27,276,10.222222222222221,88,88,Tidak Ada
353,UNIVERSITAS SEBELAS MARET,Akademik,13531016,PERENCANAAN WILAYAH DAN KOTA (PWK),Sarjana,22,343,15.590909090909092,88,88,Tidak Ada
353,UNIVERSITAS SEBELAS MARET,Akademik,13531017,INFORMATIKA,Sarjana,30,1157,38.56666666666667,90,90,Tidak Ada
353,UNIVERSITAS SEBELAS MARET,Akademik,13531018,PENDIDIKAN FISIKA,Sarjana,27,122,4.518518518518518,79,79,Tidak Ada
353,UNIVERSITAS SEBELAS MARET,Akademik,13531019,PENDIDIKAN KIMIA,Sarjana,30,213,7.1,85,85,Tidak Ada
353,UNIVERSITAS SEBELAS MARET,Akademik,13531020,PENDIDIKAN BIOLOGI,Sarjana,20,274,13.7,85,85,Tidak Ada
353,UNIVERSITAS SEBELAS MARET,Akademik,13531021,PENDIDIKAN MATEMATIKA,Sarjana,20,316,15.8,85,85,Tidak Ada
353,UNIVERSITAS SEBELAS MARET,Akademik,13531022,PENDIDIKAN TEKNIK MESIN,Sarjana,27,159,5.888888888888889,86,86,Tidak Ada
353,UNIVERSITAS SEBELAS MARET,Akademik,13531023,PENDIDIKAN TEKNIK BANGUNAN,Sarjana,27,119,4.407407407407407,79,79,Tidak Ada
353,UNIVERSITAS SEBELAS MARET,Akademik,13531024,PENDIDIKAN TEKNIK INFORMATIKA & KOMPUTER,Sarjana,18,291,16.166666666666668,87,87,Tidak Ada
353,UNIVERSITAS SEBELAS MARET,Akademik,13531025,ILMU TANAH,Sarjana,26,227,8.73076923076923,83,83,Tidak Ada
353,UNIVERSITAS SEBELAS MARET,Akademik,13531026,PENYULUHAN DAN KOMUNIKASI PERTANIAN,Sarjana,24,250,10.416666666666666,89,89,Tidak Ada
353,UNIVERSITAS SEBELAS MARET,Akademik,13531027,FARMASI,Sarjana,16,1103,68.9375,92,92,Tidak Ada
353,UNIVERSITAS SEBELAS MARET,Akademik,13531028,TEKNIK ELEKTRO,Sarjana,16,418,26.125,88,88,Tidak Ada
353,UNIVERSITAS SEBELAS MARET,Akademik,13531029,STATISTIKA,Sarjana,22,370,16.818181818181817,89,89,Tidak Ada
353,UNIVERSITAS SEBELAS MARET,Akademik,13531030,PENDIDIKAN IPA,Sarjana,16,162,10.125,88,88,Tidak Ada
353,UNIVERSITAS SEBELAS MARET,Akademik,13531031,ILMU LINGKUNGAN,Sarjana,18,259,14.38888888888889,85,85,Tidak Ada
353,UNIVERSITAS SEBELAS MARET,Akademik,13531032,PENGELOLAAN HUTAN,Sarjana,20,239,11.95,89,89,Tidak Ada
353,UNIVERSITAS SEBELAS MARET,Akademik,13531034,KEBIDANAN,Sarjana,14,411,29.357142857142858,94,94,Tidak Ada
353,UNIVERSITAS SEBELAS MARET,Akademik,13531035,ILMU ADMINISTRASI NEGARA,Sarjana,29,599,20.655172413793103,92,92,Tidak Ada
353,UNIVERSITAS SEBELAS MARET,Akademik,13531036,ILMU KOMUNIKASI,Sarjana,28,969,34.607142857142854,91,91,Tidak Ada
353,UNIVERSITAS SEBELAS MARET,Akademik,13531037,SOSIOLOGI,Sarjana,30,296,9.866666666666667,87,87,Tidak Ada
353,UNIVERSITAS SEBELAS MARET,Akademik,13531038,ILMU HUKUM,Sarjana,120,1296,10.8,87,87,Tidak Ada
353,UNIVERSITAS SEBELAS MARET,Akademik,13531039,EKONOMI PEMBANGUNAN,Sarjana,36,572,15.88888888888889,88,88,Tidak Ada
353,UNIVERSITAS SEBELAS MARET,Akademik,13531040,MANAJEMEN,Sarjana,40,1590,39.75,88,88,Tidak Ada
353,UNIVERSITAS SEBELAS MARET,Akademik,13531041,AKUNTANSI,Sarjana,35,1206,34.457142857142856,94,94,Tidak Ada
353,UNIVERSITAS SEBELAS MARET,Akademik,13531042,ILMU SEJARAH,Sarjana,17,164,9.647058823529411,82,82,Tidak Ada
353,UNIVERSITAS SEBELAS MARET,Akademik,13531043,SASTRA INDONESIA,Sarjana,17,262,15.411764705882353,89,89,Tidak Ada
353,UNIVERSITAS SEBELAS MARET,Akademik,13531044,SASTRA INGGRIS,Sarjana,18,416,23.11111111111111,88,88,Tidak Ada
353,UNIVERSITAS SEBELAS MARET,Akademik,13531045,SASTRA DAERAH UNTUK SASTRA JAWA,Sarjana,26,136,5.230769230769231,87,87,Tidak Ada
353,UNIVERSITAS SEBELAS MARET,Akademik,13531046,DESAIN MODE,Sarjana,18,66,3.6666666666666665,80,80,"Seni Rupa, Desain, dan Kriya"
353,UNIVERSITAS SEBELAS MARET,Akademik,13531047,SENI RUPA,Sarjana,18,51,2.8333333333333335,75,75,"Seni Rupa, Desain, dan Kriya"
353,UNIVERSITAS SEBELAS MARET,Akademik,13531048,DESAIN INTERIOR,Sarjana,18,151,8.38888888888889,83,83,"Seni Rupa, Desain, dan Kriya"
353,UNIVERSITAS SEBELAS MARET,Akademik,13531049,DESAIN KOMUNIKASI VISUAL,Sarjana,30,460,15.333333333333334,90,90,"Seni Rupa, Desain, dan Kriya"
353,UNIVERSITAS SEBELAS MARET,Akademik,13531050,PENDIDIKAN SEJARAH,Sarjana,18,167,9.277777777777779,81,81,Tidak Ada
353,UNIVERSITAS SEBELAS MARET,Akademik,13531051,PENDIDIKAN GEOGRAFI,Sarjana,27,245,9.074074074074074,83,83,Tidak Ada
353,UNIVERSITAS SEBELAS MARET,Akademik,13531052,PEND. PANCASILA & KEWARGANEGARAAN (PPKN),Sarjana,18,259,14.38888888888889,90,90,Tidak Ada
353,UNIVERSITAS SEBELAS MARET,Akademik,13531053,PENDIDIKAN LUAR BIASA (PENDIDIKAN KHUSUS),Sarjana,24,194,8.083333333333334,82,82,Tidak Ada
353,UNIVERSITAS SEBELAS MARET,Akademik,13531054,"PENDIDIKAN JASMANI, KESEHATAN & REKREASI",Sarjana,32,420,13.125,90,90,Olahraga
353,UNIVERSITAS SEBELAS MARET,Akademik,13531055,PENDIDIKAN KEPELATIHAN OLAHRAGA,Sarjana,33,380,11.515151515151516,85,85,Olahraga
353,UNIVERSITAS SEBELAS MARET,Akademik,13531057,"PEND. BAHASA, SASTRA INDONESIA & DAERAH",Sarjana,18,362,20.11111111111111,89,89,Tidak Ada
353,UNIVERSITAS SEBELAS MARET,Akademik,13531058,PENDIDIKAN BAHASA INGGRIS,Sarjana,18,420,23.333333333333332,89,89,Tidak Ada
353,UNIVERSITAS SEBELAS MARET,Akademik,13531059,PENDIDIKAN SENI RUPA,Sarjana,24,79,3.2916666666666665,76,76,"Seni Rupa, Desain, dan Kriya"
353,UNIVERSITAS SEBELAS MARET,Akademik,13531060,PENDIDIKAN SOSIOLOGI ANTROPOLOGI,Sarjana,16,202,12.625,88,88,Tidak Ada
353,UNIVERSITAS SEBELAS MARET,Akademik,13531061,PEND. GURU SEKOLAH DASAR (PGSD) SURAKARTA,Sarjana,43,1169,27.186046511627907,93,93,Tidak Ada
353,UNIVERSITAS SEBELAS MARET,Akademik,13531062,BIMBINGAN DAN KONSELING,Sarjana,18,401,22.27777777777778,95,95,Tidak Ada
353,UNIVERSITAS SEBELAS MARET,Akademik,13531063,PEND. GURU PEND ANAK USIA DINI (PG-PAUD),Sarjana,16,166,10.375,88,88,Tidak Ada
353,UNIVERSITAS SEBELAS MARET,Akademik,13531064,SASTRA ARAB,Sarjana,17,196,11.529411764705882,88,88,Tidak Ada
353,UNIVERSITAS SEBELAS MARET,Akademik,13531065,PENDIDIKAN BAHASA JAWA,Sarjana,27,238,8.814814814814815,80,80,Tidak Ada
353,UNIVERSITAS SEBELAS MARET,Akademik,13531066,PEND. GURU SEKOLAH DASAR (PGSD) KEBUMEN,Sarjana,24,334,13.916666666666666,87,87,Tidak Ada
353,UNIVERSITAS SEBELAS MARET,Akademik,13531067,HUBUNGAN INTERNASIONAL,Sarjana,18,346,19.22222222222222,87,87,Tidak Ada
353,UNIVERSITAS SEBELAS MARET,Akademik,13531068,PENDIDIKAN AKUNTANSI,Sarjana,27,290,10.74074074074074,87,87,Tidak Ada
353,UNIVERSITAS SEBELAS MARET,Akademik,13531069,PENDIDIKAN ADMINISTRASI PERKANTORAN,Sarjana,20,234,11.7,88,88,Tidak Ada
353,UNIVERSITAS SEBELAS MARET,Akademik,13531070,PENDIDIKAN EKONOMI,Sarjana,24,272,11.333333333333334,90,90,Tidak Ada
353,UNIVERSITAS SEBELAS MARET,Akademik,13531094,TEKNOLOGI PENDIDIKAN,Sarjana,20,212,10.6,86,86,Tidak Ada
353,UNIVERSITAS SEBELAS MARET,Akademik,13531095,BAHASA MANDARIN DAN KEBUDAYAAN TIONGKOK,Sarjana,23,238,10.347826086956522,85,85,Tidak Ada
353,UNIVERSITAS SEBELAS MARET,Akademik,13531096,BISNIS DIGITAL,Sarjana,27,1000,37.03703703703704,89,89,Tidak Ada
353,UNIVERSITAS SEBELAS MARET,Akademik,13531097,SAINS DATA,Sarjana,12,391,32.583333333333336,95,95,Tidak Ada
353,UNIVERSITAS SEBELAS MARET,Akademik,13531104,ILMU ADMINISTRASI NEGARA (KAMPUS KABUPATEN KEBUMEN),Sarjana,24,82,3.4166666666666665,80,80,Tidak Ada
353,UNIVERSITAS SEBELAS MARET,Akademik,13531105,INFORMATIKA (KAMPUS KABUPATEN KEBUMEN),Sarjana,15,78,5.2,80,80,Tidak Ada
353,UNIVERSITAS SEBELAS MARET,Akademik,13531106,PROTEKSI TANAMAN,Sarjana,24,88,3.6666666666666665,75,75,Tidak Ada
353,UNIVERSITAS SEBELAS MARET,Akademik,13532033,KESELAMATAN DAN KESEHATAN KERJA,Sarjana Terapan,27,988,36.592592592592595,90,90,Tidak Ada
353,UNIVERSITAS SEBELAS MARET,Akademik,13532071,DEMOGRAFI DAN PENCATATAN SIPIL,Sarjana Terapan,30,262,8.733333333333333,82,82,Tidak Ada
353,UNIVERSITAS SEBELAS MARET,Akademik,13532098,KEPERAWATAN ANESTESIOLOGI,Sarjana Terapan,15,1279,85.26666666666667,88,88,Tidak Ada
353,UNIVERSITAS SEBELAS MARET,Akademik,13532099,TEKNOLOGI REKAYASA MANUFAKTUR,Sarjana Terapan,18,117,6.5,86,86,Tidak Ada
353,UNIVERSITAS SEBELAS MARET,Akademik,13532100,PEMASARAN DIGITAL,Sarjana Terapan,21,347,16.523809523809526,89,89,Tidak Ada
353,UNIVERSITAS SEBELAS MARET,Akademik,13532101,PERBANKAN DAN KEUANGAN DIGITAL,Sarjana Terapan,24,356,14.833333333333334,90,90,Tidak Ada
353,UNIVERSITAS SEBELAS MARET,Akademik,13532107,BAHASA  MANDARIN UNTUK KOMUNIKASI BISNIS DAN PROFESIONAL,Sarjana Terapan,18,121,6.722222222222222,81,81,Tidak Ada
353,UNIVERSITAS SEBELAS MARET,Akademik,13532108,MANAJEMEN KONSTRUKSI,Sarjana Terapan,18,0,0.0,78,78,Tidak Ada
353,UNIVERSITAS SEBELAS MARET,Akademik,13532109,BAHASA INGGRIS UNTUK KOMUNIKASI BISNIS DAN PROFESIONAL,Sarjana Terapan,14,0,0.0,80,80,Tidak Ada
353,UNIVERSITAS SEBELAS MARET,Akademik,13532110,MANAJEMEN BISNIS,Sarjana Terapan,14,0,0.0,82,82,Tidak Ada
353,UNIVERSITAS SEBELAS MARET,Akademik,13532111,DESAIN MEDIA DIGITAL,Sarjana Terapan,12,0,0.0,75,75,"Seni Rupa, Desain, dan Kriya"
353,UNIVERSITAS SEBELAS MARET,Akademik,13532112,MANAJEMEN PERDAGANGAN INTERNASIONAL,Sarjana Terapan,18,0,0.0,79,79,Tidak Ada
353,UNIVERSITAS SEBELAS MARET,Akademik,13533072,AKUNTANSI,Diploma Tiga,18,356,19.77777777777778,89,89,Tidak Ada
353,UNIVERSITAS SEBELAS MARET,Akademik,13533073,KEBIDANAN,Diploma Tiga,18,273,15.166666666666666,87,87,Tidak Ada
353,UNIVERSITAS SEBELAS MARET,Akademik,13533078,PERPAJAKAN,Diploma Tiga,18,313,17.38888888888889,87,87,Tidak Ada
353,UNIVERSITAS SEBELAS MARET,Akademik,13533081,USAHA PERJALANAN WISATA,Diploma Tiga,18,260,14.444444444444445,85,85,Tidak Ada
353,UNIVERSITAS SEBELAS MARET,Akademik,13533082,AGRIBISNIS,Diploma Tiga,26,215,8.26923076923077,85,85,Tidak Ada
353,UNIVERSITAS SEBELAS MARET,Akademik,13533083,TEKNIK KIMIA,Diploma Tiga,10,61,6.1,85,85,Tidak Ada
353,UNIVERSITAS SEBELAS MARET,Akademik,13533089,FARMASI,Diploma Tiga,17,702,41.294117647058826,92,92,Tidak Ada
353,UNIVERSITAS SEBELAS MARET,Akademik,13533090,BUDI DAYA TERNAK,Diploma Tiga,12,77,6.416666666666667,83,83,Tidak Ada
353,UNIVERSITAS SEBELAS MARET,Akademik,13533091,MANAJEMEN ADMINISTRASI,Diploma Tiga,18,419,23.27777777777778,89,89,Tidak Ada
353,UNIVERSITAS SEBELAS MARET,Akademik,13533102,TEKNIK INFORMATIKA (KAMPUS KABUPATEN MADIUN),Diploma Tiga,18,31,1.7222222222222223,79,79,Tidak Ada
353,UNIVERSITAS SEBELAS MARET,Akademik,13533103,AKUNTANSI (KAMPUS KABUPATEN MADIUN),Diploma Tiga,18,20,1.1111111111111112,81,81,Tidak Ada
354,ISI SURAKARTA,Akademik,13541001,TARI,Sarjana,52,177,3.4038461538461537,76,76,Tari
354,ISI SURAKARTA,Akademik,13541002,ETNOMUSIKOLOGI,Sarjana,32,20,0.625,77,77,Etnomusikologi
354,ISI SURAKARTA,Akademik,13541003,TEATER,Sarjana,16,17,1.0625,82,82,Teater
354,ISI SURAKARTA,Akademik,13541004,KRIYA,Sarjana,28,25,0.8928571428571429,75,75,"Seni Rupa, Desain, dan Kriya"
354,ISI SURAKARTA,Akademik,13541005,SENI MURNI,Sarjana,32,92,2.875,81,81,"Seni Rupa, Desain, dan Kriya"
354,ISI SURAKARTA,Akademik,13541006,DESAIN INTERIOR,Sarjana,44,108,2.4545454545454546,78,78,"Seni Rupa, Desain, dan Kriya"
354,ISI SURAKARTA,Akademik,13541007,DESAIN KOMUNIKASI VISUAL,Sarjana,72,619,8.597222222222221,84,84,"Seni Rupa, Desain, dan Kriya"
354,ISI SURAKARTA,Akademik,13541008,FILM DAN TELEVISI,Sarjana,60,248,4.133333333333334,77,77,Film dan Televisi
354,ISI SURAKARTA,Akademik,13541009,FOTOGRAFI,Sarjana,48,96,2.0,80,80,Fotografi
354,ISI SURAKARTA,Akademik,13541010,SENI KARAWITAN,Sarjana,44,87,1.9772727272727273,80,80,Seni Karawitan
354,ISI SURAKARTA,Akademik,13541011,SENI PEDALANGAN,Sarjana,20,27,1.35,77,77,Seni Pedalangan
354,ISI SURAKARTA,Akademik,13541014,SENI INTERMEDIA,Sarjana,10,31,3.1,81,81,Tidak Ada
354,ISI SURAKARTA,Akademik,13541015,KOREOGRAFI INKUIRI,Sarjana,10,15,1.5,77,77,Tidak Ada
354,ISI SURAKARTA,Akademik,13541017,DESAIN PRODUK INDUSTRI,Sarjana,12,24,2.0,79,79,"Seni Rupa, Desain, dan Kriya"
354,ISI SURAKARTA,Akademik,13541020,ARSITEKTUR,Sarjana,10,61,6.1,86,86,"Seni Rupa, Desain, dan Kriya"
354,ISI SURAKARTA,Akademik,13541021,BISNIS MUSIK,Sarjana,10,0,0.0,75,75,Tidak Ada
354,ISI SURAKARTA,Akademik,13542012,SENJATA TRADISIONAL KERIS,Sarjana Terapan,10,3,0.3,81,81,Tidak Ada
354,ISI SURAKARTA,Akademik,13542013,DESAIN MODE BATIK,Sarjana Terapan,36,49,1.3611111111111112,75,75,"Seni Rupa, Desain, dan Kriya"
354,ISI SURAKARTA,Akademik,13542016,ANIMASI,Sarjana Terapan,16,68,4.25,80,80,"Seni Rupa, Desain, dan Kriya"
354,ISI SURAKARTA,Akademik,13542018,TATA KELOLA SENI,Sarjana Terapan,10,20,2.0,77,77,Tidak Ada
354,ISI SURAKARTA,Akademik,13542019,DESTINASI PARIWISATA,Sarjana Terapan,10,6,0.6,79,79,Tidak Ada
355,UNIVERSITAS DIPONEGORO,Akademik,13551001,KESEHATAN MASYARAKAT,Sarjana,82,1431,17.451219512195124,90,90,Tidak Ada
355,UNIVERSITAS DIPONEGORO,Akademik,13551002,KEDOKTERAN,Sarjana,60,1213,20.216666666666665,91,91,Tidak Ada
355,UNIVERSITAS DIPONEGORO,Akademik,13551003,KEPERAWATAN,Sarjana,55,1694,30.8,92,92,Tidak Ada
355,UNIVERSITAS DIPONEGORO,Akademik,13551004,GIZI,Sarjana,35,875,25.0,88,88,Tidak Ada
355,UNIVERSITAS DIPONEGORO,Akademik,13551005,MATEMATIKA,Sarjana,66,488,7.393939393939394,81,81,Tidak Ada
355,UNIVERSITAS DIPONEGORO,Akademik,13551006,BIOLOGI,Sarjana,63,497,7.888888888888889,82,82,Tidak Ada
355,UNIVERSITAS DIPONEGORO,Akademik,13551007,KIMIA,Sarjana,63,515,8.174603174603174,83,83,Tidak Ada
355,UNIVERSITAS DIPONEGORO,Akademik,13551008,FISIKA,Sarjana,63,286,4.5396825396825395,77,77,Tidak Ada
355,UNIVERSITAS DIPONEGORO,Akademik,13551009,STATISTIKA,Sarjana,44,593,13.477272727272727,87,87,Tidak Ada
355,UNIVERSITAS DIPONEGORO,Akademik,13551010,INFORMATIKA,Sarjana,50,1295,25.9,94,94,Tidak Ada
355,UNIVERSITAS DIPONEGORO,Akademik,13551011,MANAJEMEN SUMBERDAYA PERAIRAN,Sarjana,37,221,5.972972972972973,82,82,Tidak Ada
355,UNIVERSITAS DIPONEGORO,Akademik,13551012,AKUAKULTUR,Sarjana,40,199,4.975,81,81,Tidak Ada
355,UNIVERSITAS DIPONEGORO,Akademik,13551013,PERIKANAN TANGKAP,Sarjana,35,143,4.085714285714285,77,77,Tidak Ada
355,UNIVERSITAS DIPONEGORO,Akademik,13551014,ILMU KELAUTAN,Sarjana,50,256,5.12,83,83,Tidak Ada
355,UNIVERSITAS DIPONEGORO,Akademik,13551015,OCEANOGRAFI,Sarjana,46,211,4.586956521739131,75,75,Tidak Ada
355,UNIVERSITAS DIPONEGORO,Akademik,13551016,TEKNOLOGI HASIL PERIKANAN,Sarjana,37,191,5.162162162162162,81,81,Tidak Ada
355,UNIVERSITAS DIPONEGORO,Akademik,13551017,TEKNIK SIPIL,Sarjana,50,999,19.98,90,90,Tidak Ada
355,UNIVERSITAS DIPONEGORO,Akademik,13551018,ARSITEKTUR,Sarjana,44,651,14.795454545454545,87,87,Tidak Ada
355,UNIVERSITAS DIPONEGORO,Akademik,13551019,TEKNIK MESIN,Sarjana,46,854,18.565217391304348,86,86,Tidak Ada
355,UNIVERSITAS DIPONEGORO,Akademik,13551020,TEKNIK KIMIA,Sarjana,50,736,14.72,85,85,Tidak Ada
355,UNIVERSITAS DIPONEGORO,Akademik,13551021,TEKNIK ELEKTRO,Sarjana,46,704,15.304347826086957,87,87,Tidak Ada
355,UNIVERSITAS DIPONEGORO,Akademik,13551022,PERENCANAAN WILAYAH DAN KOTA,Sarjana,50,621,12.42,85,85,Tidak Ada
355,UNIVERSITAS DIPONEGORO,Akademik,13551023,TEKNIK INDUSTRI,Sarjana,48,1211,25.229166666666668,93,93,Tidak Ada
355,UNIVERSITAS DIPONEGORO,Akademik,13551024,TEKNIK LINGKUNGAN,Sarjana,44,768,17.454545454545453,86,86,Tidak Ada
355,UNIVERSITAS DIPONEGORO,Akademik,13551025,TEKNIK PERKAPALAN,Sarjana,42,376,8.952380952380953,83,83,Tidak Ada
355,UNIVERSITAS DIPONEGORO,Akademik,13551026,TEKNIK GEOLOGI,Sarjana,38,771,20.289473684210527,94,94,Tidak Ada
355,UNIVERSITAS DIPONEGORO,Akademik,13551027,TEKNIK GEODESI,Sarjana,40,476,11.9,86,86,Tidak Ada
355,UNIVERSITAS DIPONEGORO,Akademik,13551028,TEKNIK KOMPUTER,Sarjana,42,780,18.571428571428573,85,85,Tidak Ada
355,UNIVERSITAS DIPONEGORO,Akademik,13551029,PETERNAKAN,Sarjana,70,536,7.6571428571428575,87,87,Tidak Ada
355,UNIVERSITAS DIPONEGORO,Akademik,13551030,TEKNOLOGI PANGAN,Sarjana,48,967,20.145833333333332,91,91,Tidak Ada
355,UNIVERSITAS DIPONEGORO,Akademik,13551031,AGROEKOTEKNOLOGI,Sarjana,44,553,12.568181818181818,86,86,Tidak Ada
355,UNIVERSITAS DIPONEGORO,Akademik,13551032,AGRIBISNIS,Sarjana,44,581,13.204545454545455,85,85,Tidak Ada
355,UNIVERSITAS DIPONEGORO,Akademik,13551033,KEDOKTERAN GIGI,Sarjana,12,612,51.0,94,94,Tidak Ada
355,UNIVERSITAS DIPONEGORO,Akademik,13551034,FARMASI,Sarjana,20,904,45.2,95,95,Tidak Ada
355,UNIVERSITAS DIPONEGORO,Akademik,13551035,BIOTEKNOLOGI,Sarjana,28,502,17.928571428571427,89,89,Tidak Ada
355,UNIVERSITAS DIPONEGORO,Akademik,13551036,SASTRA INDONESIA,Sarjana,44,394,8.954545454545455,87,87,Tidak Ada
355,UNIVERSITAS DIPONEGORO,Akademik,13551037,SASTRA INGGRIS,Sarjana,43,692,16.093023255813954,87,87,Tidak Ada
355,UNIVERSITAS DIPONEGORO,Akademik,13551038,SEJARAH,Sarjana,35,260,7.428571428571429,86,86,Tidak Ada
355,UNIVERSITAS DIPONEGORO,Akademik,13551039,ILMU PERPUSTAKAAN,Sarjana,39,376,9.64102564102564,84,84,Tidak Ada
355,UNIVERSITAS DIPONEGORO,Akademik,13551040,HUKUM,Sarjana,184,1958,10.641304347826088,90,90,Tidak Ada
355,UNIVERSITAS DIPONEGORO,Akademik,13551041,MANAJEMEN,Sarjana,78,1524,19.53846153846154,90,90,Tidak Ada
355,UNIVERSITAS DIPONEGORO,Akademik,13551042,EKONOMI,Sarjana,60,770,12.833333333333334,88,88,Tidak Ada
355,UNIVERSITAS DIPONEGORO,Akademik,13551043,AKUNTANSI,Sarjana,78,1596,20.46153846153846,94,94,Tidak Ada
355,UNIVERSITAS DIPONEGORO,Akademik,13551044,ADMINISTRASI PUBLIK,Sarjana,50,778,15.56,87,87,Tidak Ada
355,UNIVERSITAS DIPONEGORO,Akademik,13551045,ADMINISTRASI BISNIS,Sarjana,56,1308,23.357142857142858,91,91,Tidak Ada
355,UNIVERSITAS DIPONEGORO,Akademik,13551046,ILMU PEMERINTAHAN,Sarjana,52,559,10.75,90,90,Tidak Ada
355,UNIVERSITAS DIPONEGORO,Akademik,13551047,ILMU KOMUNIKASI,Sarjana,56,1160,20.714285714285715,93,93,Tidak Ada
355,UNIVERSITAS DIPONEGORO,Akademik,13551048,PSIKOLOGI,Sarjana,80,1928,24.1,89,89,Tidak Ada
355,UNIVERSITAS DIPONEGORO,Akademik,13551049,BAHASA DAN KEBUDAYAAN JEPANG,Sarjana,39,395,10.128205128205128,87,87,Tidak Ada
355,UNIVERSITAS DIPONEGORO,Akademik,13551050,HUBUNGAN INTERNASIONAL,Sarjana,42,568,13.523809523809524,90,90,Tidak Ada
355,UNIVERSITAS DIPONEGORO,Akademik,13551051,ANTROPOLOGI SOSIAL,Sarjana,40,384,9.6,82,82,Tidak Ada
355,UNIVERSITAS DIPONEGORO,Akademik,13551052,EKONOMI ISLAM,Sarjana,36,340,9.444444444444445,85,85,Tidak Ada
355,UNIVERSITAS DIPONEGORO,Akademik,13551053,ADMINISTRASI PUBLIK KAMPUS REMBANG,Sarjana,30,216,7.2,81,81,Tidak Ada
355,UNIVERSITAS DIPONEGORO,Akademik,13551086,BISNIS DIGITAL,Sarjana,24,793,33.041666666666664,91,91,Tidak Ada
355,UNIVERSITAS DIPONEGORO,Akademik,13551087,KESELAMATAN DAN KESEHATAN KERJA,Sarjana,27,1104,40.888888888888886,90,90,Tidak Ada
355,UNIVERSITAS DIPONEGORO,Akademik,13551088,AGRIBISNIS KAMPUS BATANG,Sarjana,20,69,3.45,79,79,Tidak Ada
355,UNIVERSITAS DIPONEGORO,Akademik,13551089,TEKNOLOGI DAN BISNIS PERIKANAN DAN KELAUTAN,Sarjana,15,85,5.666666666666667,84,84,Tidak Ada
355,UNIVERSITAS DIPONEGORO,Akademik,13551090,TEKNIK INDUSTRI KAMPUS BATANG,Sarjana,12,0,0.0,80,80,Tidak Ada
355,UNIVERSITAS DIPONEGORO,Akademik,13552075,TEKNOLOGI REKAYASA KIMIA INDUSTRI,Sarjana Terapan,26,373,14.346153846153847,87,87,Tidak Ada
355,UNIVERSITAS DIPONEGORO,Akademik,13552076,TEKNOLOGI REKAYASA OTOMASI,Sarjana Terapan,26,244,9.384615384615385,81,81,Tidak Ada
355,UNIVERSITAS DIPONEGORO,Akademik,13552077,REKAYASA PERANCANGAN MEKANIK,Sarjana Terapan,26,200,7.6923076923076925,84,84,Tidak Ada
355,UNIVERSITAS DIPONEGORO,Akademik,13552078,TEKNOLOGI REKAYASA KONSTRUKSI PERKAPALAN,Sarjana Terapan,24,144,6.0,81,81,Tidak Ada
355,UNIVERSITAS DIPONEGORO,Akademik,13552079,TEKNIK LISTRIK INDUSTRI,Sarjana Terapan,26,229,8.807692307692308,82,82,Tidak Ada
355,UNIVERSITAS DIPONEGORO,Akademik,13552080,PERENCANAAN TATA RUANG DAN PERTANAHAN,Sarjana Terapan,30,320,10.666666666666666,85,85,Tidak Ada
355,UNIVERSITAS DIPONEGORO,Akademik,13552081,TEKNIK INFRASTRUKTUR SIPIL DAN PERANCANGAN ARSITEKTUR,Sarjana Terapan,42,569,13.547619047619047,88,88,Tidak Ada
355,UNIVERSITAS DIPONEGORO,Akademik,13552082,AKUNTANSI PERPAJAKAN,Sarjana Terapan,86,845,9.825581395348838,82,82,Tidak Ada
355,UNIVERSITAS DIPONEGORO,Akademik,13552083,MANAJEMEN DAN ADMINISTRASI LOGISTIK,Sarjana Terapan,46,614,13.347826086956522,85,85,Tidak Ada
355,UNIVERSITAS DIPONEGORO,Akademik,13552084,BAHASA ASING TERAPAN,Sarjana Terapan,30,282,9.4,83,83,Tidak Ada
355,UNIVERSITAS DIPONEGORO,Akademik,13552085,INFORMASI DAN HUMAS,Sarjana Terapan,46,424,9.217391304347826,86,86,Tidak Ada
356,UNIVERSITAS NEGERI SEMARANG,Akademik,13561001,PENDIDIKAN MATEMATIKA,Sarjana,39,564,14.461538461538462,87,87,Tidak Ada
356,UNIVERSITAS NEGERI SEMARANG,Akademik,13561002,PENDIDIKAN FISIKA,Sarjana,31,182,5.870967741935484,80,80,Tidak Ada
356,UNIVERSITAS NEGERI SEMARANG,Akademik,13561003,PENDIDIKAN KIMIA,Sarjana,31,270,8.709677419354838,87,87,Tidak Ada
356,UNIVERSITAS NEGERI SEMARANG,Akademik,13561004,PENDIDIKAN BIOLOGI,Sarjana,27,462,17.11111111111111,86,86,Tidak Ada
356,UNIVERSITAS NEGERI SEMARANG,Akademik,13561005,PENDIDIKAN TEKNIK BANGUNAN,Sarjana,27,130,4.814814814814815,81,81,Tidak Ada
356,UNIVERSITAS NEGERI SEMARANG,Akademik,13561006,PENDIDIKAN TEKNIK MESIN,Sarjana,27,152,5.62962962962963,84,84,Tidak Ada
356,UNIVERSITAS NEGERI SEMARANG,Akademik,13561007,PENDIDIKAN TEKNIK ELEKTRO,Sarjana,27,133,4.925925925925926,77,77,Tidak Ada
356,UNIVERSITAS NEGERI SEMARANG,Akademik,13561008,ILMU KEOLAHRAGAAN,Sarjana,25,210,8.4,86,86,Olahraga
356,UNIVERSITAS NEGERI SEMARANG,Akademik,13561009,MATEMATIKA,Sarjana,18,207,11.5,86,86,Tidak Ada
356,UNIVERSITAS NEGERI SEMARANG,Akademik,13561010,FISIKA,Sarjana,27,137,5.074074074074074,85,85,Tidak Ada
356,UNIVERSITAS NEGERI SEMARANG,Akademik,13561011,KIMIA,Sarjana,20,229,11.45,86,86,Tidak Ada
356,UNIVERSITAS NEGERI SEMARANG,Akademik,13561012,BIOLOGI,Sarjana,20,268,13.4,87,87,Tidak Ada
356,UNIVERSITAS NEGERI SEMARANG,Akademik,13561013,KESEHATAN MASYARAKAT,Sarjana,58,1890,32.58620689655172,94,94,Tidak Ada
356,UNIVERSITAS NEGERI SEMARANG,Akademik,13561014,PENDIDIKAN IPA,Sarjana,25,294,11.76,86,86,Tidak Ada
356,UNIVERSITAS NEGERI SEMARANG,Akademik,13561015,PEND. TEKNIK INFORMATIKA & KOMPUTER,Sarjana,24,357,14.875,86,86,Tidak Ada
356,UNIVERSITAS NEGERI SEMARANG,Akademik,13561016,TEKNIK ARSITEKTUR,Sarjana,33,404,12.242424242424242,87,87,Tidak Ada
356,UNIVERSITAS NEGERI SEMARANG,Akademik,13561017,PENDIDIKAN TEKNIK OTOMOTIF,Sarjana,27,277,10.25925925925926,88,88,Tidak Ada
356,UNIVERSITAS NEGERI SEMARANG,Akademik,13561018,TEKNIK KIMIA,Sarjana,33,375,11.363636363636363,85,85,Tidak Ada
356,UNIVERSITAS NEGERI SEMARANG,Akademik,13561019,TEKNIK MESIN,Sarjana,38,801,21.07894736842105,89,89,Tidak Ada
356,UNIVERSITAS NEGERI SEMARANG,Akademik,13561020,TEKNIK SIPIL,Sarjana,38,708,18.63157894736842,90,90,Tidak Ada
356,UNIVERSITAS NEGERI SEMARANG,Akademik,13561021,TEKNIK INFORMATIKA,Sarjana,39,1341,34.38461538461539,88,88,Tidak Ada
356,UNIVERSITAS NEGERI SEMARANG,Akademik,13561022,TEKNIK ELEKTRO,Sarjana,33,509,15.424242424242424,86,86,Tidak Ada
356,UNIVERSITAS NEGERI SEMARANG,Akademik,13561023,GIZI,Sarjana,38,866,22.789473684210527,88,88,Tidak Ada
356,UNIVERSITAS NEGERI SEMARANG,Akademik,13561024,SISTEM INFORMASI,Sarjana,23,653,28.391304347826086,90,90,Tidak Ada
356,UNIVERSITAS NEGERI SEMARANG,Akademik,13561025,ILMU LINGKUNGAN,Sarjana,21,325,15.476190476190476,85,85,Tidak Ada
356,UNIVERSITAS NEGERI SEMARANG,Akademik,13561026,FARMASI,Sarjana,30,1202,40.06666666666667,94,94,Tidak Ada
356,UNIVERSITAS NEGERI SEMARANG,Akademik,13561027,TEKNIK KOMPUTER,Sarjana,13,382,29.384615384615383,89,89,Tidak Ada
356,UNIVERSITAS NEGERI SEMARANG,Akademik,13561028,BIMBINGAN DAN KONSELING,Sarjana,32,749,23.40625,90,90,Tidak Ada
356,UNIVERSITAS NEGERI SEMARANG,Akademik,13561029,TEKNOLOGI PENDIDIKAN,Sarjana,36,212,5.888888888888889,83,83,Tidak Ada
356,UNIVERSITAS NEGERI SEMARANG,Akademik,13561030,PENDIDIKAN NON FORMAL,Sarjana,30,100,3.3333333333333335,81,81,Tidak Ada
356,UNIVERSITAS NEGERI SEMARANG,Akademik,13561031,PENDIDIKAN PANCASILA & KEWARGANEGARAAN,Sarjana,30,504,16.8,85,85,Tidak Ada
356,UNIVERSITAS NEGERI SEMARANG,Akademik,13561032,PENDIDIKAN GEOGRAFI,Sarjana,20,275,13.75,89,89,Tidak Ada
356,UNIVERSITAS NEGERI SEMARANG,Akademik,13561033,PENDIDIKAN SEJARAH,Sarjana,20,319,15.95,85,85,Tidak Ada
356,UNIVERSITAS NEGERI SEMARANG,Akademik,13561034,"PENDIDIKAN JASMANI, KESEHATAN & REKREASI",Sarjana,58,774,13.344827586206897,89,89,Olahraga
356,UNIVERSITAS NEGERI SEMARANG,Akademik,13561035,PENDIDIKAN KEPELATIHAN OLAHRAGA,Sarjana,43,471,10.953488372093023,85,85,Olahraga
356,UNIVERSITAS NEGERI SEMARANG,Akademik,13561036,PENDIDIKAN TATA BOGA,Sarjana,23,552,24.0,93,93,Tidak Ada
356,UNIVERSITAS NEGERI SEMARANG,Akademik,13561037,PENDIDIKAN TATA BUSANA,Sarjana,20,494,24.7,91,91,Tidak Ada
356,UNIVERSITAS NEGERI SEMARANG,Akademik,13561038,PENDIDIKAN SOSIOLOGI & ANTROPOLOGI,Sarjana,30,439,14.633333333333333,90,90,Tidak Ada
356,UNIVERSITAS NEGERI SEMARANG,Akademik,13561039,EKONOMI PEMBANGUNAN,Sarjana,63,670,10.634920634920634,89,89,Tidak Ada
356,UNIVERSITAS NEGERI SEMARANG,Akademik,13561040,MANAJEMEN,Sarjana,99,2397,24.21212121212121,88,88,Tidak Ada
356,UNIVERSITAS NEGERI SEMARANG,Akademik,13561041,PSIKOLOGI,Sarjana,49,1031,21.040816326530614,95,95,Tidak Ada
356,UNIVERSITAS NEGERI SEMARANG,Akademik,13561042,GEOGRAFI,Sarjana,48,430,8.958333333333334,86,86,Tidak Ada
356,UNIVERSITAS NEGERI SEMARANG,Akademik,13561043,ILMU HUKUM,Sarjana,188,1434,7.627659574468085,85,85,Tidak Ada
356,UNIVERSITAS NEGERI SEMARANG,Akademik,13561044,AKUNTANSI,Sarjana,87,1780,20.45977011494253,95,95,Tidak Ada
356,UNIVERSITAS NEGERI SEMARANG,Akademik,13561045,"SENI RUPA (DKV,LUKIS,PTNG,GRAFIS,GBR KRIYA)",Sarjana,30,190,6.333333333333333,83,83,"Seni Rupa, Desain, dan Kriya"
356,UNIVERSITAS NEGERI SEMARANG,Akademik,13561046,PENDIDIKAN AKUNTANSI,Sarjana,27,214,7.925925925925926,81,81,Tidak Ada
356,UNIVERSITAS NEGERI SEMARANG,Akademik,13561047,PENDIDIKAN EKONOMI,Sarjana,30,592,19.733333333333334,85,85,Tidak Ada
356,UNIVERSITAS NEGERI SEMARANG,Akademik,13561048,PENDIDIKAN ADMINISTRASI PERKANTORAN,Sarjana,25,421,16.84,88,88,Tidak Ada
356,UNIVERSITAS NEGERI SEMARANG,Akademik,13561049,PENDIDIKAN BAHASA DAN SASTRA INDONESIA,Sarjana,65,856,13.169230769230769,89,89,Tidak Ada
356,UNIVERSITAS NEGERI SEMARANG,Akademik,13561050,PENDIDIKAN BAHASA INGGRIS,Sarjana,43,714,16.6046511627907,85,85,Tidak Ada
356,UNIVERSITAS NEGERI SEMARANG,Akademik,13561051,PENDIDIKAN BAHASA PRANCIS,Sarjana,25,48,1.92,75,75,Tidak Ada
356,UNIVERSITAS NEGERI SEMARANG,Akademik,13561052,PENDIDIKAN SENI RUPA,Sarjana,36,133,3.6944444444444446,77,77,"Seni Rupa, Desain, dan Kriya"
356,UNIVERSITAS NEGERI SEMARANG,Akademik,13561053,SASTRA INDONESIA,Sarjana,20,289,14.45,85,85,Tidak Ada
356,UNIVERSITAS NEGERI SEMARANG,Akademik,13561054,SASTRA INGGRIS,Sarjana,39,544,13.948717948717949,89,89,Tidak Ada
356,UNIVERSITAS NEGERI SEMARANG,Akademik,13561055,SASTRA PRANCIS,Sarjana,27,89,3.2962962962962963,75,75,Tidak Ada
356,UNIVERSITAS NEGERI SEMARANG,Akademik,13561056,ILMU SEJARAH,Sarjana,20,215,10.75,87,87,Tidak Ada
356,UNIVERSITAS NEGERI SEMARANG,Akademik,13561057,SASTRA JAWA,Sarjana,20,124,6.2,86,86,Tidak Ada
356,UNIVERSITAS NEGERI SEMARANG,Akademik,13561058,PENDIDIKAN BAHASA DAN SASTRA JAWA,Sarjana,40,337,8.425,86,86,Tidak Ada
356,UNIVERSITAS NEGERI SEMARANG,Akademik,13561059,"P. SENI DRAMA, TARI & MUSIK (P. SENI TARI)",Sarjana,36,147,4.083333333333333,75,75,Tari
356,UNIVERSITAS NEGERI SEMARANG,Akademik,13561060,"P. SENI DRAMA, TARI & MUSIK (P. SENI MUSIK)",Sarjana,40,133,3.325,77,77,Musik
356,UNIVERSITAS NEGERI SEMARANG,Akademik,13561061,PENDIDIKAN BAHASA JEPANG,Sarjana,20,305,15.25,88,88,Tidak Ada
356,UNIVERSITAS NEGERI SEMARANG,Akademik,13561062,PENDIDIKAN BAHASA ARAB,Sarjana,36,256,7.111111111111111,87,87,Tidak Ada
356,UNIVERSITAS NEGERI SEMARANG,Akademik,13561063,PENDIDIKAN GURU SEKOLAH DASAR,Sarjana,120,2787,23.225,90,90,Tidak Ada
356,UNIVERSITAS NEGERI SEMARANG,Akademik,13561064,PEND.GURU PEND. ANAK USIA DINI (PGPAUD),Sarjana,39,284,7.282051282051282,80,80,Tidak Ada
356,UNIVERSITAS NEGERI SEMARANG,Akademik,13561065,PENDIDIKAN TATA KECANTIKAN,Sarjana,23,443,19.26086956521739,86,86,Tidak Ada
356,UNIVERSITAS NEGERI SEMARANG,Akademik,13561066,PENDIDIKAN BAHASA MANDARIN,Sarjana,12,134,11.166666666666666,87,87,Tidak Ada
356,UNIVERSITAS NEGERI SEMARANG,Akademik,13561067,ILMU POLITIK,Sarjana,53,325,6.132075471698113,81,81,Tidak Ada
356,UNIVERSITAS NEGERI SEMARANG,Akademik,13561068,PENDIDIKAN JASMANI SEKOLAH DASAR,Sarjana,20,238,11.9,88,88,Olahraga
356,UNIVERSITAS NEGERI SEMARANG,Akademik,13561070,PENDIDIKAN ILMU PENGETAHUAN SOSIAL,Sarjana,30,297,9.9,87,87,Tidak Ada
356,UNIVERSITAS NEGERI SEMARANG,Akademik,13561071,PENDIDIKAN KESEJAHTERAAN KELUARGA,Sarjana,15,165,11.0,86,86,Tidak Ada
356,UNIVERSITAS NEGERI SEMARANG,Akademik,13561074,STATISTIKA DAN SAINS DATA,Sarjana,19,311,16.36842105263158,90,90,Tidak Ada
356,UNIVERSITAS NEGERI SEMARANG,Akademik,13561075,EKONOMI DAN KEUANGAN ISLAM,Sarjana,19,287,15.105263157894736,89,89,Tidak Ada
356,UNIVERSITAS NEGERI SEMARANG,Akademik,13561076,KEDOKTERAN,Sarjana,10,538,53.8,94,94,Tidak Ada
356,UNIVERSITAS NEGERI SEMARANG,Akademik,13561077,ILMU KOMUNIKASI,Sarjana,27,1101,40.77777777777778,92,92,Tidak Ada
356,UNIVERSITAS NEGERI SEMARANG,Akademik,13561078,KEDOKTERAN HEWAN,Sarjana,10,0,0.0,75,75,Tidak Ada
356,UNIVERSITAS NEGERI SEMARANG,Akademik,13563072,DESAIN KOMUNIKASI VISUAL,Diploma Tiga,8,103,12.875,85,85,"Seni Rupa, Desain, dan Kriya"
356,UNIVERSITAS NEGERI SEMARANG,Akademik,13563073,STATISTIKA TERAPAN DAN KOMPUTASI,Diploma Tiga,8,72,9.0,83,83,Tidak Ada
361,UNIVERSITAS GADJAH MADA,Akademik,13611001,BIOLOGI,Sarjana,68,344,5.0588235294117645,85,85,Tidak Ada
361,UNIVERSITAS GADJAH MADA,Akademik,13611002,FARMASI,Sarjana,72,1381,19.180555555555557,87,87,Tidak Ada
361,UNIVERSITAS GADJAH MADA,Akademik,13611003,GEOGRAFI LINGKUNGAN,Sarjana,35,283,8.085714285714285,84,84,Tidak Ada
361,UNIVERSITAS GADJAH MADA,Akademik,13611004,KARTOGRAFI DAN PENGINDERAAN JAUH,Sarjana,30,165,5.5,86,86,Tidak Ada
361,UNIVERSITAS GADJAH MADA,Akademik,13611005,PEMBANGUNAN WILAYAH,Sarjana,24,208,8.666666666666666,83,83,Tidak Ada
361,UNIVERSITAS GADJAH MADA,Akademik,13611006,KEDOKTERAN,Sarjana,53,1979,37.339622641509436,89,89,Tidak Ada
361,UNIVERSITAS GADJAH MADA,Akademik,13611007,ILMU KEPERAWATAN,Sarjana,36,773,21.47222222222222,94,94,Tidak Ada
361,UNIVERSITAS GADJAH MADA,Akademik,13611008,GIZI,Sarjana,30,652,21.733333333333334,91,91,Tidak Ada
361,UNIVERSITAS GADJAH MADA,Akademik,13611009,KEDOKTERAN GIGI,Sarjana,45,624,13.866666666666667,90,90,Tidak Ada
361,UNIVERSITAS GADJAH MADA,Akademik,13611010,KEDOKTERAN HEWAN,Sarjana,60,389,6.483333333333333,80,80,Tidak Ada
361,UNIVERSITAS GADJAH MADA,Akademik,13611011,FISIKA,Sarjana,21,149,7.095238095238095,87,87,Tidak Ada
361,UNIVERSITAS GADJAH MADA,Akademik,13611012,KIMIA,Sarjana,45,267,5.933333333333334,84,84,Tidak Ada
361,UNIVERSITAS GADJAH MADA,Akademik,13611013,MATEMATIKA,Sarjana,20,208,10.4,86,86,Tidak Ada
361,UNIVERSITAS GADJAH MADA,Akademik,13611014,ILMU KOMPUTER,Sarjana,27,684,25.333333333333332,93,93,Tidak Ada
361,UNIVERSITAS GADJAH MADA,Akademik,13611015,STATISTIKA,Sarjana,20,309,15.45,85,85,Tidak Ada
361,UNIVERSITAS GADJAH MADA,Akademik,13611016,GEOFISIKA,Sarjana,21,211,10.047619047619047,85,85,Tidak Ada
361,UNIVERSITAS GADJAH MADA,Akademik,13611017,ELEKTRONIKA DAN INSTRUMENTASI,Sarjana,27,185,6.851851851851852,81,81,Tidak Ada
361,UNIVERSITAS GADJAH MADA,Akademik,13611018,AGRONOMI,Sarjana,24,148,6.166666666666667,86,86,Tidak Ada
361,UNIVERSITAS GADJAH MADA,Akademik,13611020,ILMU TANAH,Sarjana,23,167,7.260869565217392,84,84,Tidak Ada
361,UNIVERSITAS GADJAH MADA,Akademik,13611021,EKONOMI PERTANIAN DAN AGRIBISNIS,Sarjana,27,237,8.777777777777779,84,84,Tidak Ada
361,UNIVERSITAS GADJAH MADA,Akademik,13611022,PROTEKSI TANAMAN (ILMU HAMA DAN PENYAKIT TUMBUHAN),Sarjana,23,223,9.695652173913043,81,81,Tidak Ada
361,UNIVERSITAS GADJAH MADA,Akademik,13611023,PENYULUHAN DAN KOMUNIKASI PERTANIAN,Sarjana,9,94,10.444444444444445,88,88,Tidak Ada
361,UNIVERSITAS GADJAH MADA,Akademik,13611024,AKUAKULTUR (BUDIDAYA PERIKANAN),Sarjana,23,118,5.130434782608695,85,85,Tidak Ada
361,UNIVERSITAS GADJAH MADA,Akademik,13611025,TEKNOLOGI HASIL PERIKANAN,Sarjana,23,138,6.0,80,80,Tidak Ada
361,UNIVERSITAS GADJAH MADA,Akademik,13611026,MANAJEMEN SUMBERDAYA AKUATIK (MANAJEMEN SUMBER DAYA PERIKANAN),Sarjana,23,110,4.782608695652174,75,75,Tidak Ada
361,UNIVERSITAS GADJAH MADA,Akademik,13611027,MIKROBIOLOGI PERTANIAN,Sarjana,11,141,12.818181818181818,88,88,Tidak Ada
361,UNIVERSITAS GADJAH MADA,Akademik,13611028,ILMU DAN INDUSTRI PETERNAKAN,Sarjana,90,365,4.055555555555555,77,77,Tidak Ada
361,UNIVERSITAS GADJAH MADA,Akademik,13611029,ARSITEKTUR,Sarjana,24,408,17.0,88,88,Tidak Ada
361,UNIVERSITAS GADJAH MADA,Akademik,13611030,PERENCANAAN WILAYAH DAN KOTA,Sarjana,23,207,9.0,82,82,Tidak Ada
361,UNIVERSITAS GADJAH MADA,Akademik,13611031,TEKNIK GEODESI,Sarjana,35,253,7.228571428571429,85,85,Tidak Ada
361,UNIVERSITAS GADJAH MADA,Akademik,13611032,TEKNIK GEOLOGI,Sarjana,36,398,11.055555555555555,88,88,Tidak Ada
361,UNIVERSITAS GADJAH MADA,Akademik,13611033,TEKNIK KIMIA,Sarjana,42,497,11.833333333333334,89,89,Tidak Ada
361,UNIVERSITAS GADJAH MADA,Akademik,13611034,TEKNIK ELEKTRO,Sarjana,35,403,11.514285714285714,88,88,Tidak Ada
361,UNIVERSITAS GADJAH MADA,Akademik,13611035,TEKNIK MESIN,Sarjana,51,549,10.764705882352942,86,86,Tidak Ada
361,UNIVERSITAS GADJAH MADA,Akademik,13611036,TEKNIK SIPIL,Sarjana,33,572,17.333333333333332,86,86,Tidak Ada
361,UNIVERSITAS GADJAH MADA,Akademik,13611037,TEKNIK NUKLIR,Sarjana,15,239,15.933333333333334,89,89,Tidak Ada
361,UNIVERSITAS GADJAH MADA,Akademik,13611038,TEKNIK FISIKA,Sarjana,36,263,7.305555555555555,86,86,Tidak Ada
361,UNIVERSITAS GADJAH MADA,Akademik,13611039,TEKNIK INDUSTRI,Sarjana,36,649,18.02777777777778,88,88,Tidak Ada
361,UNIVERSITAS GADJAH MADA,Akademik,13611040,TEKNIK PERTANIAN,Sarjana,29,181,6.241379310344827,83,83,Tidak Ada
361,UNIVERSITAS GADJAH MADA,Akademik,13611041,TEKNOLOGI PANGAN DAN HASIL PERTANIAN,Sarjana,33,509,15.424242424242424,87,87,Tidak Ada
361,UNIVERSITAS GADJAH MADA,Akademik,13611042,TEKNOLOGI INDUSTRI PERTANIAN,Sarjana,30,192,6.4,86,86,Tidak Ada
361,UNIVERSITAS GADJAH MADA,Akademik,13611043,HIGIENE GIGI,Sarjana,17,171,10.058823529411764,86,86,Tidak Ada
361,UNIVERSITAS GADJAH MADA,Akademik,13611044,KEHUTANAN,Sarjana,90,467,5.188888888888889,87,87,Tidak Ada
361,UNIVERSITAS GADJAH MADA,Akademik,13611045,TEKNOLOGI INFORMASI,Sarjana,29,645,22.24137931034483,88,88,Tidak Ada
361,UNIVERSITAS GADJAH MADA,Akademik,13611046,ILMU AKTUARIA,Sarjana,17,268,15.764705882352942,86,86,Tidak Ada
361,UNIVERSITAS GADJAH MADA,Akademik,13611047,TEKNIK BIOMEDIS,Sarjana,18,275,15.277777777777779,87,87,Tidak Ada
361,UNIVERSITAS GADJAH MADA,Akademik,13611062,TEKNIK INFRASTRUKTUR LINGKUNGAN,Sarjana,15,187,12.466666666666667,89,89,Tidak Ada
361,UNIVERSITAS GADJAH MADA,Akademik,13611063,ILMU EKONOMI,Sarjana,30,319,10.633333333333333,89,89,Tidak Ada
361,UNIVERSITAS GADJAH MADA,Akademik,13611064,MANAJEMEN,Sarjana,45,1091,24.244444444444444,90,90,Tidak Ada
361,UNIVERSITAS GADJAH MADA,Akademik,13611065,AKUNTANSI,Sarjana,45,1120,24.88888888888889,88,88,Tidak Ada
361,UNIVERSITAS GADJAH MADA,Akademik,13611066,FILSAFAT,Sarjana,45,198,4.4,78,78,Tidak Ada
361,UNIVERSITAS GADJAH MADA,Akademik,13611067,HUKUM,Sarjana,96,1463,15.239583333333334,90,90,Tidak Ada
361,UNIVERSITAS GADJAH MADA,Akademik,13611068,ANTROPOLOGI BUDAYA,Sarjana,30,206,6.866666666666666,86,86,Tidak Ada
361,UNIVERSITAS GADJAH MADA,Akademik,13611069,ARKEOLOGI,Sarjana,21,184,8.761904761904763,82,82,Tidak Ada
361,UNIVERSITAS GADJAH MADA,Akademik,13611070,SEJARAH,Sarjana,18,148,8.222222222222221,82,82,Tidak Ada
361,UNIVERSITAS GADJAH MADA,Akademik,13611071,SASTRA ARAB,Sarjana,21,269,12.80952380952381,87,87,Tidak Ada
361,UNIVERSITAS GADJAH MADA,Akademik,13611072,BAHASA DAN SASTRA INDONESIA,Sarjana,30,276,9.2,80,80,Tidak Ada
361,UNIVERSITAS GADJAH MADA,Akademik,13611073,SASTRA INGGRIS,Sarjana,21,356,16.952380952380953,85,85,Tidak Ada
361,UNIVERSITAS GADJAH MADA,Akademik,13611074,"BAHASA, SASTRA, DAN BUDAYA JAWA",Sarjana,15,106,7.066666666666666,81,81,Tidak Ada
361,UNIVERSITAS GADJAH MADA,Akademik,13611075,BAHASA DAN SASTRA PRANCIS,Sarjana,14,101,7.214285714285714,83,83,Tidak Ada
361,UNIVERSITAS GADJAH MADA,Akademik,13611076,BAHASA DAN KEBUDAYAAN JEPANG,Sarjana,18,212,11.777777777777779,85,85,Tidak Ada
361,UNIVERSITAS GADJAH MADA,Akademik,13611077,BAHASA DAN KEBUDAYAAN KOREA,Sarjana,18,224,12.444444444444445,87,87,Tidak Ada
361,UNIVERSITAS GADJAH MADA,Akademik,13611078,MANAJEMEN DAN KEBIJAKAN PUBLIK,Sarjana,24,262,10.916666666666666,88,88,Tidak Ada
361,UNIVERSITAS GADJAH MADA,Akademik,13611079,ILMU HUBUNGAN INTERNASIONAL,Sarjana,24,515,21.458333333333332,95,95,Tidak Ada
361,UNIVERSITAS GADJAH MADA,Akademik,13611080,POLITIK DAN PEMERINTAHAN,Sarjana,24,235,9.791666666666666,80,80,Tidak Ada
361,UNIVERSITAS GADJAH MADA,Akademik,13611081,PEMBANGUNAN SOSIAL DAN KESEJAHTERAAN,Sarjana,24,274,11.416666666666666,85,85,Tidak Ada
361,UNIVERSITAS GADJAH MADA,Akademik,13611082,ILMU KOMUNIKASI,Sarjana,24,636,26.5,91,91,Tidak Ada
361,UNIVERSITAS GADJAH MADA,Akademik,13611083,SOSIOLOGI,Sarjana,24,231,9.625,85,85,Tidak Ada
361,UNIVERSITAS GADJAH MADA,Akademik,13611084,PSIKOLOGI,Sarjana,68,1441,21.191176470588236,90,90,Tidak Ada
361,UNIVERSITAS GADJAH MADA,Akademik,13611085,PARIWISATA,Sarjana,21,417,19.857142857142858,87,87,Tidak Ada
361,UNIVERSITAS GADJAH MADA,Akademik,13611116,TEKNIK SUMBER DAYA AIR,Sarjana,15,106,7.066666666666666,84,84,Tidak Ada
361,UNIVERSITAS GADJAH MADA,Akademik,13612048,MANAJEMEN INFORMASI KESEHATAN,Sarjana Terapan,36,458,12.722222222222221,87,87,Tidak Ada
361,UNIVERSITAS GADJAH MADA,Akademik,13612049,TEKNOLOGI REKAYASA PERANGKAT LUNAK,Sarjana Terapan,29,240,8.275862068965518,86,86,Tidak Ada
361,UNIVERSITAS GADJAH MADA,Akademik,13612050,TEKNOLOGI REKAYASA ELEKTRO,Sarjana Terapan,27,160,5.925925925925926,86,86,Tidak Ada
361,UNIVERSITAS GADJAH MADA,Akademik,13612051,TEKNOLOGI REKAYASA INSTRUMENTASI DAN KONTROL,Sarjana Terapan,22,170,7.7272727272727275,84,84,Tidak Ada
361,UNIVERSITAS GADJAH MADA,Akademik,13612052,TEKNOLOGI REKAYASA INTERNET,Sarjana Terapan,29,175,6.0344827586206895,84,84,Tidak Ada
361,UNIVERSITAS GADJAH MADA,Akademik,13612053,TEKNIK PENGELOLAAN DAN PEMELIHARAAN INFRASTRUKTUR SIPIL,Sarjana Terapan,22,161,7.318181818181818,86,86,Tidak Ada
361,UNIVERSITAS GADJAH MADA,Akademik,13612054,TEKNOLOGI REKAYASA MESIN,Sarjana Terapan,23,151,6.565217391304348,87,87,Tidak Ada
361,UNIVERSITAS GADJAH MADA,Akademik,13612055,TEKNIK PENGELOLAAN DAN PERAWATAN ALAT BERAT,Sarjana Terapan,23,190,8.26086956521739,82,82,Tidak Ada
361,UNIVERSITAS GADJAH MADA,Akademik,13612056,PENGELOLAAN HUTAN,Sarjana Terapan,27,136,5.037037037037037,86,86,Tidak Ada
361,UNIVERSITAS GADJAH MADA,Akademik,13612057,TEKNOLOGI VETERINER,Sarjana Terapan,27,161,5.962962962962963,82,82,Tidak Ada
361,UNIVERSITAS GADJAH MADA,Akademik,13612058,PENGEMBANGAN PRODUK AGROINDUSTRI,Sarjana Terapan,27,127,4.703703703703703,82,82,Tidak Ada
361,UNIVERSITAS GADJAH MADA,Akademik,13612059,TEKNOLOGI SURVEI DAN PEMETAAN DASAR,Sarjana Terapan,21,74,3.5238095238095237,82,82,Tidak Ada
361,UNIVERSITAS GADJAH MADA,Akademik,13612060,SISTEM INFORMASI GEOGRAFIS,Sarjana Terapan,21,147,7.0,81,81,Tidak Ada
361,UNIVERSITAS GADJAH MADA,Akademik,13612061,TEKNOLOGI REKAYASA PELAKSANAAN BANGUNAN SIPIL,Sarjana Terapan,17,132,7.764705882352941,83,83,Tidak Ada
361,UNIVERSITAS GADJAH MADA,Akademik,13612086,MANAJEMEN DAN PENILAIAN PROPERTI,Sarjana Terapan,30,150,5.0,85,85,Tidak Ada
361,UNIVERSITAS GADJAH MADA,Akademik,13612087,PERBANKAN,Sarjana Terapan,36,236,6.555555555555555,87,87,Tidak Ada
361,UNIVERSITAS GADJAH MADA,Akademik,13612088,AKUNTANSI SEKTOR PUBLIK,Sarjana Terapan,30,337,11.233333333333333,85,85,Tidak Ada
361,UNIVERSITAS GADJAH MADA,Akademik,13612089,PEMBANGUNAN EKONOMI KEWILAYAHAN,Sarjana Terapan,30,206,6.866666666666666,80,80,Tidak Ada
361,UNIVERSITAS GADJAH MADA,Akademik,13612090,PENGELOLAAN ARSIP DAN REKAMAN INFORMASI,Sarjana Terapan,23,234,10.173913043478262,85,85,Tidak Ada
361,UNIVERSITAS GADJAH MADA,Akademik,13612091,BAHASA INGGRIS,Sarjana Terapan,23,153,6.6521739130434785,86,86,Tidak Ada
361,UNIVERSITAS GADJAH MADA,Akademik,13612092,BISNIS PERJALANAN WISATA,Sarjana Terapan,27,193,7.148148148148148,87,87,Tidak Ada
361,UNIVERSITAS GADJAH MADA,Akademik,13612115,BAHASA JEPANG UNTUK KOMUNIKASI BISNIS DAN PROFESIONAL,Sarjana Terapan,18,163,9.055555555555555,87,87,Tidak Ada
362,UNIVERSITAS NEGERI YOGYAKARTA,Akademik,13621001,PENDIDIKAN MATEMATIKA,Sarjana,16,298,18.625,88,88,Tidak Ada
362,UNIVERSITAS NEGERI YOGYAKARTA,Akademik,13621002,PENDIDIKAN FISIKA,Sarjana,24,112,4.666666666666667,76,76,Tidak Ada
362,UNIVERSITAS NEGERI YOGYAKARTA,Akademik,13621003,PENDIDIKAN KIMIA,Sarjana,16,150,9.375,86,86,Tidak Ada
362,UNIVERSITAS NEGERI YOGYAKARTA,Akademik,13621004,PENDIDIKAN BIOLOGI,Sarjana,19,222,11.68421052631579,89,89,Tidak Ada
362,UNIVERSITAS NEGERI YOGYAKARTA,Akademik,13621005,PENDIDIKAN TEKNIK ELEKTRONIKA,Sarjana,8,38,4.75,77,77,Tidak Ada
362,UNIVERSITAS NEGERI YOGYAKARTA,Akademik,13621006,PENDIDIKAN TEKNIK OTOMOTIF,Sarjana,19,200,10.526315789473685,87,87,Tidak Ada
362,UNIVERSITAS NEGERI YOGYAKARTA,Akademik,13621007,PENDIDIKAN TEKNIK MESIN,Sarjana,16,157,9.8125,86,86,Tidak Ada
362,UNIVERSITAS NEGERI YOGYAKARTA,Akademik,13621008,PENDIDIKAN TEKNIK ELEKTRO,Sarjana,16,97,6.0625,83,83,Tidak Ada
362,UNIVERSITAS NEGERI YOGYAKARTA,Akademik,13621009,PENDIDIKAN TEKNIK SIPIL & PERENCANAAN,Sarjana,16,101,6.3125,85,85,Tidak Ada
362,UNIVERSITAS NEGERI YOGYAKARTA,Akademik,13621010,MATEMATIKA,Sarjana,16,167,10.4375,88,88,Tidak Ada
362,UNIVERSITAS NEGERI YOGYAKARTA,Akademik,13621011,FISIKA,Sarjana,24,102,4.25,80,80,Tidak Ada
362,UNIVERSITAS NEGERI YOGYAKARTA,Akademik,13621012,KIMIA,Sarjana,16,179,11.1875,88,88,Tidak Ada
362,UNIVERSITAS NEGERI YOGYAKARTA,Akademik,13621013,BIOLOGI,Sarjana,16,182,11.375,86,86,Tidak Ada
362,UNIVERSITAS NEGERI YOGYAKARTA,Akademik,13621014,PENDIDIKAN TEKNIK MEKATRONIKA,Sarjana,16,68,4.25,75,75,Tidak Ada
362,UNIVERSITAS NEGERI YOGYAKARTA,Akademik,13621015,PENDIDIKAN TEKNIK INFORMATIKA,Sarjana,17,385,22.647058823529413,94,94,Tidak Ada
362,UNIVERSITAS NEGERI YOGYAKARTA,Akademik,13621016,PENDIDIKAN IPA,Sarjana,36,169,4.694444444444445,80,80,Tidak Ada
362,UNIVERSITAS NEGERI YOGYAKARTA,Akademik,13621017,ILMU KEOLAHRAGAAN,Sarjana,24,176,7.333333333333333,83,83,Olahraga
362,UNIVERSITAS NEGERI YOGYAKARTA,Akademik,13621018,STATISTIKA,Sarjana,16,237,14.8125,90,90,Tidak Ada
362,UNIVERSITAS NEGERI YOGYAKARTA,Akademik,13621019,PENDIDIKAN JASMANI KESEHATAN DAN REKREASI,Sarjana,40,539,13.475,90,90,Olahraga
362,UNIVERSITAS NEGERI YOGYAKARTA,Akademik,13621020,PENDIDIKAN KEPELATIHAN OLAHRAGA,Sarjana,40,351,8.775,83,83,Olahraga
362,UNIVERSITAS NEGERI YOGYAKARTA,Akademik,13621021,PENDIDIKAN JASMANI SEKOLAH DASAR,Sarjana,24,188,7.833333333333333,83,83,Olahraga
362,UNIVERSITAS NEGERI YOGYAKARTA,Akademik,13621022,TEKNIK ELEKTRO,Sarjana,16,477,29.8125,91,91,Tidak Ada
362,UNIVERSITAS NEGERI YOGYAKARTA,Akademik,13621023,TEKNOLOGI INFORMASI,Sarjana,24,615,25.625,89,89,Tidak Ada
362,UNIVERSITAS NEGERI YOGYAKARTA,Akademik,13621024,TEKNIK MANUFAKTUR,Sarjana,16,147,9.1875,85,85,Tidak Ada
362,UNIVERSITAS NEGERI YOGYAKARTA,Akademik,13621025,TEKNIK SIPIL,Sarjana,27,675,25.0,93,93,Tidak Ada
362,UNIVERSITAS NEGERI YOGYAKARTA,Akademik,13621026,MANAJEMEN PENDIDIKAN,Sarjana,16,209,13.0625,85,85,Tidak Ada
362,UNIVERSITAS NEGERI YOGYAKARTA,Akademik,13621027,BIMBINGAN & KONSELING,Sarjana,24,573,23.875,91,91,Tidak Ada
362,UNIVERSITAS NEGERI YOGYAKARTA,Akademik,13621028,TEKNOLOGI PENDIDIKAN,Sarjana,16,127,7.9375,84,84,Tidak Ada
362,UNIVERSITAS NEGERI YOGYAKARTA,Akademik,13621029,PENDIDIKAN LUAR BIASA,Sarjana,24,154,6.416666666666667,81,81,Tidak Ada
362,UNIVERSITAS NEGERI YOGYAKARTA,Akademik,13621030,PENDIDIKAN LUAR SEKOLAH,Sarjana,16,73,4.5625,77,77,Tidak Ada
362,UNIVERSITAS NEGERI YOGYAKARTA,Akademik,13621031,PENDIDIKAN KRIYA,Sarjana,24,69,2.875,79,79,"Seni Rupa, Desain, dan Kriya"
362,UNIVERSITAS NEGERI YOGYAKARTA,Akademik,13621032,PENDIDIKAN KEWARGANEGARAAN,Sarjana,16,198,12.375,87,87,Tidak Ada
362,UNIVERSITAS NEGERI YOGYAKARTA,Akademik,13621033,PENDIDIKAN SEJARAH,Sarjana,36,205,5.694444444444445,85,85,Tidak Ada
362,UNIVERSITAS NEGERI YOGYAKARTA,Akademik,13621034,PENDIDIKAN GEOGRAFI,Sarjana,16,214,13.375,89,89,Tidak Ada
362,UNIVERSITAS NEGERI YOGYAKARTA,Akademik,13621037,PENDIDIKAN TEKNIK BUSANA,Sarjana,16,487,30.4375,88,88,Tidak Ada
362,UNIVERSITAS NEGERI YOGYAKARTA,Akademik,13621038,PENDIDIKAN TEKNIK BOGA,Sarjana,19,542,28.526315789473685,95,95,Tidak Ada
362,UNIVERSITAS NEGERI YOGYAKARTA,Akademik,13621039,PENDIDIKAN ADMINISTRASI PERKANTORAN,Sarjana,24,326,13.583333333333334,89,89,Tidak Ada
362,UNIVERSITAS NEGERI YOGYAKARTA,Akademik,13621040,PENDIDIKAN AKUNTANSI,Sarjana,24,226,9.416666666666666,85,85,Tidak Ada
362,UNIVERSITAS NEGERI YOGYAKARTA,Akademik,13621041,PENDIDIKAN EKONOMI,Sarjana,27,234,8.666666666666666,85,85,Tidak Ada
362,UNIVERSITAS NEGERI YOGYAKARTA,Akademik,13621042,MANAJEMEN,Sarjana,51,1796,35.21568627450981,93,93,Tidak Ada
362,UNIVERSITAS NEGERI YOGYAKARTA,Akademik,13621043,ILMU SEJARAH,Sarjana,16,152,9.5,87,87,Tidak Ada
362,UNIVERSITAS NEGERI YOGYAKARTA,Akademik,13621044,AKUNTANSI,Sarjana,32,1230,38.4375,92,92,Tidak Ada
362,UNIVERSITAS NEGERI YOGYAKARTA,Akademik,13621045,PENDIDIKAN SOSIOLOGI,Sarjana,16,246,15.375,89,89,Tidak Ada
362,UNIVERSITAS NEGERI YOGYAKARTA,Akademik,13621046,PENDIDIKAN IPS,Sarjana,22,178,8.090909090909092,86,86,Tidak Ada
362,UNIVERSITAS NEGERI YOGYAKARTA,Akademik,13621047,ADMINISTRASI PUBLIK,Sarjana,33,943,28.575757575757574,91,91,Tidak Ada
362,UNIVERSITAS NEGERI YOGYAKARTA,Akademik,13621048,KEBIJAKAN PENDIDIKAN,Sarjana,16,131,8.1875,84,84,Tidak Ada
362,UNIVERSITAS NEGERI YOGYAKARTA,Akademik,13621049,PENDIDIKAN GURU SEKOLAH DASAR,Sarjana,51,1386,27.176470588235293,89,89,Tidak Ada
362,UNIVERSITAS NEGERI YOGYAKARTA,Akademik,13621050,PENDIDIKAN GURU PAUD,Sarjana,16,151,9.4375,85,85,Tidak Ada
362,UNIVERSITAS NEGERI YOGYAKARTA,Akademik,13621052,PENDIDIKAN BAHASA INGGRIS,Sarjana,51,621,12.176470588235293,87,87,Tidak Ada
362,UNIVERSITAS NEGERI YOGYAKARTA,Akademik,13621053,PENDIDIKAN BAHASA JERMAN,Sarjana,24,76,3.1666666666666665,82,82,Tidak Ada
362,UNIVERSITAS NEGERI YOGYAKARTA,Akademik,13621054,PENDIDIKAN BAHASA PRANCIS,Sarjana,24,55,2.2916666666666665,79,79,Tidak Ada
362,UNIVERSITAS NEGERI YOGYAKARTA,Akademik,13621055,PENDIDIKAN SENI RUPA,Sarjana,24,105,4.375,82,82,"Seni Rupa, Desain, dan Kriya"
362,UNIVERSITAS NEGERI YOGYAKARTA,Akademik,13621056,SASTRA INDONESIA,Sarjana,24,242,10.083333333333334,87,87,Tidak Ada
362,UNIVERSITAS NEGERI YOGYAKARTA,Akademik,13621057,SASTRA INGGRIS,Sarjana,24,435,18.125,85,85,Tidak Ada
362,UNIVERSITAS NEGERI YOGYAKARTA,Akademik,13621058,PENDIDIKAN SENI TARI,Sarjana,24,156,6.5,85,85,Tari
362,UNIVERSITAS NEGERI YOGYAKARTA,Akademik,13621059,PENDIDIKAN SENI MUSIK,Sarjana,24,105,4.375,81,81,Musik
362,UNIVERSITAS NEGERI YOGYAKARTA,Akademik,13621060,PENDIDIKAN BAHASA DAN SASTRA INDONESIA,Sarjana,47,586,12.46808510638298,90,90,Tidak Ada
362,UNIVERSITAS NEGERI YOGYAKARTA,Akademik,13621061,PENDIDIKAN BAHASA JAWA,Sarjana,54,227,4.203703703703703,78,78,Tidak Ada
362,UNIVERSITAS NEGERI YOGYAKARTA,Akademik,13621062,ILMU KOMUNIKASI,Sarjana,39,1065,27.307692307692307,94,94,Tidak Ada
362,UNIVERSITAS NEGERI YOGYAKARTA,Akademik,13621063,PSIKOLOGI,Sarjana,47,1350,28.72340425531915,88,88,Tidak Ada
362,UNIVERSITAS NEGERI YOGYAKARTA,Akademik,13621075,ARSITEKTUR,Sarjana,8,232,29.0,95,95,Tidak Ada
362,UNIVERSITAS NEGERI YOGYAKARTA,Akademik,13621090,TEKNIK INDUSTRI,Sarjana,27,739,27.37037037037037,92,92,Tidak Ada
362,UNIVERSITAS NEGERI YOGYAKARTA,Akademik,13621091,PARIWISATA,Sarjana,24,826,34.416666666666664,95,95,Tidak Ada
362,UNIVERSITAS NEGERI YOGYAKARTA,Akademik,13621092,ILMU POLITIK,Sarjana,16,101,6.3125,84,84,Tidak Ada
362,UNIVERSITAS NEGERI YOGYAKARTA,Akademik,13621093,ILMU HUKUM,Sarjana,24,623,25.958333333333332,88,88,Tidak Ada
362,UNIVERSITAS NEGERI YOGYAKARTA,Akademik,13621094,KEDOKTERAN,Sarjana,10,562,56.2,94,94,Tidak Ada
362,UNIVERSITAS NEGERI YOGYAKARTA,Akademik,13621095,DESAIN KOMUNIKASI VISUAL,Sarjana,16,144,9.0,84,84,"Seni Rupa, Desain, dan Kriya"
362,UNIVERSITAS NEGERI YOGYAKARTA,Akademik,13621096,PENDIDIKAN AGAMA ISLAM,Sarjana,16,0,0.0,82,82,Tidak Ada
362,UNIVERSITAS NEGERI YOGYAKARTA,Akademik,13622076,TATA BUSANA,Sarjana Terapan,16,366,22.875,93,93,Tidak Ada
362,UNIVERSITAS NEGERI YOGYAKARTA,Akademik,13622077,TATA RIAS DAN KECANTIKAN,Sarjana Terapan,24,363,15.125,88,88,Tidak Ada
362,UNIVERSITAS NEGERI YOGYAKARTA,Akademik,13622078,TEKNIK ELEKTRONIKA,Sarjana Terapan,16,119,7.4375,84,84,Tidak Ada
362,UNIVERSITAS NEGERI YOGYAKARTA,Akademik,13622079,AKUNTANSI,Sarjana Terapan,24,321,13.375,87,87,Tidak Ada
362,UNIVERSITAS NEGERI YOGYAKARTA,Akademik,13622080,TEKNIK ELEKTRO,Sarjana Terapan,8,119,14.875,89,89,Tidak Ada
362,UNIVERSITAS NEGERI YOGYAKARTA,Akademik,13622081,MANAJEMEN PEMASARAN,Sarjana Terapan,24,348,14.5,88,88,Tidak Ada
362,UNIVERSITAS NEGERI YOGYAKARTA,Akademik,13622082,TEKNIK MESIN,Sarjana Terapan,8,278,34.75,89,89,Tidak Ada
362,UNIVERSITAS NEGERI YOGYAKARTA,Akademik,13622083,TEKNIK SIPIL,Sarjana Terapan,8,160,20.0,89,89,Tidak Ada
362,UNIVERSITAS NEGERI YOGYAKARTA,Akademik,13622084,TATA BOGA,Sarjana Terapan,22,837,38.04545454545455,94,94,Tidak Ada
362,UNIVERSITAS NEGERI YOGYAKARTA,Akademik,13622085,MESIN OTOMOTIF,Sarjana Terapan,8,145,18.125,86,86,Tidak Ada
362,UNIVERSITAS NEGERI YOGYAKARTA,Akademik,13622086,ADMINISTRASI PERKANTORAN,Sarjana Terapan,24,420,17.5,86,86,Tidak Ada
362,UNIVERSITAS NEGERI YOGYAKARTA,Akademik,13622087,PENGOBATAN TRADISIONAL INDONESIA,Sarjana Terapan,12,64,5.333333333333333,85,85,Tidak Ada
362,UNIVERSITAS NEGERI YOGYAKARTA,Akademik,13622088,PENGELOLAAN USAHA REKREASI,Sarjana Terapan,12,85,7.083333333333333,83,83,Tidak Ada
362,UNIVERSITAS NEGERI YOGYAKARTA,Akademik,13622089,PROMOSI KESEHATAN,Sarjana Terapan,12,143,11.916666666666666,90,90,Tidak Ada
363,"UPN ""VETERAN"" YOGYAKARTA",Akademik,13631001,TEKNIK GEOLOGI,Sarjana,65,1234,18.984615384615385,87,87,Tidak Ada
363,"UPN ""VETERAN"" YOGYAKARTA",Akademik,13631002,TEKNIK PERTAMBANGAN,Sarjana,52,1799,34.59615384615385,92,92,Tidak Ada
363,"UPN ""VETERAN"" YOGYAKARTA",Akademik,13631003,TEKNIK PERMINYAKAN,Sarjana,43,953,22.162790697674417,95,95,Tidak Ada
363,"UPN ""VETERAN"" YOGYAKARTA",Akademik,13631004,TEKNIK LINGKUNGAN,Sarjana,40,662,16.55,86,86,Tidak Ada
363,"UPN ""VETERAN"" YOGYAKARTA",Akademik,13631005,TEKNIK GEOFISIKA,Sarjana,27,343,12.703703703703704,87,87,Tidak Ada
363,"UPN ""VETERAN"" YOGYAKARTA",Akademik,13631006,TEKNIK KIMIA,Sarjana,55,589,10.709090909090909,87,87,Tidak Ada
363,"UPN ""VETERAN"" YOGYAKARTA",Akademik,13631007,TEKNIK INDUSTRI,Sarjana,56,1453,25.946428571428573,91,91,Tidak Ada
363,"UPN ""VETERAN"" YOGYAKARTA",Akademik,13631008,TEKNIK INFORMATIKA,Sarjana,52,895,17.21153846153846,85,85,Tidak Ada
363,"UPN ""VETERAN"" YOGYAKARTA",Akademik,13631009,AGROTEKNOLOGI,Sarjana,69,557,8.072463768115941,87,87,Tidak Ada
363,"UPN ""VETERAN"" YOGYAKARTA",Akademik,13631010,AGRIBISNIS,Sarjana,54,526,9.74074074074074,87,87,Tidak Ada
363,"UPN ""VETERAN"" YOGYAKARTA",Akademik,13631011,METALURGI,Sarjana,28,607,21.678571428571427,93,93,Tidak Ada
363,"UPN ""VETERAN"" YOGYAKARTA",Akademik,13631012,ILMU TANAH,Sarjana,35,208,5.942857142857143,81,81,Tidak Ada
363,"UPN ""VETERAN"" YOGYAKARTA",Akademik,13631013,SISTEM INFORMASI,Sarjana,41,641,15.634146341463415,89,89,Tidak Ada
363,"UPN ""VETERAN"" YOGYAKARTA",Akademik,13631014,TEKNIK GEOMATIKA,Sarjana,25,205,8.2,84,84,Tidak Ada
363,"UPN ""VETERAN"" YOGYAKARTA",Akademik,13631015,MANAJEMEN,Sarjana,142,1250,8.80281690140845,83,83,Tidak Ada
363,"UPN ""VETERAN"" YOGYAKARTA",Akademik,13631016,AKUNTANSI,Sarjana,87,1011,11.620689655172415,85,85,Tidak Ada
363,"UPN ""VETERAN"" YOGYAKARTA",Akademik,13631017,EKONOMI PEMBANGUNAN,Sarjana,77,472,6.12987012987013,82,82,Tidak Ada
363,"UPN ""VETERAN"" YOGYAKARTA",Akademik,13631018,ILMU HUBUNGAN INTERNASIONAL,Sarjana,55,423,7.6909090909090905,85,85,Tidak Ada
363,"UPN ""VETERAN"" YOGYAKARTA",Akademik,13631019,ILMU ADMINISTRASI BISNIS,Sarjana,55,880,16.0,89,89,Tidak Ada
363,"UPN ""VETERAN"" YOGYAKARTA",Akademik,13631020,ILMU KOMUNIKASI,Sarjana,56,879,15.696428571428571,85,85,Tidak Ada
363,"UPN ""VETERAN"" YOGYAKARTA",Akademik,13631021,HUBUNGAN MASYARAKAT,Sarjana,45,551,12.244444444444444,86,86,Tidak Ada
363,"UPN ""VETERAN"" YOGYAKARTA",Akademik,13633022,TEKNIK KIMIA,Diploma Tiga,43,98,2.2790697674418605,78,78,Tidak Ada
364,ISI YOGYAKARTA,Akademik,13641001,SENI TARI,Sarjana,24,191,7.958333333333333,80,80,Tari
364,ISI YOGYAKARTA,Akademik,13641002,SENI MUSIK,Sarjana,38,127,3.3421052631578947,78,78,Musik
364,ISI YOGYAKARTA,Akademik,13641003,PENDIDIKAN MUSIK,Sarjana,27,129,4.777777777777778,78,78,Musik
364,ISI YOGYAKARTA,Akademik,13641004,PENCIPTAAN MUSIK,Sarjana,14,44,3.142857142857143,77,77,Musik
364,ISI YOGYAKARTA,Akademik,13641005,SENI TEATER,Sarjana,21,56,2.6666666666666665,79,79,Teater
364,ISI YOGYAKARTA,Akademik,13641006,"PENDIDIKAN SENI DRAMA, TARI, DAN MUSIK",Sarjana,14,60,4.285714285714286,81,81,Sendratasik
364,ISI YOGYAKARTA,Akademik,13641007,SENI RUPA MURNI,Sarjana,36,184,5.111111111111111,81,81,"Seni Rupa, Desain, dan Kriya"
364,ISI YOGYAKARTA,Akademik,13641008,KRIYA SENI,Sarjana,36,66,1.8333333333333333,80,80,"Seni Rupa, Desain, dan Kriya"
364,ISI YOGYAKARTA,Akademik,13641009,DESAIN INTERIOR,Sarjana,44,239,5.431818181818182,86,86,"Seni Rupa, Desain, dan Kriya"
364,ISI YOGYAKARTA,Akademik,13641010,DESAIN KOMUNIKASI VISUAL,Sarjana,36,903,25.083333333333332,89,89,"Seni Rupa, Desain, dan Kriya"
364,ISI YOGYAKARTA,Akademik,13641011,DESAIN PRODUK,Sarjana,24,103,4.291666666666667,76,76,"Seni Rupa, Desain, dan Kriya"
364,ISI YOGYAKARTA,Akademik,13641012,TELEVISI DAN FILM,Sarjana,30,369,12.3,89,89,Film dan Televisi
364,ISI YOGYAKARTA,Akademik,13641013,FOTOGRAFI,Sarjana,36,177,4.916666666666667,78,78,Fotografi
364,ISI YOGYAKARTA,Akademik,13641014,SENI KARAWITAN,Sarjana,15,35,2.3333333333333335,75,75,Seni Karawitan
364,ISI YOGYAKARTA,Akademik,13641015,ETNOMUSIKOLOGI,Sarjana,15,21,1.4,82,82,Etnomusikologi
364,ISI YOGYAKARTA,Akademik,13641016,SENI PEDALANGAN,Sarjana,5,8,1.6,81,81,Seni Pedalangan
364,ISI YOGYAKARTA,Akademik,13641017,TATA KELOLA SENI,Sarjana,23,80,3.4782608695652173,79,79,Tidak Ada
364,ISI YOGYAKARTA,Akademik,13641021,KONSERVASI SENI,Sarjana,11,21,1.9090909090909092,82,82,"Seni Rupa, Desain, dan Kriya"
364,ISI YOGYAKARTA,Akademik,13642018,PENYAJIAN MUSIK,Sarjana Terapan,14,49,3.5,76,76,Musik
364,ISI YOGYAKARTA,Akademik,13642022,ANIMASI,Sarjana Terapan,36,226,6.277777777777778,82,82,"Seni Rupa, Desain, dan Kriya"
364,ISI YOGYAKARTA,Akademik,13642023,DESAIN MODE KRIYA BATIK,Sarjana Terapan,23,54,2.347826086956522,82,82,"Seni Rupa, Desain, dan Kriya"
364,ISI YOGYAKARTA,Akademik,13642024,DESAIN MEDIA,Sarjana Terapan,23,47,2.0434782608695654,77,77,"Seni Rupa, Desain, dan Kriya"
364,ISI YOGYAKARTA,Akademik,13642025,PRODUKSI FILM DAN TELEVISI,Sarjana Terapan,11,72,6.545454545454546,81,81,Film dan Televisi
364,ISI YOGYAKARTA,Akademik,13642026,TEATER MUSIKAL,Sarjana Terapan,8,2,0.25,77,77,Sendratasik
371,UNIVERSITAS JEMBER,Akademik,13711001,AGROTEKNOLOGI / AGROEKOTEKNOLOGI,Sarjana,60,319,5.316666666666666,81,81,Tidak Ada
371,UNIVERSITAS JEMBER,Akademik,13711002,AGRIBISNIS,Sarjana,42,351,8.357142857142858,80,80,Tidak Ada
371,UNIVERSITAS JEMBER,Akademik,13711003,PENDIDIKAN MATEMATIKA,Sarjana,57,335,5.87719298245614,86,86,Tidak Ada
371,UNIVERSITAS JEMBER,Akademik,13711004,PENDIDIKAN FISIKA,Sarjana,64,113,1.765625,82,82,Tidak Ada
371,UNIVERSITAS JEMBER,Akademik,13711005,PENDIDIKAN BIOLOGI,Sarjana,55,297,5.4,82,82,Tidak Ada
371,UNIVERSITAS JEMBER,Akademik,13711006,TEKNOLOGI HASIL PERTANIAN,Sarjana,50,220,4.4,82,82,Tidak Ada
371,UNIVERSITAS JEMBER,Akademik,13711007,TEKNIK PERTANIAN,Sarjana,50,163,3.26,78,78,Tidak Ada
371,UNIVERSITAS JEMBER,Akademik,13711008,PENDIDIKAN  DOKTER GIGI,Sarjana,57,813,14.263157894736842,87,87,Tidak Ada
371,UNIVERSITAS JEMBER,Akademik,13711009,MATEMATIKA,Sarjana,48,152,3.1666666666666665,77,77,Tidak Ada
371,UNIVERSITAS JEMBER,Akademik,13711010,FISIKA,Sarjana,50,73,1.46,77,77,Tidak Ada
371,UNIVERSITAS JEMBER,Akademik,13711011,KIMIA,Sarjana,46,183,3.9782608695652173,76,76,Tidak Ada
371,UNIVERSITAS JEMBER,Akademik,13711012,BIOLOGI,Sarjana,42,197,4.690476190476191,80,80,Tidak Ada
371,UNIVERSITAS JEMBER,Akademik,13711013,PENDIDIKAN DOKTER,Sarjana,57,1124,19.719298245614034,90,90,Tidak Ada
371,UNIVERSITAS JEMBER,Akademik,13711014,KESEHATAN MASYARAKAT,Sarjana,80,802,10.025,88,88,Tidak Ada
371,UNIVERSITAS JEMBER,Akademik,13711015,TEKNIK MESIN,Sarjana,42,299,7.119047619047619,87,87,Tidak Ada
371,UNIVERSITAS JEMBER,Akademik,13711016,TEKNIK ELEKTRO,Sarjana,44,285,6.4772727272727275,83,83,Tidak Ada
371,UNIVERSITAS JEMBER,Akademik,13711017,TEKNIK SIPIL,Sarjana,52,391,7.519230769230769,82,82,Tidak Ada
371,UNIVERSITAS JEMBER,Akademik,13711018,FARMASI,Sarjana,57,1086,19.05263157894737,88,88,Tidak Ada
371,UNIVERSITAS JEMBER,Akademik,13711019,ILMU KEPERAWATAN,Sarjana,60,900,15.0,90,90,Tidak Ada
371,UNIVERSITAS JEMBER,Akademik,13711020,SISTEM INFORMASI,Sarjana,40,344,8.6,82,82,Tidak Ada
371,UNIVERSITAS JEMBER,Akademik,13711024,TEKNOLOGI INDUSTRI PERTANIAN,Sarjana,50,176,3.52,81,81,Tidak Ada
371,UNIVERSITAS JEMBER,Akademik,13711025,ILMU TANAH,Sarjana,30,71,2.3666666666666667,77,77,Tidak Ada
371,UNIVERSITAS JEMBER,Akademik,13711026,PROTEKSI TANAMAN,Sarjana,35,75,2.142857142857143,78,78,Tidak Ada
371,UNIVERSITAS JEMBER,Akademik,13711027,TEKNOLOGI INFORMASI,Sarjana,40,284,7.1,81,81,Tidak Ada
371,UNIVERSITAS JEMBER,Akademik,13711028,PENDIDIKAN IPA,Sarjana,55,247,4.490909090909091,81,81,Tidak Ada
371,UNIVERSITAS JEMBER,Akademik,13711029,PERENCANAAN WILAYAH DAN KOTA,Sarjana,38,214,5.631578947368421,85,85,Tidak Ada
371,UNIVERSITAS JEMBER,Akademik,13711030,TEKNIK KIMIA,Sarjana,25,209,8.36,81,81,Tidak Ada
371,UNIVERSITAS JEMBER,Akademik,13711031,AGRONOMI,Sarjana,40,133,3.325,80,80,Tidak Ada
371,UNIVERSITAS JEMBER,Akademik,13711032,ILMU PERTANIAN KAMPUS BONDOWOSO,Sarjana,45,115,2.5555555555555554,78,78,Tidak Ada
371,UNIVERSITAS JEMBER,Akademik,13711033,INFORMATIKA,Sarjana,40,339,8.475,81,81,Tidak Ada
371,UNIVERSITAS JEMBER,Akademik,13711034,PENYULUHAN PERTANIAN,Sarjana,25,90,3.6,77,77,Tidak Ada
371,UNIVERSITAS JEMBER,Akademik,13711035,TEKNIK LINGKUNGAN,Sarjana,25,214,8.56,82,82,Tidak Ada
371,UNIVERSITAS JEMBER,Akademik,13711036,TEKNIK KONSTRUKSI PERKAPALAN,Sarjana,27,67,2.4814814814814814,81,81,Tidak Ada
371,UNIVERSITAS JEMBER,Akademik,13711037,PETERNAKAN KAMPUS BONDOWOSO,Sarjana,35,158,4.514285714285714,76,76,Tidak Ada
371,UNIVERSITAS JEMBER,Akademik,13711038,GIZI KAMPUS BONDOWOSO,Sarjana,36,417,11.583333333333334,86,86,Tidak Ada
371,UNIVERSITAS JEMBER,Akademik,13711039,TEKNIK PERTAMBANGAN,Sarjana,24,407,16.958333333333332,90,90,Tidak Ada
371,UNIVERSITAS JEMBER,Akademik,13711040,TEKNIK PERMINYAKAN,Sarjana,24,225,9.375,80,80,Tidak Ada
371,UNIVERSITAS JEMBER,Akademik,13711041,ILMU HUKUM,Sarjana,135,729,5.4,87,87,Tidak Ada
371,UNIVERSITAS JEMBER,Akademik,13711042,HUBUNGAN INTERNASIONAL,Sarjana,50,259,5.18,82,82,Tidak Ada
371,UNIVERSITAS JEMBER,Akademik,13711043,ILMU ADMINISTRASI NEGARA,Sarjana,50,419,8.38,80,80,Tidak Ada
371,UNIVERSITAS JEMBER,Akademik,13711044,ILMU ADMINISTRASI BISNIS,Sarjana,50,662,13.24,90,90,Tidak Ada
371,UNIVERSITAS JEMBER,Akademik,13711045,ILMU KESEJAHTERAAN SOSIAL,Sarjana,55,231,4.2,80,80,Tidak Ada
371,UNIVERSITAS JEMBER,Akademik,13711046,SOSIOLOGI,Sarjana,55,255,4.636363636363637,78,78,Tidak Ada
371,UNIVERSITAS JEMBER,Akademik,13711047,EKONOMI PEMBANGUNAN,Sarjana,70,377,5.385714285714286,86,86,Tidak Ada
371,UNIVERSITAS JEMBER,Akademik,13711048,MANAJEMEN,Sarjana,85,972,11.435294117647059,89,89,Tidak Ada
371,UNIVERSITAS JEMBER,Akademik,13711049,AKUNTANSI,Sarjana,61,747,12.245901639344263,87,87,Tidak Ada
371,UNIVERSITAS JEMBER,Akademik,13711050,PENDIDIKAN LUAR SEKOLAH,Sarjana,45,77,1.711111111111111,81,81,Tidak Ada
371,UNIVERSITAS JEMBER,Akademik,13711051,PENDIDIKAN EKONOMI,Sarjana,50,308,6.16,83,83,Tidak Ada
371,UNIVERSITAS JEMBER,Akademik,13711052,PENDIDIKAN SEJARAH,Sarjana,40,198,4.95,82,82,Tidak Ada
371,UNIVERSITAS JEMBER,Akademik,13711053,PENDIDIKAN BAHASA INGGRIS,Sarjana,55,375,6.818181818181818,82,82,Tidak Ada
371,UNIVERSITAS JEMBER,Akademik,13711054,PENDIDIKAN BHS. & SASTRA INDO.,Sarjana,55,480,8.727272727272727,86,86,Tidak Ada
371,UNIVERSITAS JEMBER,Akademik,13711055,PENDIDIKAN GURU SEKOLAH DASAR,Sarjana,50,917,18.34,86,86,Tidak Ada
371,UNIVERSITAS JEMBER,Akademik,13711056,SASTRA INGGRIS,Sarjana,36,268,7.444444444444445,82,82,Tidak Ada
371,UNIVERSITAS JEMBER,Akademik,13711057,SASTRA INDONESIA,Sarjana,40,177,4.425,77,77,Tidak Ada
371,UNIVERSITAS JEMBER,Akademik,13711058,ILMU SEJARAH,Sarjana,45,109,2.422222222222222,82,82,Tidak Ada
371,UNIVERSITAS JEMBER,Akademik,13711059,TELEVISI & FILM,Sarjana,36,226,6.277777777777778,82,82,Film dan Televisi
371,UNIVERSITAS JEMBER,Akademik,13711060,PG PAUD,Sarjana,60,159,2.65,75,75,Tidak Ada
371,UNIVERSITAS JEMBER,Akademik,13711061,EKONOMI SYARIAH,Sarjana,42,262,6.238095238095238,86,86,Tidak Ada
371,UNIVERSITAS JEMBER,Akademik,13711062,PENDIDIKAN GEOGRAFI,Sarjana,40,233,5.825,81,81,Tidak Ada
371,UNIVERSITAS JEMBER,Akademik,13711063,EKONOMI SYARIAH KAMPUS BONDOWOSO,Sarjana,24,76,3.1666666666666665,76,76,Tidak Ada
371,UNIVERSITAS JEMBER,Akademik,13711064,PEND. GURU SEKOLAH DASAR KAMPUS BONDOWOSO,Sarjana,40,199,4.975,76,76,Tidak Ada
371,UNIVERSITAS JEMBER,Akademik,13711076,AGRIBISNIS KAMPUS BONDOWOSO,Sarjana,18,0,0.0,81,81,Tidak Ada
371,UNIVERSITAS JEMBER,Akademik,13711077,AKUNTANSI KAMPUS BONDOWOSO,Sarjana,26,0,0.0,80,80,Tidak Ada
371,UNIVERSITAS JEMBER,Akademik,13711078,PENDIDIKAN MATEMATIKA KAMPUS BONDOWOSO,Sarjana,25,0,0.0,75,75,Tidak Ada
371,UNIVERSITAS JEMBER,Akademik,13711079,ILMU KEPERAWATAN KAMPUS LUMAJANG,Sarjana,25,0,0.0,77,77,Tidak Ada
371,UNIVERSITAS JEMBER,Akademik,13712066,TEKNOLOGI REKAYASA KONSTRUKSI BANGUNAN GEDUNG,Sarjana Terapan,30,61,2.033333333333333,81,81,Tidak Ada
371,UNIVERSITAS JEMBER,Akademik,13712070,REKAYASA PERANCANGAN MEKANIK,Sarjana Terapan,30,41,1.3666666666666667,80,80,Tidak Ada
371,UNIVERSITAS JEMBER,Akademik,13712072,TEKNOLOGI REKAYASA ELEKTRONIKA,Sarjana Terapan,30,59,1.9666666666666666,80,80,Tidak Ada
371,UNIVERSITAS JEMBER,Akademik,13713065,ADMINISTRASI KEUANGAN,Diploma Tiga,30,94,3.1333333333333333,79,79,Tidak Ada
371,UNIVERSITAS JEMBER,Akademik,13713067,KEPERAWATAN KAMPUS LUMAJANG,Diploma Tiga,65,368,5.661538461538462,82,82,Tidak Ada
371,UNIVERSITAS JEMBER,Akademik,13713068,AKUNTANSI,Diploma Tiga,30,79,2.6333333333333333,75,75,Tidak Ada
371,UNIVERSITAS JEMBER,Akademik,13713069,PERPAJAKAN,Diploma Tiga,30,106,3.533333333333333,76,76,Tidak Ada
371,UNIVERSITAS JEMBER,Akademik,13713071,KEPERAWATAN (KAMPUS KOTA PASURUAN),Diploma Tiga,60,231,3.85,81,81,Tidak Ada
371,UNIVERSITAS JEMBER,Akademik,13713073,MANAJEMEN PERUSAHAAN,Diploma Tiga,30,85,2.8333333333333335,78,78,Tidak Ada
371,UNIVERSITAS JEMBER,Akademik,13713074,KESEKRETARIATAN,Diploma Tiga,30,35,1.1666666666666667,80,80,Tidak Ada
371,UNIVERSITAS JEMBER,Akademik,13713075,USAHA PERJALANAN WISATA,Diploma Tiga,35,72,2.057142857142857,75,75,Tidak Ada
372,UNIVERSITAS BRAWIJAYA,Akademik,13721001,MANAJEMEN SUMBERDAYA PERAIRAN,Sarjana,36,119,3.3055555555555554,81,81,Tidak Ada
372,UNIVERSITAS BRAWIJAYA,Akademik,13721002,BUDIDAYA PERAIRAN,Sarjana,36,142,3.9444444444444446,79,79,Tidak Ada
372,UNIVERSITAS BRAWIJAYA,Akademik,13721003,TEKNIK SIPIL,Sarjana,37,523,14.135135135135135,88,88,Tidak Ada
372,UNIVERSITAS BRAWIJAYA,Akademik,13721004,TEKNIK MESIN,Sarjana,44,433,9.840909090909092,83,83,Tidak Ada
372,UNIVERSITAS BRAWIJAYA,Akademik,13721005,TEKNIK ELEKTRO,Sarjana,44,435,9.886363636363637,83,83,Tidak Ada
372,UNIVERSITAS BRAWIJAYA,Akademik,13721006,ARSITEKTUR,Sarjana,37,412,11.135135135135135,88,88,Tidak Ada
372,UNIVERSITAS BRAWIJAYA,Akademik,13721007,TEKNIK PENGAIRAN,Sarjana,37,194,5.243243243243243,82,82,Tidak Ada
372,UNIVERSITAS BRAWIJAYA,Akademik,13721008,KEDOKTERAN,Sarjana,64,1456,22.75,94,94,Tidak Ada
372,UNIVERSITAS BRAWIJAYA,Akademik,13721009,TEKNOLOGI PANGAN,Sarjana,50,839,16.78,89,89,Tidak Ada
372,UNIVERSITAS BRAWIJAYA,Akademik,13721010,BIOLOGI,Sarjana,38,215,5.657894736842105,86,86,Tidak Ada
372,UNIVERSITAS BRAWIJAYA,Akademik,13721011,FISIKA,Sarjana,22,94,4.2727272727272725,75,75,Tidak Ada
372,UNIVERSITAS BRAWIJAYA,Akademik,13721012,KIMIA,Sarjana,42,283,6.738095238095238,84,84,Tidak Ada
372,UNIVERSITAS BRAWIJAYA,Akademik,13721013,MATEMATIKA,Sarjana,40,199,4.975,78,78,Tidak Ada
372,UNIVERSITAS BRAWIJAYA,Akademik,13721014,PEMANFAATAN SUMBERDAYA PERIKANAN,Sarjana,38,161,4.2368421052631575,75,75,Tidak Ada
372,UNIVERSITAS BRAWIJAYA,Akademik,13721015,TEKNOLOGI HASIL PERIKANAN,Sarjana,40,147,3.675,78,78,Tidak Ada
372,UNIVERSITAS BRAWIJAYA,Akademik,13721016,AGROBISNIS PERIKANAN,Sarjana,36,144,4.0,81,81,Tidak Ada
372,UNIVERSITAS BRAWIJAYA,Akademik,13721017,TEKNIK PERTANIAN DAN BIOSISTEM,Sarjana,33,248,7.515151515151516,81,81,Tidak Ada
372,UNIVERSITAS BRAWIJAYA,Akademik,13721018,STATISTIKA,Sarjana,42,386,9.19047619047619,84,84,Tidak Ada
372,UNIVERSITAS BRAWIJAYA,Akademik,13721019,PERENCANAAN WILAYAH & KOTA,Sarjana,37,351,9.486486486486486,85,85,Tidak Ada
372,UNIVERSITAS BRAWIJAYA,Akademik,13721020,TEKNIK INDUSTRI PERTANIAN,Sarjana,70,439,6.271428571428571,81,81,Tidak Ada
372,UNIVERSITAS BRAWIJAYA,Akademik,13721021,ILMU KEPERAWATAN,Sarjana,44,916,20.818181818181817,91,91,Tidak Ada
372,UNIVERSITAS BRAWIJAYA,Akademik,13721023,ILMU GIZI,Sarjana,36,669,18.583333333333332,88,88,Tidak Ada
372,UNIVERSITAS BRAWIJAYA,Akademik,13721024,TEKNIK INDUSTRI,Sarjana,44,818,18.59090909090909,88,88,Tidak Ada
372,UNIVERSITAS BRAWIJAYA,Akademik,13721025,TEKNIK INFORMATIKA,Sarjana,56,1009,18.017857142857142,88,88,Tidak Ada
372,UNIVERSITAS BRAWIJAYA,Akademik,13721026,AGROEKOTEKNOLOGI,Sarjana,179,744,4.156424581005586,82,82,Tidak Ada
372,UNIVERSITAS BRAWIJAYA,Akademik,13721027,AGRIBISNIS,Sarjana,104,652,6.269230769230769,81,81,Tidak Ada
372,UNIVERSITAS BRAWIJAYA,Akademik,13721028,PETERNAKAN,Sarjana,159,724,4.553459119496855,81,81,Tidak Ada
372,UNIVERSITAS BRAWIJAYA,Akademik,13721029,PENDIDIKAN DOKTER HEWAN,Sarjana,48,373,7.770833333333333,80,80,Tidak Ada
372,UNIVERSITAS BRAWIJAYA,Akademik,13721030,PENDIDIKAN DOKTER GIGI,Sarjana,33,577,17.484848484848484,89,89,Tidak Ada
372,UNIVERSITAS BRAWIJAYA,Akademik,13721031,ILMU KELAUTAN,Sarjana,36,198,5.5,81,81,Tidak Ada
372,UNIVERSITAS BRAWIJAYA,Akademik,13721032,KEBIDANAN,Sarjana,32,474,14.8125,88,88,Tidak Ada
372,UNIVERSITAS BRAWIJAYA,Akademik,13721033,FARMASI,Sarjana,36,1203,33.416666666666664,90,90,Tidak Ada
372,UNIVERSITAS BRAWIJAYA,Akademik,13721035,TEKNIK KOMPUTER,Sarjana,40,350,8.75,80,80,Tidak Ada
372,UNIVERSITAS BRAWIJAYA,Akademik,13721036,SISTEM INFORMASI,Sarjana,56,733,13.089285714285714,88,88,Tidak Ada
372,UNIVERSITAS BRAWIJAYA,Akademik,13721037,TEKNIK KIMIA,Sarjana,30,377,12.566666666666666,86,86,Tidak Ada
372,UNIVERSITAS BRAWIJAYA,Akademik,13721038,INSTRUMENTASI,Sarjana,23,109,4.739130434782608,82,82,Tidak Ada
372,UNIVERSITAS BRAWIJAYA,Akademik,13721039,TEKNIK GEOFISIKA,Sarjana,19,246,12.947368421052632,90,90,Tidak Ada
372,UNIVERSITAS BRAWIJAYA,Akademik,13721040,BIOTEKNOLOGI,Sarjana,36,423,11.75,90,90,Tidak Ada
372,UNIVERSITAS BRAWIJAYA,Akademik,13721042,TEKNOLOGI BIOPROSES,Sarjana,25,256,10.24,88,88,Tidak Ada
372,UNIVERSITAS BRAWIJAYA,Akademik,13721043,TEKNIK LINGKUNGAN,Sarjana,40,465,11.625,85,85,Tidak Ada
372,UNIVERSITAS BRAWIJAYA,Akademik,13721046,PENDIDIKAN TEKNOLOGI INFORMASI,Sarjana,36,159,4.416666666666667,80,80,Tidak Ada
372,UNIVERSITAS BRAWIJAYA,Akademik,13721047,TEKNOLOGI INFORMASI,Sarjana,40,462,11.55,88,88,Tidak Ada
372,UNIVERSITAS BRAWIJAYA,Akademik,13721048,AGROEKOTEKNOLOGI (PSDKU KEDIRI),Sarjana,42,224,5.333333333333333,86,86,Tidak Ada
372,UNIVERSITAS BRAWIJAYA,Akademik,13721049,AGRIBISNIS (PSDKU KEDIRI),Sarjana,42,249,5.928571428571429,87,87,Tidak Ada
372,UNIVERSITAS BRAWIJAYA,Akademik,13721050,PETERNAKAN (PSDKU KEDIRI),Sarjana,42,194,4.619047619047619,76,76,Tidak Ada
372,UNIVERSITAS BRAWIJAYA,Akademik,13721051,AKUAKULTUR (PSDKU KEDIRI),Sarjana,42,109,2.5952380952380953,76,76,Tidak Ada
372,UNIVERSITAS BRAWIJAYA,Akademik,13721052,SOSIAL EKONOMI PERIKANAN (PSDKU KEDIRI),Sarjana,42,96,2.2857142857142856,77,77,Tidak Ada
372,UNIVERSITAS BRAWIJAYA,Akademik,13721053,KEHUTANAN,Sarjana,20,286,14.3,88,88,Tidak Ada
372,UNIVERSITAS BRAWIJAYA,Akademik,13721054,ILMU AKTUARIA,Sarjana,20,249,12.45,90,90,Tidak Ada
372,UNIVERSITAS BRAWIJAYA,Akademik,13721056,ILMU HUKUM,Sarjana,133,1255,9.436090225563909,85,85,Tidak Ada
372,UNIVERSITAS BRAWIJAYA,Akademik,13721057,EKONOMI PEMBANGUNAN,Sarjana,35,356,10.17142857142857,89,89,Tidak Ada
372,UNIVERSITAS BRAWIJAYA,Akademik,13721058,ADMINISTRASI PUBLIK,Sarjana,82,763,9.304878048780488,85,85,Tidak Ada
372,UNIVERSITAS BRAWIJAYA,Akademik,13721059,ADMINISTRASI BISNIS,Sarjana,93,1413,15.193548387096774,90,90,Tidak Ada
372,UNIVERSITAS BRAWIJAYA,Akademik,13721060,MANAJEMEN,Sarjana,75,1025,13.666666666666666,90,90,Tidak Ada
372,UNIVERSITAS BRAWIJAYA,Akademik,13721061,AKUNTANSI,Sarjana,94,1147,12.202127659574469,85,85,Tidak Ada
372,UNIVERSITAS BRAWIJAYA,Akademik,13721062,SOSIOLOGI,Sarjana,42,355,8.452380952380953,80,80,Tidak Ada
372,UNIVERSITAS BRAWIJAYA,Akademik,13721063,ILMU KOMUNIKASI,Sarjana,56,911,16.267857142857142,89,89,Tidak Ada
372,UNIVERSITAS BRAWIJAYA,Akademik,13721064,PSIKOLOGI,Sarjana,58,1033,17.810344827586206,89,89,Tidak Ada
372,UNIVERSITAS BRAWIJAYA,Akademik,13721065,HUBUNGAN INTERNASIONAL,Sarjana,50,559,11.18,85,85,Tidak Ada
372,UNIVERSITAS BRAWIJAYA,Akademik,13721066,SASTRA INGGRIS,Sarjana,58,488,8.413793103448276,81,81,Tidak Ada
372,UNIVERSITAS BRAWIJAYA,Akademik,13721067,SASTRA JEPANG,Sarjana,38,296,7.7894736842105265,87,87,Tidak Ada
372,UNIVERSITAS BRAWIJAYA,Akademik,13721068,BAHASA DAN SASTRA PRANCIS,Sarjana,22,73,3.3181818181818183,79,79,Tidak Ada
372,UNIVERSITAS BRAWIJAYA,Akademik,13721069,ILMU POLITIK,Sarjana,36,258,7.166666666666667,82,82,Tidak Ada
372,UNIVERSITAS BRAWIJAYA,Akademik,13721070,ILMU PEMERINTAHAN,Sarjana,36,310,8.61111111111111,87,87,Tidak Ada
372,UNIVERSITAS BRAWIJAYA,Akademik,13721072,PERPAJAKAN,Sarjana,55,612,11.127272727272727,90,90,Tidak Ada
372,UNIVERSITAS BRAWIJAYA,Akademik,13721075,EKONOMI ISLAM,Sarjana,31,259,8.35483870967742,84,84,Tidak Ada
372,UNIVERSITAS BRAWIJAYA,Akademik,13721076,"EKONOMI, KEUANGAN DAN PERBANKAN",Sarjana,47,586,12.46808510638298,85,85,Tidak Ada
372,UNIVERSITAS BRAWIJAYA,Akademik,13721077,ILMU PERPUSTAKAAN,Sarjana,22,176,8.0,82,82,Tidak Ada
372,UNIVERSITAS BRAWIJAYA,Akademik,13721078,PARIWISATA,Sarjana,33,460,13.93939393939394,89,89,Tidak Ada
372,UNIVERSITAS BRAWIJAYA,Akademik,13721080,PENDIDIKAN BAHASA INGGRIS,Sarjana,45,279,6.2,80,80,Tidak Ada
372,UNIVERSITAS BRAWIJAYA,Akademik,13721081,PENDIDIKAN BAHASA JEPANG,Sarjana,18,109,6.055555555555555,83,83,Tidak Ada
372,UNIVERSITAS BRAWIJAYA,Akademik,13721082,PENDIDIKAN BHS & SASTRA INDONESIA,Sarjana,28,209,7.464285714285714,84,84,Tidak Ada
372,UNIVERSITAS BRAWIJAYA,Akademik,13721085,ADMINISTRASI PENDIDIKAN,Sarjana,22,150,6.818181818181818,82,82,Tidak Ada
372,UNIVERSITAS BRAWIJAYA,Akademik,13721086,SENI RUPA MURNI,Sarjana,19,47,2.473684210526316,82,82,"Seni Rupa, Desain, dan Kriya"
372,UNIVERSITAS BRAWIJAYA,Akademik,13721087,SASTRA CINA,Sarjana,25,323,12.92,90,90,Tidak Ada
372,UNIVERSITAS BRAWIJAYA,Akademik,13721088,ANTROPOLOGI,Sarjana,23,204,8.869565217391305,81,81,Tidak Ada
372,UNIVERSITAS BRAWIJAYA,Akademik,13721089,KEWIRAUSAHAAN,Sarjana,21,314,14.952380952380953,90,90,Tidak Ada
372,UNIVERSITAS BRAWIJAYA,Akademik,13721094,SAINS DATA,Sarjana,14,298,21.285714285714285,89,89,Tidak Ada
372,UNIVERSITAS BRAWIJAYA,Akademik,13721095,BIOINFORMATIKA,Sarjana,12,0,0.0,81,81,Tidak Ada
372,UNIVERSITAS BRAWIJAYA,Akademik,13721096,INDUSTRI PETERNAKAN CERDAS,Sarjana,20,0,0.0,82,82,Tidak Ada
372,UNIVERSITAS BRAWIJAYA,Akademik,13722055,DESAIN GRAFIS,Sarjana Terapan,42,196,4.666666666666667,75,75,"Seni Rupa, Desain, dan Kriya"
372,UNIVERSITAS BRAWIJAYA,Akademik,13722090,MANAJEMEN PERHOTELAN,Sarjana Terapan,58,240,4.137931034482759,82,82,Tidak Ada
372,UNIVERSITAS BRAWIJAYA,Akademik,13723091,KEUANGAN DAN PERBANKAN,Diploma Tiga,75,230,3.066666666666667,81,81,Tidak Ada
372,UNIVERSITAS BRAWIJAYA,Akademik,13723092,ADMINISTRASI BISNIS,Diploma Tiga,79,256,3.240506329113924,79,79,Tidak Ada
372,UNIVERSITAS BRAWIJAYA,Akademik,13723093,TEKNOLOGI INFORMASI,Diploma Tiga,78,165,2.1153846153846154,80,80,Tidak Ada
373,UNIVERSITAS NEGERI MALANG,Akademik,13731001,PENDIDIKAN MATEMATIKA,Sarjana,80,471,5.8875,82,82,Tidak Ada
373,UNIVERSITAS NEGERI MALANG,Akademik,13731002,PENDIDIKAN FISIKA,Sarjana,76,168,2.210526315789474,79,79,Tidak Ada
373,UNIVERSITAS NEGERI MALANG,Akademik,13731003,PENDIDIKAN KIMIA,Sarjana,71,285,4.014084507042254,82,82,Tidak Ada
373,UNIVERSITAS NEGERI MALANG,Akademik,13731004,PENDIDIKAN BIOLOGI,Sarjana,46,354,7.695652173913044,86,86,Tidak Ada
373,UNIVERSITAS NEGERI MALANG,Akademik,13731005,PENDIDIKAN TEKNIK MESIN,Sarjana,55,126,2.290909090909091,76,76,Tidak Ada
373,UNIVERSITAS NEGERI MALANG,Akademik,13731006,PENDIDIKAN TEKNIK BANGUNAN,Sarjana,48,114,2.375,79,79,Tidak Ada
373,UNIVERSITAS NEGERI MALANG,Akademik,13731007,PENDIDIKAN TEKNIK INFORMATIKA,Sarjana,34,259,7.617647058823529,81,81,Tidak Ada
373,UNIVERSITAS NEGERI MALANG,Akademik,13731008,PENDIDIKAN TEKNIK OTOMOTIF,Sarjana,55,125,2.272727272727273,76,76,Tidak Ada
373,UNIVERSITAS NEGERI MALANG,Akademik,13731009,ILMU KEOLAHRAGAAN,Sarjana,56,205,3.6607142857142856,80,80,Olahraga
373,UNIVERSITAS NEGERI MALANG,Akademik,13731010,MATEMATIKA,Sarjana,78,355,4.551282051282051,82,82,Tidak Ada
373,UNIVERSITAS NEGERI MALANG,Akademik,13731011,FISIKA,Sarjana,76,170,2.236842105263158,77,77,Tidak Ada
373,UNIVERSITAS NEGERI MALANG,Akademik,13731012,KIMIA,Sarjana,51,302,5.921568627450981,85,85,Tidak Ada
373,UNIVERSITAS NEGERI MALANG,Akademik,13731013,BIOLOGI,Sarjana,37,325,8.783783783783784,82,82,Tidak Ada
373,UNIVERSITAS NEGERI MALANG,Akademik,13731014,PENDIDIKAN TEKNIK ELEKTRO,Sarjana,42,124,2.9523809523809526,80,80,Tidak Ada
373,UNIVERSITAS NEGERI MALANG,Akademik,13731015,TEKNIK SIPIL,Sarjana,44,561,12.75,86,86,Tidak Ada
373,UNIVERSITAS NEGERI MALANG,Akademik,13731016,PENDIDIKAN ILMU PENGETAHUAN ALAM,Sarjana,75,378,5.04,82,82,Tidak Ada
373,UNIVERSITAS NEGERI MALANG,Akademik,13731017,KESEHATAN MASYARAKAT,Sarjana,110,1430,13.0,88,88,Tidak Ada
373,UNIVERSITAS NEGERI MALANG,Akademik,13731018,TEKNIK MESIN,Sarjana,35,462,13.2,86,86,Tidak Ada
373,UNIVERSITAS NEGERI MALANG,Akademik,13731019,TEKNIK ELEKTRO,Sarjana,38,381,10.026315789473685,85,85,Tidak Ada
373,UNIVERSITAS NEGERI MALANG,Akademik,13731020,TEKNIK INFORMATIKA,Sarjana,32,983,30.71875,92,92,Tidak Ada
373,UNIVERSITAS NEGERI MALANG,Akademik,13731021,TEKNIK INDUSTRI,Sarjana,35,700,20.0,86,86,Tidak Ada
373,UNIVERSITAS NEGERI MALANG,Akademik,13731022,BIOTEKNOLOGI,Sarjana,24,334,13.916666666666666,86,86,Tidak Ada
373,UNIVERSITAS NEGERI MALANG,Akademik,13731028,BIMBINGAN DAN KONSELING,Sarjana,60,662,11.033333333333333,89,89,Tidak Ada
373,UNIVERSITAS NEGERI MALANG,Akademik,13731029,"PENDIDIKAN JASMANI, KESEHATAN, DAN REKREASI",Sarjana,79,505,6.3924050632911396,80,80,Olahraga
373,UNIVERSITAS NEGERI MALANG,Akademik,13731030,TEKNOLOGI PENDIDIKAN,Sarjana,62,287,4.629032258064516,80,80,Tidak Ada
373,UNIVERSITAS NEGERI MALANG,Akademik,13731031,PENDIDIKAN NONFORMAL,Sarjana,76,129,1.6973684210526316,81,81,Tidak Ada
373,UNIVERSITAS NEGERI MALANG,Akademik,13731032,MANAJEMEN PENDIDIKAN,Sarjana,59,348,5.898305084745763,80,80,Tidak Ada
373,UNIVERSITAS NEGERI MALANG,Akademik,13731033,PENDIDIKAN GURU SEKOLAH DASAR,Sarjana,118,1490,12.627118644067796,85,85,Tidak Ada
373,UNIVERSITAS NEGERI MALANG,Akademik,13731034,PENDIDIKAN GURU PEND. ANAK USIA DINI,Sarjana,65,224,3.4461538461538463,82,82,Tidak Ada
373,UNIVERSITAS NEGERI MALANG,Akademik,13731035,PENDIDIKAN PANCASILA DAN KEWARGANEGARAAN,Sarjana,66,428,6.484848484848484,86,86,Tidak Ada
373,UNIVERSITAS NEGERI MALANG,Akademik,13731036,"PEND. BAHASA, SASTRA INDONESIA & DAERAH",Sarjana,55,569,10.345454545454546,87,87,Tidak Ada
373,UNIVERSITAS NEGERI MALANG,Akademik,13731037,PENDIDIKAN BAHASA INGGRIS,Sarjana,46,545,11.847826086956522,90,90,Tidak Ada
373,UNIVERSITAS NEGERI MALANG,Akademik,13731038,PENDIDIKAN BAHASA ARAB,Sarjana,72,331,4.597222222222222,82,82,Tidak Ada
373,UNIVERSITAS NEGERI MALANG,Akademik,13731039,PENDIDIKAN SENI RUPA,Sarjana,55,222,4.036363636363636,79,79,"Seni Rupa, Desain, dan Kriya"
373,UNIVERSITAS NEGERI MALANG,Akademik,13731040,PENDIDIKAN BAHASA JERMAN,Sarjana,42,124,2.9523809523809526,78,78,Tidak Ada
373,UNIVERSITAS NEGERI MALANG,Akademik,13731041,PENDIDIKAN SENI PERTUNJUKAN,Sarjana,58,151,2.603448275862069,79,79,Sendratasik
373,UNIVERSITAS NEGERI MALANG,Akademik,13731042,PENDIDIKAN SEJARAH,Sarjana,72,300,4.166666666666667,77,77,Tidak Ada
373,UNIVERSITAS NEGERI MALANG,Akademik,13731043,PENDIDIKAN EKONOMI,Sarjana,45,358,7.955555555555556,81,81,Tidak Ada
373,UNIVERSITAS NEGERI MALANG,Akademik,13731044,PENDIDIKAN BISNIS,Sarjana,42,179,4.261904761904762,76,76,Tidak Ada
373,UNIVERSITAS NEGERI MALANG,Akademik,13731045,PENDIDIKAN ADMINISTRASI PERKANTORAN,Sarjana,49,459,9.36734693877551,83,83,Tidak Ada
373,UNIVERSITAS NEGERI MALANG,Akademik,13731046,PENDIDIKAN AKUNTANSI,Sarjana,41,248,6.048780487804878,86,86,Tidak Ada
373,UNIVERSITAS NEGERI MALANG,Akademik,13731047,PENDIDIKAN TATA BOGA,Sarjana,34,352,10.352941176470589,88,88,Tidak Ada
373,UNIVERSITAS NEGERI MALANG,Akademik,13731048,PENDIDIKAN TATA BUSANA,Sarjana,38,333,8.763157894736842,80,80,Tidak Ada
373,UNIVERSITAS NEGERI MALANG,Akademik,13731049,PSIKOLOGI,Sarjana,100,1426,14.26,87,87,Tidak Ada
373,UNIVERSITAS NEGERI MALANG,Akademik,13731050,BAHASA DAN SASTRA INDONESIA,Sarjana,45,364,8.088888888888889,85,85,Tidak Ada
373,UNIVERSITAS NEGERI MALANG,Akademik,13731051,BAHASA DAN SASTRA INGGRIS,Sarjana,40,500,12.5,90,90,Tidak Ada
373,UNIVERSITAS NEGERI MALANG,Akademik,13731052,SEJARAH,Sarjana,35,152,4.3428571428571425,82,82,Tidak Ada
373,UNIVERSITAS NEGERI MALANG,Akademik,13731053,DESAIN KOMUNIKASI VISUAL,Sarjana,52,597,11.48076923076923,87,87,"Seni Rupa, Desain, dan Kriya"
373,UNIVERSITAS NEGERI MALANG,Akademik,13731054,AKUNTANSI,Sarjana,68,1148,16.88235294117647,88,88,Tidak Ada
373,UNIVERSITAS NEGERI MALANG,Akademik,13731055,EKONOMI DAN STUDI PEMBANGUNAN,Sarjana,52,514,9.884615384615385,81,81,Tidak Ada
373,UNIVERSITAS NEGERI MALANG,Akademik,13731056,MANAJEMEN,Sarjana,81,1677,20.703703703703702,95,95,Tidak Ada
373,UNIVERSITAS NEGERI MALANG,Akademik,13731057,PENDIDIKAN KHUSUS,Sarjana,55,183,3.327272727272727,76,76,Tidak Ada
373,UNIVERSITAS NEGERI MALANG,Akademik,13731058,PENDIDIKAN GEOGRAFI,Sarjana,68,314,4.617647058823529,82,82,Tidak Ada
373,UNIVERSITAS NEGERI MALANG,Akademik,13731059,PENDIDIKAN BAHASA MANDARIN,Sarjana,36,126,3.5,79,79,Tidak Ada
373,UNIVERSITAS NEGERI MALANG,Akademik,13731060,PENDIDIKAN ILMU PENGETAHUAN SOSIAL,Sarjana,45,286,6.355555555555555,85,85,Tidak Ada
373,UNIVERSITAS NEGERI MALANG,Akademik,13731061,PENDIDIKAN KEPELATIHAN OLAHRAGA,Sarjana,56,333,5.946428571428571,84,84,Olahraga
373,UNIVERSITAS NEGERI MALANG,Akademik,13731062,GEOGRAFI,Sarjana,49,327,6.673469387755102,81,81,Tidak Ada
373,UNIVERSITAS NEGERI MALANG,Akademik,13731063,PENDIDIKAN SOSIOLOGI,Sarjana,56,446,7.964285714285714,86,86,Tidak Ada
373,UNIVERSITAS NEGERI MALANG,Akademik,13731064,ILMU PERPUSTAKAAN,Sarjana,47,259,5.51063829787234,87,87,Tidak Ada
373,UNIVERSITAS NEGERI MALANG,Akademik,13731083,GIZI,Sarjana,26,752,28.923076923076923,95,95,Tidak Ada
373,UNIVERSITAS NEGERI MALANG,Akademik,13731084,ILMU KOMUNIKASI,Sarjana,48,1125,23.4375,93,93,Tidak Ada
373,UNIVERSITAS NEGERI MALANG,Akademik,13731085,KEDOKTERAN,Sarjana,11,415,37.72727272727273,92,92,Tidak Ada
373,UNIVERSITAS NEGERI MALANG,Akademik,13731086,KEPERAWATAN,Sarjana,11,797,72.45454545454545,94,94,Tidak Ada
373,UNIVERSITAS NEGERI MALANG,Akademik,13731087,KEBIDANAN,Sarjana,11,300,27.272727272727273,93,93,Tidak Ada
373,UNIVERSITAS NEGERI MALANG,Akademik,13731088,HUKUM,Sarjana,47,549,11.680851063829786,90,90,Tidak Ada
373,UNIVERSITAS NEGERI MALANG,Akademik,13731089,PARIWISATA,Sarjana,38,499,13.131578947368421,89,89,Tidak Ada
373,UNIVERSITAS NEGERI MALANG,Akademik,13731090,ARSITEKTUR,Sarjana,25,232,9.28,85,85,Tidak Ada
373,UNIVERSITAS NEGERI MALANG,Akademik,13731091,TEKNIK LINGKUNGAN,Sarjana,23,203,8.826086956521738,85,85,Tidak Ada
373,UNIVERSITAS NEGERI MALANG,Akademik,13731092,SAINS AKTUARIA,Sarjana,42,111,2.642857142857143,81,81,Tidak Ada
373,UNIVERSITAS NEGERI MALANG,Akademik,13732023,TEKNOLOGI REKAYASA MANUFAKTUR,Sarjana Terapan,31,114,3.6774193548387095,80,80,Tidak Ada
373,UNIVERSITAS NEGERI MALANG,Akademik,13732024,TEKNOLOGI REKAYASA OTOMOTIF,Sarjana Terapan,32,124,3.875,75,75,Tidak Ada
373,UNIVERSITAS NEGERI MALANG,Akademik,13732025,TEKNOLOGI REKAYASA DAN PEMELIHARAAN BANGUNAN SIPIL,Sarjana Terapan,35,155,4.428571428571429,75,75,Tidak Ada
373,UNIVERSITAS NEGERI MALANG,Akademik,13732026,TEKNOLOGI REKAYASA PEMBANGKIT ENERGI,Sarjana Terapan,35,82,2.342857142857143,78,78,Tidak Ada
373,UNIVERSITAS NEGERI MALANG,Akademik,13732027,TEKNOLOGI REKAYASA SISTEM ELEKTRONIKA,Sarjana Terapan,31,119,3.838709677419355,77,77,Tidak Ada
373,UNIVERSITAS NEGERI MALANG,Akademik,13732065,PERPUSTAKAAN DIGITAL,Sarjana Terapan,34,105,3.088235294117647,81,81,Tidak Ada
373,UNIVERSITAS NEGERI MALANG,Akademik,13732066,ANIMASI,Sarjana Terapan,44,162,3.6818181818181817,75,75,"Seni Rupa, Desain, dan Kriya"
373,UNIVERSITAS NEGERI MALANG,Akademik,13732067,MANAJEMEN PEMASARAN,Sarjana Terapan,41,418,10.195121951219512,90,90,Tidak Ada
373,UNIVERSITAS NEGERI MALANG,Akademik,13732068,AKUNTANSI,Sarjana Terapan,41,406,9.902439024390244,86,86,Tidak Ada
373,UNIVERSITAS NEGERI MALANG,Akademik,13732069,TATA BOGA,Sarjana Terapan,38,395,10.394736842105264,90,90,Tidak Ada
373,UNIVERSITAS NEGERI MALANG,Akademik,13732070,DESAIN MODE,Sarjana Terapan,40,97,2.425,76,76,"Seni Rupa, Desain, dan Kriya"
381,UNIVERSITAS AIRLANGGA,Akademik,13811001,KEDOKTERAN,Sarjana,60,1659,27.65,89,89,Tidak Ada
381,UNIVERSITAS AIRLANGGA,Akademik,13811002,KEDOKTERAN GIGI,Sarjana,50,802,16.04,90,90,Tidak Ada
381,UNIVERSITAS AIRLANGGA,Akademik,13811003,FARMASI,Sarjana,56,1391,24.839285714285715,95,95,Tidak Ada
381,UNIVERSITAS AIRLANGGA,Akademik,13811004,KEDOKTERAN HEWAN,Sarjana,48,383,7.979166666666667,84,84,Tidak Ada
381,UNIVERSITAS AIRLANGGA,Akademik,13811005,MATEMATIKA,Sarjana,30,214,7.133333333333334,85,85,Tidak Ada
381,UNIVERSITAS AIRLANGGA,Akademik,13811006,BIOLOGI,Sarjana,27,226,8.37037037037037,81,81,Tidak Ada
381,UNIVERSITAS AIRLANGGA,Akademik,13811007,FISIKA,Sarjana,32,121,3.78125,81,81,Tidak Ada
381,UNIVERSITAS AIRLANGGA,Akademik,13811008,KIMIA,Sarjana,27,256,9.481481481481481,83,83,Tidak Ada
381,UNIVERSITAS AIRLANGGA,Akademik,13811009,KESEHATAN MASYARAKAT,Sarjana,72,923,12.819444444444445,88,88,Tidak Ada
381,UNIVERSITAS AIRLANGGA,Akademik,13811010,KEPERAWATAN,Sarjana,72,1022,14.194444444444445,90,90,Tidak Ada
381,UNIVERSITAS AIRLANGGA,Akademik,13811011,AKUAKULTUR,Sarjana,64,180,2.8125,75,75,Tidak Ada
381,UNIVERSITAS AIRLANGGA,Akademik,13811012,KEBIDANAN,Sarjana,20,407,20.35,89,89,Tidak Ada
381,UNIVERSITAS AIRLANGGA,Akademik,13811013,TEKNIK BIOMEDIS,Sarjana,18,496,27.555555555555557,89,89,Tidak Ada
381,UNIVERSITAS AIRLANGGA,Akademik,13811014,TEKNIK LINGKUNGAN,Sarjana,22,399,18.136363636363637,88,88,Tidak Ada
381,UNIVERSITAS AIRLANGGA,Akademik,13811015,SISTEM INFORMASI,Sarjana,24,452,18.833333333333332,85,85,Tidak Ada
381,UNIVERSITAS AIRLANGGA,Akademik,13811016,STATISTIKA,Sarjana,24,329,13.708333333333334,85,85,Tidak Ada
381,UNIVERSITAS AIRLANGGA,Akademik,13811017,GIZI,Sarjana,32,688,21.5,89,89,Tidak Ada
381,UNIVERSITAS AIRLANGGA,Akademik,13811018,KEDOKTERAN HEWAN (FIKKIA BANYUWANGI),Sarjana,30,203,6.766666666666667,86,86,Tidak Ada
381,UNIVERSITAS AIRLANGGA,Akademik,13811019,KESEHATAN MASYARAKAT (FIKKIA BANYUWANGI),Sarjana,40,263,6.575,82,82,Tidak Ada
381,UNIVERSITAS AIRLANGGA,Akademik,13811020,AKUAKULTUR (FIKKIA BANYUWANGI),Sarjana,30,71,2.3666666666666667,79,79,Tidak Ada
381,UNIVERSITAS AIRLANGGA,Akademik,13811021,TEKNOLOGI HASIL PERIKANAN,Sarjana,56,179,3.1964285714285716,79,79,Tidak Ada
381,UNIVERSITAS AIRLANGGA,Akademik,13811022,TEKNIK INDUSTRI,Sarjana,36,424,11.777777777777779,89,89,Tidak Ada
381,UNIVERSITAS AIRLANGGA,Akademik,13811023,TEKNIK ELEKTRO,Sarjana,30,241,8.033333333333333,81,81,Tidak Ada
381,UNIVERSITAS AIRLANGGA,Akademik,13811024,REKAYASA NANOTEKNOLOGI,Sarjana,40,168,4.2,80,80,Tidak Ada
381,UNIVERSITAS AIRLANGGA,Akademik,13811025,TEKNOLOGI SAINS DATA,Sarjana,36,288,8.0,81,81,Tidak Ada
381,UNIVERSITAS AIRLANGGA,Akademik,13811026,TEKNIK ROBOTIKA DAN KECERDASAN BUATAN,Sarjana,20,298,14.9,86,86,Tidak Ada
381,UNIVERSITAS AIRLANGGA,Akademik,13811027,ILMU HUKUM,Sarjana,77,1089,14.142857142857142,88,88,Tidak Ada
381,UNIVERSITAS AIRLANGGA,Akademik,13811028,ADMINISTRASI PUBLIK,Sarjana,28,432,15.428571428571429,86,86,Tidak Ada
381,UNIVERSITAS AIRLANGGA,Akademik,13811029,PSIKOLOGI,Sarjana,54,1066,19.74074074074074,88,88,Tidak Ada
381,UNIVERSITAS AIRLANGGA,Akademik,13811030,SOSIOLOGI,Sarjana,39,259,6.641025641025641,87,87,Tidak Ada
381,UNIVERSITAS AIRLANGGA,Akademik,13811031,ILMU POLITIK,Sarjana,33,278,8.424242424242424,80,80,Tidak Ada
381,UNIVERSITAS AIRLANGGA,Akademik,13811032,ILMU HUBUNGAN INTERNASIONAL,Sarjana,30,492,16.4,88,88,Tidak Ada
381,UNIVERSITAS AIRLANGGA,Akademik,13811033,ANTROPOLOGI,Sarjana,30,225,7.5,87,87,Tidak Ada
381,UNIVERSITAS AIRLANGGA,Akademik,13811034,ILMU EKONOMI,Sarjana,66,533,8.075757575757576,82,82,Tidak Ada
381,UNIVERSITAS AIRLANGGA,Akademik,13811035,MANAJEMEN,Sarjana,56,1001,17.875,85,85,Tidak Ada
381,UNIVERSITAS AIRLANGGA,Akademik,13811036,AKUNTANSI,Sarjana,53,1043,19.67924528301887,90,90,Tidak Ada
381,UNIVERSITAS AIRLANGGA,Akademik,13811037,ILMU KOMUNIKASI,Sarjana,30,674,22.466666666666665,90,90,Tidak Ada
381,UNIVERSITAS AIRLANGGA,Akademik,13811038,ILMU SEJARAH,Sarjana,32,111,3.46875,76,76,Tidak Ada
381,UNIVERSITAS AIRLANGGA,Akademik,13811039,ILMU INFORMASI DAN PERPUSTAKAAN,Sarjana,52,253,4.865384615384615,75,75,Tidak Ada
381,UNIVERSITAS AIRLANGGA,Akademik,13811040,BAHASA DAN SASTRA INGGRIS,Sarjana,75,562,7.493333333333333,83,83,Tidak Ada
381,UNIVERSITAS AIRLANGGA,Akademik,13811041,BAHASA DAN SASTRA INDONESIA,Sarjana,40,199,4.975,76,76,Tidak Ada
381,UNIVERSITAS AIRLANGGA,Akademik,13811042,BAHASA DAN SASTRA JEPANG,Sarjana,30,236,7.866666666666666,86,86,Tidak Ada
381,UNIVERSITAS AIRLANGGA,Akademik,13811043,EKONOMI ISLAM,Sarjana,60,339,5.65,87,87,Tidak Ada
381,UNIVERSITAS AIRLANGGA,Akademik,13811068,KEDOKTERAN (FIKKIA BANYUWANGI),Sarjana,10,141,14.1,88,88,Tidak Ada
381,UNIVERSITAS AIRLANGGA,Akademik,13812046,KESELAMATAN DAN KESEHATAN KERJA,Sarjana Terapan,40,903,22.575,91,91,Tidak Ada
381,UNIVERSITAS AIRLANGGA,Akademik,13812049,MANAJEMEN PERHOTELAN,Sarjana Terapan,27,295,10.925925925925926,85,85,Tidak Ada
381,UNIVERSITAS AIRLANGGA,Akademik,13812050,DESTINASI PARIWISATA,Sarjana Terapan,27,290,10.74074074074074,86,86,Tidak Ada
381,UNIVERSITAS AIRLANGGA,Akademik,13812051,TEKNOLOGI LABORATORIUM MEDIK,Sarjana Terapan,30,976,32.53333333333333,90,90,Tidak Ada
381,UNIVERSITAS AIRLANGGA,Akademik,13812054,PERBANKAN DAN KEUANGAN,Sarjana Terapan,45,393,8.733333333333333,81,81,Tidak Ada
381,UNIVERSITAS AIRLANGGA,Akademik,13812055,TEKNOLOGI REKAYASA INSTRUMENTASI DAN KONTROL,Sarjana Terapan,32,106,3.3125,82,82,Tidak Ada
381,UNIVERSITAS AIRLANGGA,Akademik,13812056,MANAJEMEN PERKANTORAN DIGITAL,Sarjana Terapan,48,371,7.729166666666667,83,83,Tidak Ada
381,UNIVERSITAS AIRLANGGA,Akademik,13812061,PENGOBAT TRADISIONAL,Sarjana Terapan,20,64,3.2,77,77,Tidak Ada
381,UNIVERSITAS AIRLANGGA,Akademik,13812062,FISIOTERAPI,Sarjana Terapan,36,536,14.88888888888889,89,89,Tidak Ada
381,UNIVERSITAS AIRLANGGA,Akademik,13812063,TEKNOLOGI RADIOLOGI PENCITRAAN,Sarjana Terapan,40,873,21.825,89,89,Tidak Ada
381,UNIVERSITAS AIRLANGGA,Akademik,13812064,TEKNIK INFORMATIKA,Sarjana Terapan,36,312,8.666666666666666,83,83,Tidak Ada
381,UNIVERSITAS AIRLANGGA,Akademik,13812065,TEKNOLOGI KESEHATAN GIGI,Sarjana Terapan,28,108,3.857142857142857,77,77,Tidak Ada
381,UNIVERSITAS AIRLANGGA,Akademik,13812066,TEKNOLOGI VETERINER,Sarjana Terapan,24,67,2.7916666666666665,76,76,Tidak Ada
381,UNIVERSITAS AIRLANGGA,Akademik,13812067,KEARSIPAN DAN INFORMASI DIGITAL,Sarjana Terapan,29,170,5.862068965517241,85,85,Tidak Ada
381,UNIVERSITAS AIRLANGGA,Akademik,13812069,AKUNTANSI BISNIS DIGITAL,Sarjana Terapan,27,0,0.0,80,80,Tidak Ada
381,UNIVERSITAS AIRLANGGA,Akademik,13813045,BAHASA INGGRIS,Diploma Tiga,30,98,3.2666666666666666,82,82,Tidak Ada
381,UNIVERSITAS AIRLANGGA,Akademik,13813047,PERPAJAKAN,Diploma Tiga,60,268,4.466666666666667,77,77,Tidak Ada
381,UNIVERSITAS AIRLANGGA,Akademik,13813059,KEPERAWATAN,Diploma Tiga,60,470,7.833333333333333,83,83,Tidak Ada
382,INSTITUT TEKNOLOGI SEPULUH NOPEMBER,Akademik,13821001,FISIKA,Sarjana,77,212,2.7532467532467533,77,77,Tidak Ada
382,INSTITUT TEKNOLOGI SEPULUH NOPEMBER,Akademik,13821002,MATEMATIKA,Sarjana,80,313,3.9125,77,77,Tidak Ada
382,INSTITUT TEKNOLOGI SEPULUH NOPEMBER,Akademik,13821003,STATISTIKA,Sarjana,40,393,9.825,81,81,Tidak Ada
382,INSTITUT TEKNOLOGI SEPULUH NOPEMBER,Akademik,13821004,KIMIA,Sarjana,60,308,5.133333333333334,86,86,Tidak Ada
382,INSTITUT TEKNOLOGI SEPULUH NOPEMBER,Akademik,13821005,BIOLOGI,Sarjana,36,179,4.972222222222222,80,80,Tidak Ada
382,INSTITUT TEKNOLOGI SEPULUH NOPEMBER,Akademik,13821006,TEKNIK MESIN,Sarjana,40,650,16.25,88,88,Tidak Ada
382,INSTITUT TEKNOLOGI SEPULUH NOPEMBER,Akademik,13821007,TEKNIK ELEKTRO,Sarjana,48,692,14.416666666666666,88,88,Tidak Ada
382,INSTITUT TEKNOLOGI SEPULUH NOPEMBER,Akademik,13821008,TEKNIK KIMIA,Sarjana,40,601,15.025,85,85,Tidak Ada
382,INSTITUT TEKNOLOGI SEPULUH NOPEMBER,Akademik,13821009,TEKNIK FISIKA,Sarjana,40,302,7.55,82,82,Tidak Ada
382,INSTITUT TEKNOLOGI SEPULUH NOPEMBER,Akademik,13821010,TEKNIK INDUSTRI,Sarjana,40,846,21.15,91,91,Tidak Ada
382,INSTITUT TEKNOLOGI SEPULUH NOPEMBER,Akademik,13821011,TEKNIK MATERIAL,Sarjana,40,455,11.375,86,86,Tidak Ada
382,INSTITUT TEKNOLOGI SEPULUH NOPEMBER,Akademik,13821012,TEKNIK SIPIL,Sarjana,39,715,18.333333333333332,87,87,Tidak Ada
382,INSTITUT TEKNOLOGI SEPULUH NOPEMBER,Akademik,13821013,ARSITEKTUR,Sarjana,24,388,16.166666666666668,88,88,Tidak Ada
382,INSTITUT TEKNOLOGI SEPULUH NOPEMBER,Akademik,13821014,TEKNIK LINGKUNGAN,Sarjana,26,409,15.73076923076923,89,89,Tidak Ada
382,INSTITUT TEKNOLOGI SEPULUH NOPEMBER,Akademik,13821015,TEKNIK GEOMATIKA,Sarjana,26,292,11.23076923076923,86,86,Tidak Ada
382,INSTITUT TEKNOLOGI SEPULUH NOPEMBER,Akademik,13821016,PERENCANAAN WILAYAH DAN KOTA,Sarjana,34,312,9.176470588235293,84,84,Tidak Ada
382,INSTITUT TEKNOLOGI SEPULUH NOPEMBER,Akademik,13821017,TEKNIK PERKAPALAN,Sarjana,24,293,12.208333333333334,88,88,Tidak Ada
382,INSTITUT TEKNOLOGI SEPULUH NOPEMBER,Akademik,13821018,TEKNIK KELAUTAN,Sarjana,24,243,10.125,86,86,Tidak Ada
382,INSTITUT TEKNOLOGI SEPULUH NOPEMBER,Akademik,13821019,TEKNIK SISTEM PERKAPALAN,Sarjana,28,240,8.571428571428571,83,83,Tidak Ada
382,INSTITUT TEKNOLOGI SEPULUH NOPEMBER,Akademik,13821020,TEKNIK INFORMATIKA,Sarjana,60,1431,23.85,91,91,Tidak Ada
382,INSTITUT TEKNOLOGI SEPULUH NOPEMBER,Akademik,13821021,SISTEM INFORMASI,Sarjana,42,733,17.452380952380953,89,89,Tidak Ada
382,INSTITUT TEKNOLOGI SEPULUH NOPEMBER,Akademik,13821022,DESAIN PRODUK INDUSTRI,Sarjana,30,221,7.366666666666666,85,85,"Seni Rupa, Desain, dan Kriya"
382,INSTITUT TEKNOLOGI SEPULUH NOPEMBER,Akademik,13821023,TEKNIK TRANSPORTASI LAUT,Sarjana,16,141,8.8125,80,80,Tidak Ada
382,INSTITUT TEKNOLOGI SEPULUH NOPEMBER,Akademik,13821024,TEK. SIST PERKAPALAN (GLR GANDA ITS-JERMAN),Sarjana,12,92,7.666666666666667,87,87,Tidak Ada
382,INSTITUT TEKNOLOGI SEPULUH NOPEMBER,Akademik,13821025,TEKNIK KOMPUTER,Sarjana,24,372,15.5,88,88,Tidak Ada
382,INSTITUT TEKNOLOGI SEPULUH NOPEMBER,Akademik,13821027,TEKNIK GEOFISIKA,Sarjana,20,284,14.2,89,89,Tidak Ada
382,INSTITUT TEKNOLOGI SEPULUH NOPEMBER,Akademik,13821028,DESAIN INTERIOR,Sarjana,24,187,7.791666666666667,84,84,"Seni Rupa, Desain, dan Kriya"
382,INSTITUT TEKNOLOGI SEPULUH NOPEMBER,Akademik,13821029,TEKNIK BIOMEDIK,Sarjana,24,317,13.208333333333334,87,87,Tidak Ada
382,INSTITUT TEKNOLOGI SEPULUH NOPEMBER,Akademik,13821030,SAINS AKTUARIA,Sarjana,24,269,11.208333333333334,88,88,Tidak Ada
382,INSTITUT TEKNOLOGI SEPULUH NOPEMBER,Akademik,13821031,TEKNOLOGI INFORMASI,Sarjana,34,395,11.617647058823529,87,87,Tidak Ada
382,INSTITUT TEKNOLOGI SEPULUH NOPEMBER,Akademik,13821032,DESAIN KOMUNIKASI VISUAL,Sarjana,32,438,13.6875,85,85,"Seni Rupa, Desain, dan Kriya"
382,INSTITUT TEKNOLOGI SEPULUH NOPEMBER,Akademik,13821041,TEKNIK LEPAS PANTAI,Sarjana,16,289,18.0625,89,89,Tidak Ada
382,INSTITUT TEKNOLOGI SEPULUH NOPEMBER,Akademik,13821042,TEKNIK PANGAN,Sarjana,16,259,16.1875,87,87,Tidak Ada
382,INSTITUT TEKNOLOGI SEPULUH NOPEMBER,Akademik,13821043,MANAJEMEN BISNIS,Sarjana,24,445,18.541666666666668,89,89,Tidak Ada
382,INSTITUT TEKNOLOGI SEPULUH NOPEMBER,Akademik,13821044,STUDI PEMBANGUNAN,Sarjana,27,162,6.0,81,81,Tidak Ada
382,INSTITUT TEKNOLOGI SEPULUH NOPEMBER,Akademik,13821045,TEKNIK TELEKOMUNIKASI,Sarjana,16,159,9.9375,84,84,Tidak Ada
382,INSTITUT TEKNOLOGI SEPULUH NOPEMBER,Akademik,13821046,TEKNOLOGI KEDOKTERAN,Sarjana,24,259,10.791666666666666,88,88,Tidak Ada
382,INSTITUT TEKNOLOGI SEPULUH NOPEMBER,Akademik,13821047,SAINS ANALITIK DAN INSTRUMENTASI KIMIA,Sarjana,18,151,8.38888888888889,86,86,Tidak Ada
382,INSTITUT TEKNOLOGI SEPULUH NOPEMBER,Akademik,13821048,KEDOKTERAN,Sarjana,10,384,38.4,89,89,Tidak Ada
382,INSTITUT TEKNOLOGI SEPULUH NOPEMBER,Akademik,13821049,SAINS DATA,Sarjana,10,188,18.8,87,87,Tidak Ada
382,INSTITUT TEKNOLOGI SEPULUH NOPEMBER,Akademik,13821050,INOVASI DIGITAL,Sarjana,10,100,10.0,86,86,Tidak Ada
382,INSTITUT TEKNOLOGI SEPULUH NOPEMBER,Akademik,13821051,REKAYASA KECERDASAN ARTIFISIAL,Sarjana,13,303,23.307692307692307,95,95,Tidak Ada
382,INSTITUT TEKNOLOGI SEPULUH NOPEMBER,Akademik,13821052,REKAYASA PERANGKAT LUNAK,Sarjana,13,187,14.384615384615385,87,87,Tidak Ada
382,INSTITUT TEKNOLOGI SEPULUH NOPEMBER,Akademik,13821053,BISNIS DIGITAL,Sarjana,12,315,26.25,90,90,Tidak Ada
382,INSTITUT TEKNOLOGI SEPULUH NOPEMBER,Akademik,13821054,REKAYASA KESELAMATAN PROSES,Sarjana,10,112,11.2,87,87,Tidak Ada
382,INSTITUT TEKNOLOGI SEPULUH NOPEMBER,Akademik,13821056,SAINS KOMUNIKASI,Sarjana,9,91,10.11111111111111,86,86,Tidak Ada
382,INSTITUT TEKNOLOGI SEPULUH NOPEMBER,Akademik,13821057,BIOTEKNOLOGI,Sarjana,12,152,12.666666666666666,86,86,Tidak Ada
382,INSTITUT TEKNOLOGI SEPULUH NOPEMBER,Akademik,13821058,TEKNIK PERTAMBANGAN,Sarjana,10,0,0.0,78,78,Tidak Ada
382,INSTITUT TEKNOLOGI SEPULUH NOPEMBER,Akademik,13822033,TEKNIK SIPIL,Sarjana Terapan,27,327,12.11111111111111,85,85,Tidak Ada
382,INSTITUT TEKNOLOGI SEPULUH NOPEMBER,Akademik,13822034,TEKNOLOGI REKAYASA KONSTRUKSI BANGUNAN AIR,Sarjana Terapan,27,117,4.333333333333333,76,76,Tidak Ada
382,INSTITUT TEKNOLOGI SEPULUH NOPEMBER,Akademik,13822035,TEKNOLOGI REKAYASA MANUFAKTUR,Sarjana Terapan,27,174,6.444444444444445,82,82,Tidak Ada
382,INSTITUT TEKNOLOGI SEPULUH NOPEMBER,Akademik,13822036,TEKNOLOGI REKAYASA KONVERSI ENERGI,Sarjana Terapan,27,206,7.62962962962963,87,87,Tidak Ada
382,INSTITUT TEKNOLOGI SEPULUH NOPEMBER,Akademik,13822037,TEKNOLOGI REKAYASA OTOMASI,Sarjana Terapan,35,213,6.085714285714285,86,86,Tidak Ada
382,INSTITUT TEKNOLOGI SEPULUH NOPEMBER,Akademik,13822038,TEKNOLOGI REKAYASA KIMIA INDUSTRI,Sarjana Terapan,35,249,7.114285714285714,82,82,Tidak Ada
382,INSTITUT TEKNOLOGI SEPULUH NOPEMBER,Akademik,13822039,TEKNOLOGI REKAYASA INSTRUMENTASI,Sarjana Terapan,35,208,5.942857142857143,85,85,Tidak Ada
382,INSTITUT TEKNOLOGI SEPULUH NOPEMBER,Akademik,13822040,STATISTIKA BISNIS,Sarjana Terapan,35,226,6.457142857142857,85,85,Tidak Ada
382,INSTITUT TEKNOLOGI SEPULUH NOPEMBER,Akademik,13822055,ANALITIKA LOGISTIK TERAPAN,Sarjana Terapan,11,29,2.6363636363636362,81,81,Tidak Ada
383,UNIVERSITAS NEGERI SURABAYA,Akademik,13831001,PENDIDIKAN MATEMATIKA,Sarjana,74,484,6.54054054054054,83,83,Tidak Ada
383,UNIVERSITAS NEGERI SURABAYA,Akademik,13831002,PENDIDIKAN FISIKA,Sarjana,55,181,3.290909090909091,78,78,Tidak Ada
383,UNIVERSITAS NEGERI SURABAYA,Akademik,13831003,PENDIDIKAN KIMIA,Sarjana,50,259,5.18,86,86,Tidak Ada
383,UNIVERSITAS NEGERI SURABAYA,Akademik,13831004,PENDIDIKAN BIOLOGI,Sarjana,75,468,6.24,81,81,Tidak Ada
383,UNIVERSITAS NEGERI SURABAYA,Akademik,13831005,MATEMATIKA,Sarjana,70,278,3.9714285714285715,80,80,Tidak Ada
383,UNIVERSITAS NEGERI SURABAYA,Akademik,13831006,FISIKA,Sarjana,40,132,3.3,82,82,Tidak Ada
383,UNIVERSITAS NEGERI SURABAYA,Akademik,13831007,KIMIA,Sarjana,50,328,6.56,86,86,Tidak Ada
383,UNIVERSITAS NEGERI SURABAYA,Akademik,13831008,BIOLOGI,Sarjana,63,352,5.587301587301587,86,86,Tidak Ada
383,UNIVERSITAS NEGERI SURABAYA,Akademik,13831009,PENDIDIKAN ILMU PENGETAHUAN ALAM,Sarjana,65,360,5.538461538461538,86,86,Tidak Ada
383,UNIVERSITAS NEGERI SURABAYA,Akademik,13831010,PENDIDIKAN TEKNIK ELEKTRO,Sarjana,30,112,3.7333333333333334,75,75,Tidak Ada
383,UNIVERSITAS NEGERI SURABAYA,Akademik,13831011,PENDIDIKAN TEKNIK MESIN,Sarjana,35,135,3.857142857142857,81,81,Tidak Ada
383,UNIVERSITAS NEGERI SURABAYA,Akademik,13831012,PENDIDIKAN TEKNIK BANGUNAN,Sarjana,40,101,2.525,79,79,Tidak Ada
383,UNIVERSITAS NEGERI SURABAYA,Akademik,13831013,ILMU KEOLAHRAGAAN,Sarjana,80,273,3.4125,82,82,Olahraga
383,UNIVERSITAS NEGERI SURABAYA,Akademik,13831014,TEKNIK SIPIL,Sarjana,90,756,8.4,82,82,Tidak Ada
383,UNIVERSITAS NEGERI SURABAYA,Akademik,13831015,PENDIDIKAN TEKNOLOGI INFORMASI,Sarjana,60,265,4.416666666666667,77,77,Tidak Ada
383,UNIVERSITAS NEGERI SURABAYA,Akademik,13831016,TEKNIK ELEKTRO,Sarjana,70,560,8.0,87,87,Tidak Ada
383,UNIVERSITAS NEGERI SURABAYA,Akademik,13831017,TEKNIK MESIN,Sarjana,70,689,9.842857142857143,82,82,Tidak Ada
383,UNIVERSITAS NEGERI SURABAYA,Akademik,13831018,SISTEM INFORMASI,Sarjana,80,791,9.8875,84,84,Tidak Ada
383,UNIVERSITAS NEGERI SURABAYA,Akademik,13831019,TEKNIK INFORMATIKA,Sarjana,55,928,16.87272727272727,90,90,Tidak Ada
383,UNIVERSITAS NEGERI SURABAYA,Akademik,13831020,GIZI,Sarjana,40,1022,25.55,94,94,Tidak Ada
383,UNIVERSITAS NEGERI SURABAYA,Akademik,13831027,BIMBINGAN DAN KONSELING,Sarjana,90,756,8.4,84,84,Tidak Ada
383,UNIVERSITAS NEGERI SURABAYA,Akademik,13831028,TEKNOLOGI PENDIDIKAN,Sarjana,80,257,3.2125,81,81,Tidak Ada
383,UNIVERSITAS NEGERI SURABAYA,Akademik,13831029,PENDIDIKAN LUAR SEKOLAH,Sarjana,50,114,2.28,81,81,Tidak Ada
383,UNIVERSITAS NEGERI SURABAYA,Akademik,13831030,PENDIDIKAN LUAR BIASA,Sarjana,75,200,2.6666666666666665,75,75,Tidak Ada
383,UNIVERSITAS NEGERI SURABAYA,Akademik,13831031,PENDIDIKAN GURU SEKOLAH DASAR,Sarjana,130,1594,12.261538461538462,86,86,Tidak Ada
383,UNIVERSITAS NEGERI SURABAYA,Akademik,13831032,PSIKOLOGI,Sarjana,114,1448,12.701754385964913,90,90,Tidak Ada
383,UNIVERSITAS NEGERI SURABAYA,Akademik,13831033,PENDIDIKAN GURU PENDIDIKAN ANAK USIA DINI,Sarjana,90,321,3.566666666666667,80,80,Tidak Ada
383,UNIVERSITAS NEGERI SURABAYA,Akademik,13831034,PENDIDIKAN BAHASA DAN SASTRA INDONESIA,Sarjana,100,754,7.54,80,80,Tidak Ada
383,UNIVERSITAS NEGERI SURABAYA,Akademik,13831035,PENDIDIKAN BAHASA INGGRIS,Sarjana,95,696,7.326315789473684,81,81,Tidak Ada
383,UNIVERSITAS NEGERI SURABAYA,Akademik,13831036,PENDIDIKAN BAHASA JERMAN,Sarjana,40,85,2.125,79,79,Tidak Ada
383,UNIVERSITAS NEGERI SURABAYA,Akademik,13831037,PENDIDIKAN BAHASA JEPANG,Sarjana,90,359,3.988888888888889,76,76,Tidak Ada
383,UNIVERSITAS NEGERI SURABAYA,Akademik,13831038,PENDIDIKAN BAHASA DAN SASTRA JAWA,Sarjana,65,266,4.092307692307692,76,76,Tidak Ada
383,UNIVERSITAS NEGERI SURABAYA,Akademik,13831039,PENDIDIKAN SENI RUPA,Sarjana,60,172,2.8666666666666667,79,79,"Seni Rupa, Desain, dan Kriya"
383,UNIVERSITAS NEGERI SURABAYA,Akademik,13831040,"PENDIDIKAN SENI DRAMA, TARI, DAN MUSIK",Sarjana,60,191,3.183333333333333,76,76,Sendratasik
383,UNIVERSITAS NEGERI SURABAYA,Akademik,13831041,SASTRA INDONESIA,Sarjana,60,311,5.183333333333334,85,85,Tidak Ada
383,UNIVERSITAS NEGERI SURABAYA,Akademik,13831042,SASTRA INGGRIS,Sarjana,75,621,8.28,86,86,Tidak Ada
383,UNIVERSITAS NEGERI SURABAYA,Akademik,13831043,SASTRA JERMAN,Sarjana,40,128,3.2,81,81,Tidak Ada
383,UNIVERSITAS NEGERI SURABAYA,Akademik,13831044,PENDIDIKAN PANCASILA DAN KEWARGANEGARAAN,Sarjana,75,401,5.346666666666667,84,84,Tidak Ada
383,UNIVERSITAS NEGERI SURABAYA,Akademik,13831045,PENDIDIKAN GEOGRAFI,Sarjana,75,309,4.12,76,76,Tidak Ada
383,UNIVERSITAS NEGERI SURABAYA,Akademik,13831046,PENDIDIKAN SEJARAH,Sarjana,75,286,3.8133333333333335,82,82,Tidak Ada
383,UNIVERSITAS NEGERI SURABAYA,Akademik,13831047,SOSIOLOGI,Sarjana,90,459,5.1,83,83,Tidak Ada
383,UNIVERSITAS NEGERI SURABAYA,Akademik,13831048,ILMU ADMINISTRASI NEGARA,Sarjana,90,910,10.11111111111111,87,87,Tidak Ada
383,UNIVERSITAS NEGERI SURABAYA,Akademik,13831050,"PENDIDIKAN JASMANI, KESEHATAN, DAN REKREASI",Sarjana,119,663,5.571428571428571,81,81,Olahraga
383,UNIVERSITAS NEGERI SURABAYA,Akademik,13831051,PENDIDIKAN KEPELATIHAN OLAHRAGA,Sarjana,115,565,4.913043478260869,80,80,Olahraga
383,UNIVERSITAS NEGERI SURABAYA,Akademik,13831052,PENDIDIKAN EKONOMI,Sarjana,60,304,5.066666666666666,86,86,Tidak Ada
383,UNIVERSITAS NEGERI SURABAYA,Akademik,13831053,MANAJEMEN,Sarjana,72,1613,22.40277777777778,95,95,Tidak Ada
383,UNIVERSITAS NEGERI SURABAYA,Akademik,13831054,AKUNTANSI,Sarjana,80,1182,14.775,86,86,Tidak Ada
383,UNIVERSITAS NEGERI SURABAYA,Akademik,13831055,PENDIDIKAN TATA RIAS,Sarjana,65,497,7.6461538461538465,80,80,Tidak Ada
383,UNIVERSITAS NEGERI SURABAYA,Akademik,13831056,MANAJEMEN PENDIDIKAN,Sarjana,90,370,4.111111111111111,75,75,Tidak Ada
383,UNIVERSITAS NEGERI SURABAYA,Akademik,13831057,ILMU HUKUM,Sarjana,108,959,8.87962962962963,81,81,Tidak Ada
383,UNIVERSITAS NEGERI SURABAYA,Akademik,13831058,PENDIDIKAN BAHASA MANDARIN,Sarjana,70,215,3.0714285714285716,81,81,Tidak Ada
383,UNIVERSITAS NEGERI SURABAYA,Akademik,13831059,PENDIDIKAN TATA BOGA,Sarjana,100,484,4.84,80,80,Tidak Ada
383,UNIVERSITAS NEGERI SURABAYA,Akademik,13831060,PENDIDIKAN TATA BUSANA,Sarjana,100,420,4.2,82,82,Tidak Ada
383,UNIVERSITAS NEGERI SURABAYA,Akademik,13831061,PENDIDIKAN AKUNTANSI,Sarjana,75,327,4.36,77,77,Tidak Ada
383,UNIVERSITAS NEGERI SURABAYA,Akademik,13831062,PENDIDIKAN BISNIS,Sarjana,30,286,9.533333333333333,80,80,Tidak Ada
383,UNIVERSITAS NEGERI SURABAYA,Akademik,13831063,PENDIDIKAN ADMINISTRASI PERKANTORAN,Sarjana,70,659,9.414285714285715,87,87,Tidak Ada
383,UNIVERSITAS NEGERI SURABAYA,Akademik,13831064,ILMU KOMUNIKASI,Sarjana,80,1129,14.1125,90,90,Tidak Ada
383,UNIVERSITAS NEGERI SURABAYA,Akademik,13831065,MUSIK,Sarjana,45,73,1.6222222222222222,75,75,Musik
383,UNIVERSITAS NEGERI SURABAYA,Akademik,13831066,DESAIN KOMUNIKASI VISUAL,Sarjana,90,542,6.022222222222222,86,86,"Seni Rupa, Desain, dan Kriya"
383,UNIVERSITAS NEGERI SURABAYA,Akademik,13831067,SENI RUPA MURNI,Sarjana,34,93,2.735294117647059,80,80,"Seni Rupa, Desain, dan Kriya"
383,UNIVERSITAS NEGERI SURABAYA,Akademik,13831068,EKONOMI ISLAM,Sarjana,68,388,5.705882352941177,86,86,Tidak Ada
383,UNIVERSITAS NEGERI SURABAYA,Akademik,13831069,PENDIDIKAN IPS,Sarjana,75,296,3.9466666666666668,75,75,Tidak Ada
383,UNIVERSITAS NEGERI SURABAYA,Akademik,13831070,EKONOMI,Sarjana,100,741,7.41,83,83,Tidak Ada
383,UNIVERSITAS NEGERI SURABAYA,Akademik,13831075,BISNIS DIGITAL,Sarjana,100,950,9.5,85,85,Tidak Ada
383,UNIVERSITAS NEGERI SURABAYA,Akademik,13831087,SAINS DATA,Sarjana,55,581,10.563636363636364,90,90,Tidak Ada
383,UNIVERSITAS NEGERI SURABAYA,Akademik,13831088,MANAJEMEN OLAHRAGA,Sarjana,40,114,2.85,78,78,Olahraga
383,UNIVERSITAS NEGERI SURABAYA,Akademik,13831089,ILMU POLITIK,Sarjana,65,317,4.876923076923077,76,76,Tidak Ada
383,UNIVERSITAS NEGERI SURABAYA,Akademik,13831090,KEDOKTERAN,Sarjana,10,410,41.0,89,89,Tidak Ada
383,UNIVERSITAS NEGERI SURABAYA,Akademik,13831091,"PENDIDIKAN JASMANI, KESEHATAN, DAN REKREASI (UNESA KAMPUS MAGETAN)",Sarjana,45,140,3.111111111111111,81,81,Olahraga
383,UNIVERSITAS NEGERI SURABAYA,Akademik,13831092,PENDIDIKAN GURU SEKOLAH DASAR (UNESA KAMPUS MAGETAN),Sarjana,50,561,11.22,90,90,Tidak Ada
383,UNIVERSITAS NEGERI SURABAYA,Akademik,13831093,PENDIDIKAN MATEMATIKA (UNESA KAMPUS MAGETAN),Sarjana,31,166,5.354838709677419,87,87,Tidak Ada
383,UNIVERSITAS NEGERI SURABAYA,Akademik,13831094,ILMU HUKUM (UNESA KAMPUS MAGETAN),Sarjana,42,243,5.785714285714286,84,84,Tidak Ada
383,UNIVERSITAS NEGERI SURABAYA,Akademik,13831095,ILMU KOMUNIKASI (UNESA KAMPUS MAGETAN),Sarjana,50,333,6.66,81,81,Tidak Ada
383,UNIVERSITAS NEGERI SURABAYA,Akademik,13831096,MANAJEMEN (UNESA KAMPUS MAGETAN),Sarjana,50,554,11.08,88,88,Tidak Ada
383,UNIVERSITAS NEGERI SURABAYA,Akademik,13831097,SASTRA INGGRIS (UNESA KAMPUS MAGETAN),Sarjana,35,138,3.942857142857143,77,77,Tidak Ada
383,UNIVERSITAS NEGERI SURABAYA,Akademik,13831098,PENDIDIKAN TATA RIAS (UNESA KAMPUS MAGETAN),Sarjana,40,144,3.6,77,77,Tidak Ada
383,UNIVERSITAS NEGERI SURABAYA,Akademik,13831099,MASASE,Sarjana,30,23,0.7666666666666667,79,79,Olahraga
383,UNIVERSITAS NEGERI SURABAYA,Akademik,13831101,FISIOTERAPI,Sarjana,12,362,30.166666666666668,93,93,Tidak Ada
383,UNIVERSITAS NEGERI SURABAYA,Akademik,13831102,KEBIDANAN,Sarjana,10,310,31.0,91,91,Tidak Ada
383,UNIVERSITAS NEGERI SURABAYA,Akademik,13831103,KEPERAWATAN,Sarjana,10,850,85.0,93,93,Tidak Ada
383,UNIVERSITAS NEGERI SURABAYA,Akademik,13831104,HUBUNGAN INTERNASIONAL,Sarjana,50,277,5.54,82,82,Tidak Ada
383,UNIVERSITAS NEGERI SURABAYA,Akademik,13831105,PERENCANAAN WILAYAH DAN KOTA,Sarjana,45,233,5.177777777777778,82,82,Tidak Ada
383,UNIVERSITAS NEGERI SURABAYA,Akademik,13831106,SAINS AKTUARIA,Sarjana,35,120,3.4285714285714284,80,80,Tidak Ada
383,UNIVERSITAS NEGERI SURABAYA,Akademik,13831109,PENDIDIKAN GURU PENDIDIKAN ANAK USIA DINI (KAMPUS KABUPATEN MAGETAN),Sarjana,20,69,3.45,75,75,Tidak Ada
383,UNIVERSITAS NEGERI SURABAYA,Akademik,13831110,TEKNOLOGI PENDIDIKAN (KAMPUS KABUPATEN MAGETAN),Sarjana,35,75,2.142857142857143,75,75,Tidak Ada
383,UNIVERSITAS NEGERI SURABAYA,Akademik,13831111,BIMBINGAN DAN KONSELING (KAMPUS KABUPATEN MAGETAN),Sarjana,35,274,7.828571428571428,85,85,Tidak Ada
383,UNIVERSITAS NEGERI SURABAYA,Akademik,13831112,PENDIDIKAN KEPELATIHAN OLAHRAGA (KAMPUS KABUPATEN MAGETAN),Sarjana,35,73,2.085714285714286,76,76,Olahraga
383,UNIVERSITAS NEGERI SURABAYA,Akademik,13831113,PENDIDIKAN BAHASA DAN SASTRA INDONESIA (KAMPUS KABUPATEN MAGETAN),Sarjana,30,203,6.766666666666667,84,84,Tidak Ada
383,UNIVERSITAS NEGERI SURABAYA,Akademik,13831115,TEKNOLOGI PANGAN DAN HASIL PERTANIAN,Sarjana,30,244,8.133333333333333,84,84,Tidak Ada
383,UNIVERSITAS NEGERI SURABAYA,Akademik,13831116,AKUAKULTUR,Sarjana,30,42,1.4,81,81,Tidak Ada
383,UNIVERSITAS NEGERI SURABAYA,Akademik,13831117,PARIWISATA,Sarjana,35,334,9.542857142857143,81,81,Tidak Ada
383,UNIVERSITAS NEGERI SURABAYA,Akademik,13831118,FILM DAN ANIMASI,Sarjana,35,49,1.4,79,79,Film dan Televisi
383,UNIVERSITAS NEGERI SURABAYA,Akademik,13831119,BIOSAINS HEWAN,Sarjana,30,26,0.8666666666666667,82,82,Tidak Ada
383,UNIVERSITAS NEGERI SURABAYA,Akademik,13831120,AGRIBISNIS DIGITAL,Sarjana,30,145,4.833333333333333,77,77,Tidak Ada
383,UNIVERSITAS NEGERI SURABAYA,Akademik,13831121,KECERDASAN ARTIFISIAL,Sarjana,30,92,3.066666666666667,75,75,Tidak Ada
383,UNIVERSITAS NEGERI SURABAYA,Akademik,13831122,ILMU ADMINISTRASI NEGARA (PSDKU MAGETAN),Sarjana,33,212,6.424242424242424,80,80,Tidak Ada
383,UNIVERSITAS NEGERI SURABAYA,Akademik,13831123,AKUNTANSI (KAMPUS KABUPATEN MAGETAN),Sarjana,22,0,0.0,76,76,Tidak Ada
383,UNIVERSITAS NEGERI SURABAYA,Akademik,13831124,KEDOKTERAN GIGI,Sarjana,5,0,0.0,75,75,Tidak Ada
383,UNIVERSITAS NEGERI SURABAYA,Akademik,13831125,BIOTEKNOLOGI,Sarjana,25,0,0.0,75,75,Tidak Ada
383,UNIVERSITAS NEGERI SURABAYA,Akademik,13831126,PENDIDIKAN VOKASIONAL TEKNOLOGI OTOMOTIF,Sarjana,20,0,0.0,75,75,Tidak Ada
383,UNIVERSITAS NEGERI SURABAYA,Akademik,13831127,TEKNIK METALURGI,Sarjana,20,0,0.0,76,76,Tidak Ada
383,UNIVERSITAS NEGERI SURABAYA,Akademik,13831128,TEKNIK PERTAMBANGAN,Sarjana,22,0,0.0,79,79,Tidak Ada
383,UNIVERSITAS NEGERI SURABAYA,Akademik,13831129,SAINS INFORMASI GEOGRAFI,Sarjana,20,0,0.0,79,79,Tidak Ada
383,UNIVERSITAS NEGERI SURABAYA,Akademik,13831130,GEOFISIKA,Sarjana,20,0,0.0,78,78,Tidak Ada
383,UNIVERSITAS NEGERI SURABAYA,Akademik,13832021,MANAJEMEN INFORMATIKA,Sarjana Terapan,75,260,3.466666666666667,81,81,Tidak Ada
383,UNIVERSITAS NEGERI SURABAYA,Akademik,13832022,TEKNIK MESIN,Sarjana Terapan,24,204,8.5,87,87,Tidak Ada
383,UNIVERSITAS NEGERI SURABAYA,Akademik,13832023,TEKNIK SIPIL,Sarjana Terapan,65,326,5.015384615384615,85,85,Tidak Ada
383,UNIVERSITAS NEGERI SURABAYA,Akademik,13832024,TRANSPORTASI,Sarjana Terapan,25,98,3.92,76,76,Tidak Ada
383,UNIVERSITAS NEGERI SURABAYA,Akademik,13832025,KEPELATIHAN OLAHRAGA,Sarjana Terapan,30,71,2.3666666666666667,81,81,Olahraga
383,UNIVERSITAS NEGERI SURABAYA,Akademik,13832026,TEKNIK LISTRIK,Sarjana Terapan,32,169,5.28125,84,84,Tidak Ada
383,UNIVERSITAS NEGERI SURABAYA,Akademik,13832071,DESAIN GRAFIS,Sarjana Terapan,50,181,3.62,76,76,"Seni Rupa, Desain, dan Kriya"
383,UNIVERSITAS NEGERI SURABAYA,Akademik,13832072,ADMINISTRASI NEGARA,Sarjana Terapan,55,408,7.418181818181818,80,80,Tidak Ada
383,UNIVERSITAS NEGERI SURABAYA,Akademik,13832073,TATA BOGA,Sarjana Terapan,60,449,7.483333333333333,86,86,Tidak Ada
383,UNIVERSITAS NEGERI SURABAYA,Akademik,13832074,TATA BUSANA,Sarjana Terapan,55,224,4.072727272727272,81,81,Tidak Ada
383,UNIVERSITAS NEGERI SURABAYA,Akademik,13832107,TEKNOLOGI REKAYASA OTOMOTIF,Sarjana Terapan,40,86,2.15,82,82,Tidak Ada
383,UNIVERSITAS NEGERI SURABAYA,Akademik,13832108,PRODUKSI MEDIA,Sarjana Terapan,40,111,2.775,82,82,Tidak Ada
383,UNIVERSITAS NEGERI SURABAYA,Akademik,13832114,ANALISIS PERFORMA OLAHRAGA,Sarjana Terapan,20,10,0.5,79,79,Olahraga
383,UNIVERSITAS NEGERI SURABAYA,Akademik,13832131,ARSITEKTUR BANGUNAN GEDUNG,Sarjana Terapan,17,0,0.0,75,75,Tidak Ada
383,UNIVERSITAS NEGERI SURABAYA,Akademik,13832132,REKAYASA MULTIMEDIA EDUKASI DIGITAL,Sarjana Terapan,20,0,0.0,76,76,Tidak Ada
384,UNIVERSITAS TRUNOJOYO MADURA,Akademik,13841001,AGROEKOTEKNOLOGI,Sarjana,100,104,1.04,75,75,Tidak Ada
384,UNIVERSITAS TRUNOJOYO MADURA,Akademik,13841002,AGRIBISNIS,Sarjana,100,152,1.52,81,81,Tidak Ada
384,UNIVERSITAS TRUNOJOYO MADURA,Akademik,13841003,TEKNOLOGI INDUSTRI PERTANIAN,Sarjana,100,112,1.12,80,80,Tidak Ada
384,UNIVERSITAS TRUNOJOYO MADURA,Akademik,13841004,ILMU KELAUTAN,Sarjana,100,66,0.66,80,80,Tidak Ada
384,UNIVERSITAS TRUNOJOYO MADURA,Akademik,13841005,TEKNIK INDUSTRI,Sarjana,125,248,1.984,77,77,Tidak Ada
384,UNIVERSITAS TRUNOJOYO MADURA,Akademik,13841006,TEKNIK INFORMATIKA,Sarjana,125,291,2.328,75,75,Tidak Ada
384,UNIVERSITAS TRUNOJOYO MADURA,Akademik,13841007,TEKNIK ELEKTRO,Sarjana,75,99,1.32,76,76,Tidak Ada
384,UNIVERSITAS TRUNOJOYO MADURA,Akademik,13841008,PENDIDIKAN INFORMATIKA,Sarjana,83,120,1.4457831325301205,82,82,Tidak Ada
384,UNIVERSITAS TRUNOJOYO MADURA,Akademik,13841009,PENDIDIKAN ILMU PENGETAHUAN ALAM,Sarjana,100,185,1.85,77,77,Tidak Ada
384,UNIVERSITAS TRUNOJOYO MADURA,Akademik,13841010,MANAJEMEN SUMBERDAYA PERAIRAN,Sarjana,75,35,0.4666666666666667,80,80,Tidak Ada
384,UNIVERSITAS TRUNOJOYO MADURA,Akademik,13841011,TEKNIK MESIN,Sarjana,30,107,3.566666666666667,80,80,Tidak Ada
384,UNIVERSITAS TRUNOJOYO MADURA,Akademik,13841012,TEKNIK MEKATRONIKA,Sarjana,50,38,0.76,79,79,Tidak Ada
384,UNIVERSITAS TRUNOJOYO MADURA,Akademik,13841013,SISTEM INFORMASI,Sarjana,100,163,1.63,79,79,Tidak Ada
384,UNIVERSITAS TRUNOJOYO MADURA,Akademik,13841014,ILMU HUKUM,Sarjana,223,320,1.4349775784753362,78,78,Tidak Ada
384,UNIVERSITAS TRUNOJOYO MADURA,Akademik,13841015,SASTRA INGGRIS,Sarjana,100,123,1.23,76,76,Tidak Ada
384,UNIVERSITAS TRUNOJOYO MADURA,Akademik,13841016,SOSIOLOGI,Sarjana,125,109,0.872,82,82,Tidak Ada
384,UNIVERSITAS TRUNOJOYO MADURA,Akademik,13841017,ILMU KOMUNIKASI,Sarjana,125,269,2.152,76,76,Tidak Ada
384,UNIVERSITAS TRUNOJOYO MADURA,Akademik,13841018,MANAJEMEN,Sarjana,175,538,3.0742857142857143,79,79,Tidak Ada
384,UNIVERSITAS TRUNOJOYO MADURA,Akademik,13841019,AKUNTANSI,Sarjana,175,368,2.1028571428571428,75,75,Tidak Ada
384,UNIVERSITAS TRUNOJOYO MADURA,Akademik,13841020,EKONOMI PEMBANGUNAN,Sarjana,125,158,1.264,80,80,Tidak Ada
384,UNIVERSITAS TRUNOJOYO MADURA,Akademik,13841021,PSIKOLOGI,Sarjana,108,290,2.685185185185185,77,77,Tidak Ada
384,UNIVERSITAS TRUNOJOYO MADURA,Akademik,13841022,PGSD,Sarjana,125,649,5.192,84,84,Tidak Ada
384,UNIVERSITAS TRUNOJOYO MADURA,Akademik,13841023,HUKUM BISNIS SYARIAH,Sarjana,100,66,0.66,79,79,Tidak Ada
384,UNIVERSITAS TRUNOJOYO MADURA,Akademik,13841024,EKONOMI SYARIAH,Sarjana,175,133,0.76,76,76,Tidak Ada
384,UNIVERSITAS TRUNOJOYO MADURA,Akademik,13841025,PENDIDIKAN BAHASA DAN SASTRA INDONESIA,Sarjana,100,276,2.76,79,79,Tidak Ada
384,UNIVERSITAS TRUNOJOYO MADURA,Akademik,13841026,PENDIDIKAN GURU ANAK USIA DINI,Sarjana,100,91,0.91,76,76,Tidak Ada
384,UNIVERSITAS TRUNOJOYO MADURA,Akademik,13841032,TEKNOLOGI PANGAN,Sarjana,25,0,0.0,76,76,Tidak Ada
384,UNIVERSITAS TRUNOJOYO MADURA,Akademik,13843028,AKUNTANSI,Diploma Tiga,25,6,0.24,79,79,Tidak Ada
384,UNIVERSITAS TRUNOJOYO MADURA,Akademik,13843029,ENTERPRENEURSHIP,Diploma Tiga,25,8,0.32,82,82,Tidak Ada
385,"UPN ""VETERAN"" JAWA TIMUR",Akademik,13851001,AGRIBISNIS,Sarjana,86,510,5.930232558139535,84,84,Tidak Ada
385,"UPN ""VETERAN"" JAWA TIMUR",Akademik,13851002,AGROTEKNOLOGI,Sarjana,87,549,6.310344827586207,80,80,Tidak Ada
385,"UPN ""VETERAN"" JAWA TIMUR",Akademik,13851003,TEKNIK KIMIA,Sarjana,90,487,5.411111111111111,81,81,Tidak Ada
385,"UPN ""VETERAN"" JAWA TIMUR",Akademik,13851004,TEKNIK INDUSTRI,Sarjana,90,973,10.811111111111112,86,86,Tidak Ada
385,"UPN ""VETERAN"" JAWA TIMUR",Akademik,13851005,TEKNOLOGI PANGAN,Sarjana,59,617,10.457627118644067,86,86,Tidak Ada
385,"UPN ""VETERAN"" JAWA TIMUR",Akademik,13851006,INFORMATIKA,Sarjana,105,598,5.695238095238095,86,86,Tidak Ada
385,"UPN ""VETERAN"" JAWA TIMUR",Akademik,13851007,SISTEM INFORMASI,Sarjana,90,636,7.066666666666666,83,83,Tidak Ada
385,"UPN ""VETERAN"" JAWA TIMUR",Akademik,13851008,ARSITEKTUR,Sarjana,56,378,6.75,84,84,Tidak Ada
385,"UPN ""VETERAN"" JAWA TIMUR",Akademik,13851009,TEKNIK LINGKUNGAN,Sarjana,60,622,10.366666666666667,90,90,Tidak Ada
385,"UPN ""VETERAN"" JAWA TIMUR",Akademik,13851010,TEKNIK SIPIL,Sarjana,60,578,9.633333333333333,87,87,Tidak Ada
385,"UPN ""VETERAN"" JAWA TIMUR",Akademik,13851011,DESAIN KOMUNIKASI VISUAL,Sarjana,56,299,5.339285714285714,85,85,"Seni Rupa, Desain, dan Kriya"
385,"UPN ""VETERAN"" JAWA TIMUR",Akademik,13851012,SAINS DATA,Sarjana,45,378,8.4,83,83,Tidak Ada
385,"UPN ""VETERAN"" JAWA TIMUR",Akademik,13851013,TEKNIK MESIN,Sarjana,45,408,9.066666666666666,86,86,Tidak Ada
385,"UPN ""VETERAN"" JAWA TIMUR",Akademik,13851014,EKONOMI PEMBANGUNAN,Sarjana,90,565,6.277777777777778,80,80,Tidak Ada
385,"UPN ""VETERAN"" JAWA TIMUR",Akademik,13851015,MANAJEMEN,Sarjana,165,1334,8.084848484848484,83,83,Tidak Ada
385,"UPN ""VETERAN"" JAWA TIMUR",Akademik,13851016,AKUNTANSI,Sarjana,134,1036,7.731343283582089,81,81,Tidak Ada
385,"UPN ""VETERAN"" JAWA TIMUR",Akademik,13851017,ADMINISTRASI PUBLIK,Sarjana,105,920,8.761904761904763,80,80,Tidak Ada
385,"UPN ""VETERAN"" JAWA TIMUR",Akademik,13851018,ADMINISTRASI BISNIS,Sarjana,105,1141,10.866666666666667,85,85,Tidak Ada
385,"UPN ""VETERAN"" JAWA TIMUR",Akademik,13851019,ILMU KOMUNIKASI,Sarjana,120,954,7.95,84,84,Tidak Ada
385,"UPN ""VETERAN"" JAWA TIMUR",Akademik,13851020,HUBUNGAN INTERNASIONAL,Sarjana,54,317,5.87037037037037,87,87,Tidak Ada
385,"UPN ""VETERAN"" JAWA TIMUR",Akademik,13851021,HUKUM,Sarjana,119,660,5.546218487394958,82,82,Tidak Ada
385,"UPN ""VETERAN"" JAWA TIMUR",Akademik,13851022,PARIWISATA,Sarjana,45,475,10.555555555555555,87,87,Tidak Ada
385,"UPN ""VETERAN"" JAWA TIMUR",Akademik,13851023,KEWIRAUSAHAAN,Sarjana,39,342,8.76923076923077,84,84,Tidak Ada
385,"UPN ""VETERAN"" JAWA TIMUR",Akademik,13851024,FISIKA,Sarjana,24,58,2.4166666666666665,75,75,Tidak Ada
385,"UPN ""VETERAN"" JAWA TIMUR",Akademik,13851025,DESAIN INTERIOR,Sarjana,27,109,4.037037037037037,81,81,"Seni Rupa, Desain, dan Kriya"
385,"UPN ""VETERAN"" JAWA TIMUR",Akademik,13851026,LINGUISTIK INDONESIA,Sarjana,18,92,5.111111111111111,87,87,Tidak Ada
385,"UPN ""VETERAN"" JAWA TIMUR",Akademik,13851027,BISNIS DIGITAL,Sarjana,24,447,18.625,86,86,Tidak Ada
385,"UPN ""VETERAN"" JAWA TIMUR",Akademik,13851029,KEDOKTERAN,Sarjana,30,396,13.2,85,85,Tidak Ada
385,"UPN ""VETERAN"" JAWA TIMUR",Akademik,13852028,BAHASA INGGRIS UNTUK KOMUNIKASI BISNIS DAN PROFESIONAL,Sarjana Terapan,18,138,7.666666666666667,87,87,Tidak Ada
511,UNIVERSITAS TANJUNGPURA,Akademik,15111001,AGRIBISNIS,Sarjana,30,319,10.633333333333333,87,87,Tidak Ada
511,UNIVERSITAS TANJUNGPURA,Akademik,15111002,TEKNIK SIPIL,Sarjana,32,381,11.90625,90,90,Tidak Ada
511,UNIVERSITAS TANJUNGPURA,Akademik,15111003,TEKNIK ELEKTRO,Sarjana,30,144,4.8,75,75,Tidak Ada
511,UNIVERSITAS TANJUNGPURA,Akademik,15111004,ARSITEKTUR,Sarjana,25,170,6.8,87,87,Tidak Ada
511,UNIVERSITAS TANJUNGPURA,Akademik,15111005,TEKNIK INFORMATIKA,Sarjana,48,799,16.645833333333332,89,89,Tidak Ada
511,UNIVERSITAS TANJUNGPURA,Akademik,15111006,TEKNIK INDUSTRI,Sarjana,20,325,16.25,86,86,Tidak Ada
511,UNIVERSITAS TANJUNGPURA,Akademik,15111007,TEKNIK LINGKUNGAN,Sarjana,18,139,7.722222222222222,84,84,Tidak Ada
511,UNIVERSITAS TANJUNGPURA,Akademik,15111008,PEND. MATEMATIKA,Sarjana,24,255,10.625,86,86,Tidak Ada
511,UNIVERSITAS TANJUNGPURA,Akademik,15111009,PEND. BIOLOGI,Sarjana,24,196,8.166666666666666,81,81,Tidak Ada
511,UNIVERSITAS TANJUNGPURA,Akademik,15111010,PEND. FISIKA,Sarjana,24,76,3.1666666666666665,76,76,Tidak Ada
511,UNIVERSITAS TANJUNGPURA,Akademik,15111011,PEND. KIMIA,Sarjana,20,89,4.45,75,75,Tidak Ada
511,UNIVERSITAS TANJUNGPURA,Akademik,15111012,MATEMATIKA,Sarjana,35,66,1.8857142857142857,77,77,Tidak Ada
511,UNIVERSITAS TANJUNGPURA,Akademik,15111013,FISIKA,Sarjana,16,24,1.5,76,76,Tidak Ada
511,UNIVERSITAS TANJUNGPURA,Akademik,15111014,KIMIA,Sarjana,48,94,1.9583333333333333,80,80,Tidak Ada
511,UNIVERSITAS TANJUNGPURA,Akademik,15111015,BIOLOGI,Sarjana,40,92,2.3,80,80,Tidak Ada
511,UNIVERSITAS TANJUNGPURA,Akademik,15111016,KEDOKTERAN,Sarjana,24,680,28.333333333333332,92,92,Tidak Ada
511,UNIVERSITAS TANJUNGPURA,Akademik,15111017,FARMASI,Sarjana,40,1127,28.175,93,93,Tidak Ada
511,UNIVERSITAS TANJUNGPURA,Akademik,15111018,SISTEM KOMPUTER,Sarjana,36,289,8.027777777777779,83,83,Tidak Ada
511,UNIVERSITAS TANJUNGPURA,Akademik,15111019,AGROTEKNOLOGI,Sarjana,60,375,6.25,83,83,Tidak Ada
511,UNIVERSITAS TANJUNGPURA,Akademik,15111020,KEHUTANAN,Sarjana,156,422,2.7051282051282053,75,75,Tidak Ada
511,UNIVERSITAS TANJUNGPURA,Akademik,15111021,KEPERAWATAN,Sarjana,27,870,32.22222222222222,92,92,Tidak Ada
511,UNIVERSITAS TANJUNGPURA,Akademik,15111022,GEOFISIKA,Sarjana,32,58,1.8125,76,76,Tidak Ada
511,UNIVERSITAS TANJUNGPURA,Akademik,15111023,ILMU KELAUTAN,Sarjana,28,55,1.9642857142857142,77,77,Tidak Ada
511,UNIVERSITAS TANJUNGPURA,Akademik,15111024,PERENCANAAN WILAYAH DAN KOTA,Sarjana,18,95,5.277777777777778,81,81,Tidak Ada
511,UNIVERSITAS TANJUNGPURA,Akademik,15111025,ILMU DAN TEKNOLOGI PANGAN,Sarjana,20,198,9.9,87,87,Tidak Ada
511,UNIVERSITAS TANJUNGPURA,Akademik,15111026,TEKNIK PERTAMBANGAN,Sarjana,20,391,19.55,87,87,Tidak Ada
511,UNIVERSITAS TANJUNGPURA,Akademik,15111027,PETERNAKAN,Sarjana,12,38,3.1666666666666665,81,81,Tidak Ada
511,UNIVERSITAS TANJUNGPURA,Akademik,15111028,STATISTIK,Sarjana,35,124,3.5428571428571427,76,76,Tidak Ada
511,UNIVERSITAS TANJUNGPURA,Akademik,15111029,TEKNIK KELAUTAN,Sarjana,28,44,1.5714285714285714,75,75,Tidak Ada
511,UNIVERSITAS TANJUNGPURA,Akademik,15111030,TEKNIK KIMIA,Sarjana,18,78,4.333333333333333,79,79,Tidak Ada
511,UNIVERSITAS TANJUNGPURA,Akademik,15111031,TEKNIK MESIN,Sarjana,18,129,7.166666666666667,87,87,Tidak Ada
511,UNIVERSITAS TANJUNGPURA,Akademik,15111032,ILMU TANAH,Sarjana,24,70,2.9166666666666665,79,79,Tidak Ada
511,UNIVERSITAS TANJUNGPURA,Akademik,15111033,SISTEM INFORMASI,Sarjana,35,378,10.8,90,90,Tidak Ada
511,UNIVERSITAS TANJUNGPURA,Akademik,15111034,MANAJEMEN SUMBER DAYA PERAIRAN,Sarjana,12,32,2.6666666666666665,79,79,Tidak Ada
511,UNIVERSITAS TANJUNGPURA,Akademik,15111035,ILMU HUKUM,Sarjana,114,886,7.771929824561403,84,84,Tidak Ada
511,UNIVERSITAS TANJUNGPURA,Akademik,15111036,EKONOMI PEMBANGUAN,Sarjana,54,233,4.314814814814815,78,78,Tidak Ada
511,UNIVERSITAS TANJUNGPURA,Akademik,15111037,MANAJEMEN,Sarjana,67,1470,21.940298507462686,89,89,Tidak Ada
511,UNIVERSITAS TANJUNGPURA,Akademik,15111038,AKUNTANSI,Sarjana,65,1104,16.984615384615385,89,89,Tidak Ada
511,UNIVERSITAS TANJUNGPURA,Akademik,15111039,ADMINISTRASI PUBLIK,Sarjana,28,555,19.821428571428573,87,87,Tidak Ada
511,UNIVERSITAS TANJUNGPURA,Akademik,15111040,PEMBANGUNAN SOSIAL,Sarjana,25,59,2.36,82,82,Tidak Ada
511,UNIVERSITAS TANJUNGPURA,Akademik,15111041,PEND. BAHASA INGGRIS,Sarjana,30,505,16.833333333333332,86,86,Tidak Ada
511,UNIVERSITAS TANJUNGPURA,Akademik,15111042,PENDIDIKAN BAHASA INDONESIA,Sarjana,30,444,14.8,85,85,Tidak Ada
511,UNIVERSITAS TANJUNGPURA,Akademik,15111043,PEND. EKONOMI,Sarjana,26,133,5.115384615384615,83,83,Tidak Ada
511,UNIVERSITAS TANJUNGPURA,Akademik,15111044,PEND. SOSIOLOGI,Sarjana,20,200,10.0,86,86,Tidak Ada
511,UNIVERSITAS TANJUNGPURA,Akademik,15111045,PEND. GURU PEND. ANAK USIA DINI (PGPAUD),Sarjana,15,163,10.866666666666667,88,88,Tidak Ada
511,UNIVERSITAS TANJUNGPURA,Akademik,15111046,PENDIDIKAN JASMANI,Sarjana,33,130,3.9393939393939394,76,76,Olahraga
511,UNIVERSITAS TANJUNGPURA,Akademik,15111047,PENDIDIKAN SENI PERTUNJUKAN,Sarjana,30,72,2.4,81,81,Sendratasik
511,UNIVERSITAS TANJUNGPURA,Akademik,15111048,ILMU POLITIK,Sarjana,26,94,3.6153846153846154,79,79,Tidak Ada
511,UNIVERSITAS TANJUNGPURA,Akademik,15111049,SOSIOLOGI,Sarjana,26,100,3.8461538461538463,77,77,Tidak Ada
511,UNIVERSITAS TANJUNGPURA,Akademik,15111050,PEND. BAHASA MANDARIN,Sarjana,20,130,6.5,86,86,Tidak Ada
511,UNIVERSITAS TANJUNGPURA,Akademik,15111051,MANAJEMEN  (KELAS INTERNASIONAL),Sarjana,10,82,8.2,85,85,Tidak Ada
511,UNIVERSITAS TANJUNGPURA,Akademik,15111052,PEND. GURU SEKOLAH DASAR (PGSD),Sarjana,40,1478,36.95,95,95,Tidak Ada
511,UNIVERSITAS TANJUNGPURA,Akademik,15111053,BIMBINGAN DAN KONSELING,Sarjana,20,216,10.8,89,89,Tidak Ada
511,UNIVERSITAS TANJUNGPURA,Akademik,15111054,AKUNTANSI (KELAS INTERNASIONAL),Sarjana,10,47,4.7,75,75,Tidak Ada
511,UNIVERSITAS TANJUNGPURA,Akademik,15111055,ILMU KOMUNIKASI,Sarjana,22,445,20.227272727272727,88,88,Tidak Ada
511,UNIVERSITAS TANJUNGPURA,Akademik,15111056,ILMU PEMERINTAHAN,Sarjana,28,303,10.821428571428571,89,89,Tidak Ada
511,UNIVERSITAS TANJUNGPURA,Akademik,15111057,EKONOMI ISLAM,Sarjana,20,72,3.6,82,82,Tidak Ada
511,UNIVERSITAS TANJUNGPURA,Akademik,15111058,PENDIDIKAN PANCASILA DAN KEWARGANEGARAAN,Sarjana,10,112,11.2,87,87,Tidak Ada
511,UNIVERSITAS TANJUNGPURA,Akademik,15111059,PENDIDIKAN SEJARAH,Sarjana,20,183,9.15,86,86,Tidak Ada
511,UNIVERSITAS TANJUNGPURA,Akademik,15111060,PENDIDIKAN GEOGRAFI,Sarjana,10,92,9.2,86,86,Tidak Ada
511,UNIVERSITAS TANJUNGPURA,Akademik,15111061,PENDIDIKAN KEPELATIHAN OLAHRAGA,Sarjana,18,39,2.1666666666666665,80,80,Olahraga
511,UNIVERSITAS TANJUNGPURA,Akademik,15111062,PENDIDIKAN ILMU PENGETAHUAN SOSIAL,Sarjana,10,88,8.8,84,84,Tidak Ada
511,UNIVERSITAS TANJUNGPURA,Akademik,15111063,ILMU HUBUNGAN INTERNASIONAL,Sarjana,30,194,6.466666666666667,84,84,Tidak Ada
511,UNIVERSITAS TANJUNGPURA,Akademik,15111064,ANTROPOLOGI SOSIAL,Sarjana,22,76,3.4545454545454546,77,77,Tidak Ada
511,UNIVERSITAS TANJUNGPURA,Akademik,15113065,BUDIDAYA TANAMAN PERKEBUNAN,Diploma Tiga,15,27,1.8,80,80,Tidak Ada
511,UNIVERSITAS TANJUNGPURA,Akademik,15113066,KEARSIPAN,Diploma Tiga,20,44,2.2,80,80,Tidak Ada
511,UNIVERSITAS TANJUNGPURA,Akademik,15113067,PERPUSTAKAAN,Diploma Tiga,10,30,3.0,78,78,Tidak Ada
511,UNIVERSITAS TANJUNGPURA,Akademik,15113068,KESEKRETARIATAN,Diploma Tiga,20,25,1.25,79,79,Tidak Ada
511,UNIVERSITAS TANJUNGPURA,Akademik,15113069,ADMINISTRASI PERKANTORAN,Diploma Tiga,19,98,5.157894736842105,81,81,Tidak Ada
521,UNIVERSITAS PALANGKARAYA,Akademik,15211001,ILMU SOSIAL EKONOMI PERTANIAN (AGRIBISNIS),Sarjana,48,177,3.6875,76,76,Tidak Ada
521,UNIVERSITAS PALANGKARAYA,Akademik,15211002,MANAJEMEN SUMBERDAYA PERAIRAN,Sarjana,20,11,0.55,77,77,Tidak Ada
521,UNIVERSITAS PALANGKARAYA,Akademik,15211003,BUDIDAYA PERAIRAN,Sarjana,18,17,0.9444444444444444,75,75,Tidak Ada
521,UNIVERSITAS PALANGKARAYA,Akademik,15211004,TEKNIK SIPIL,Sarjana,48,254,5.291666666666667,80,80,Tidak Ada
521,UNIVERSITAS PALANGKARAYA,Akademik,15211005,ARSITEKTUR,Sarjana,29,81,2.793103448275862,78,78,Tidak Ada
521,UNIVERSITAS PALANGKARAYA,Akademik,15211006,TEKNIK INFORMATIKA,Sarjana,30,552,18.4,87,87,Tidak Ada
521,UNIVERSITAS PALANGKARAYA,Akademik,15211007,PEND. MATEMATIKA,Sarjana,30,69,2.3,79,79,Tidak Ada
521,UNIVERSITAS PALANGKARAYA,Akademik,15211008,PEND. FISIKA,Sarjana,18,22,1.2222222222222223,75,75,Tidak Ada
521,UNIVERSITAS PALANGKARAYA,Akademik,15211009,PEND. KIMIA,Sarjana,16,14,0.875,81,81,Tidak Ada
521,UNIVERSITAS PALANGKARAYA,Akademik,15211010,PEND. BIOLOGI,Sarjana,23,60,2.608695652173913,81,81,Tidak Ada
521,UNIVERSITAS PALANGKARAYA,Akademik,15211011,PEND. TEKNIK MESIN,Sarjana,18,56,3.111111111111111,78,78,Tidak Ada
521,UNIVERSITAS PALANGKARAYA,Akademik,15211012,TEKNIK PERTAMBANGAN,Sarjana,30,404,13.466666666666667,85,85,Tidak Ada
521,UNIVERSITAS PALANGKARAYA,Akademik,15211013,AGROTEKNOLOGI,Sarjana,48,178,3.7083333333333335,81,81,Tidak Ada
521,UNIVERSITAS PALANGKARAYA,Akademik,15211014,KEHUTANAN,Sarjana,48,145,3.0208333333333335,77,77,Tidak Ada
521,UNIVERSITAS PALANGKARAYA,Akademik,15211015,TEKNOLOGI HASIL PERIKANAN,Sarjana,12,16,1.3333333333333333,79,79,Tidak Ada
521,UNIVERSITAS PALANGKARAYA,Akademik,15211016,PETERNAKAN,Sarjana,15,34,2.2666666666666666,75,75,Tidak Ada
521,UNIVERSITAS PALANGKARAYA,Akademik,15211017,PENDIDIKAN TEKNIK BANGUNAN,Sarjana,16,9,0.5625,76,76,Tidak Ada
521,UNIVERSITAS PALANGKARAYA,Akademik,15211018,KEDOKTERAN,Sarjana,35,504,14.4,85,85,Tidak Ada
521,UNIVERSITAS PALANGKARAYA,Akademik,15211019,TEKNOLOGI INDUSTRI PERTANIAN,Sarjana,20,87,4.35,81,81,Tidak Ada
521,UNIVERSITAS PALANGKARAYA,Akademik,15211020,FISIKA,Sarjana,12,17,1.4166666666666667,77,77,Tidak Ada
521,UNIVERSITAS PALANGKARAYA,Akademik,15211021,KIMIA,Sarjana,18,23,1.2777777777777777,77,77,Tidak Ada
521,UNIVERSITAS PALANGKARAYA,Akademik,15211022,BIOLOGI,Sarjana,24,35,1.4583333333333333,80,80,Tidak Ada
521,UNIVERSITAS PALANGKARAYA,Akademik,15211023,PEND. PANCASILA & KEWARGANEGARAAN (PPKN),Sarjana,23,68,2.9565217391304346,81,81,Tidak Ada
521,UNIVERSITAS PALANGKARAYA,Akademik,15211024,PEND. EKONOMI,Sarjana,23,63,2.739130434782609,78,78,Tidak Ada
521,UNIVERSITAS PALANGKARAYA,Akademik,15211025,PEND. BAHASA INGGRIS,Sarjana,41,175,4.2682926829268295,78,78,Tidak Ada
521,UNIVERSITAS PALANGKARAYA,Akademik,15211026,PENDIDIKAN BAHASA DAN SASTRA INDONESIA,Sarjana,24,144,6.0,86,86,Tidak Ada
521,UNIVERSITAS PALANGKARAYA,Akademik,15211027,PEND. GURU SEKOLAH DASAR (PGSD),Sarjana,51,554,10.862745098039216,85,85,Tidak Ada
521,UNIVERSITAS PALANGKARAYA,Akademik,15211028,"PEND. JASMANI, KESEHATAN DAN REKREASI",Sarjana,26,63,2.423076923076923,79,79,Olahraga
521,UNIVERSITAS PALANGKARAYA,Akademik,15211029,PEND. GURU PEND ANAK USIA DINI (PG PAUD),Sarjana,18,74,4.111111111111111,76,76,Tidak Ada
521,UNIVERSITAS PALANGKARAYA,Akademik,15211030,PEND. LUAR SEKOLAH,Sarjana,12,8,0.6666666666666666,82,82,Tidak Ada
521,UNIVERSITAS PALANGKARAYA,Akademik,15211031,BIMBINGAN DAN KONSELING,Sarjana,17,125,7.352941176470588,83,83,Tidak Ada
521,UNIVERSITAS PALANGKARAYA,Akademik,15211032,EKONOMI PEMBANGUNAN,Sarjana,50,108,2.16,79,79,Tidak Ada
521,UNIVERSITAS PALANGKARAYA,Akademik,15211033,MANAJEMEN,Sarjana,90,758,8.422222222222222,81,81,Tidak Ada
521,UNIVERSITAS PALANGKARAYA,Akademik,15211034,AKUNTANSI,Sarjana,80,542,6.775,87,87,Tidak Ada
521,UNIVERSITAS PALANGKARAYA,Akademik,15211035,SOSIOLOGI,Sarjana,60,102,1.7,76,76,Tidak Ada
521,UNIVERSITAS PALANGKARAYA,Akademik,15211036,ILMU ADMINISTRASI NEGARA,Sarjana,45,424,9.422222222222222,85,85,Tidak Ada
521,UNIVERSITAS PALANGKARAYA,Akademik,15211037,ILMU HUKUM,Sarjana,105,448,4.266666666666667,76,76,Tidak Ada
521,UNIVERSITAS PALANGKARAYA,Akademik,15211038,TEKNOLOGI PENDIDIKAN,Sarjana,15,44,2.933333333333333,80,80,Tidak Ada
521,UNIVERSITAS PALANGKARAYA,Akademik,15211039,MANAJEMEN PENDIDIKAN,Sarjana,18,49,2.7222222222222223,77,77,Tidak Ada
521,UNIVERSITAS PALANGKARAYA,Akademik,15211040,ILMU PEMERINTAHAN,Sarjana,45,280,6.222222222222222,81,81,Tidak Ada
521,UNIVERSITAS PALANGKARAYA,Akademik,15211041,PENDIDIKAN SENI DRAMA TARI DAN MUSIK,Sarjana,15,28,1.8666666666666667,82,82,Sendratasik
521,UNIVERSITAS PALANGKARAYA,Akademik,15211042,MATEMATIKA,Sarjana,12,22,1.8333333333333333,78,78,Tidak Ada
521,UNIVERSITAS PALANGKARAYA,Akademik,15211044,FARMASI,Sarjana,21,466,22.19047619047619,95,95,Tidak Ada
521,UNIVERSITAS PALANGKARAYA,Akademik,15212043,TEKNOLOGI LABORATORIUM MEDIS,Sarjana Terapan,15,123,8.2,80,80,Tidak Ada
531,UNIVERSITAS LAMBUNG MANGKURAT,Akademik,15311001,PENDIDIKAN MATEMATIKA,Sarjana,21,130,6.190476190476191,81,81,Tidak Ada
531,UNIVERSITAS LAMBUNG MANGKURAT,Akademik,15311002,PENDIDIKAN BIOLOGI,Sarjana,21,75,3.5714285714285716,82,82,Tidak Ada
531,UNIVERSITAS LAMBUNG MANGKURAT,Akademik,15311003,PENDIDIKAN KIMIA,Sarjana,18,32,1.7777777777777777,80,80,Tidak Ada
531,UNIVERSITAS LAMBUNG MANGKURAT,Akademik,15311004,AGROEKOTEKNOLOGI,Sarjana,40,129,3.225,82,82,Tidak Ada
531,UNIVERSITAS LAMBUNG MANGKURAT,Akademik,15311005,AGRIBISNIS,Sarjana,30,175,5.833333333333333,81,81,Tidak Ada
531,UNIVERSITAS LAMBUNG MANGKURAT,Akademik,15311006,PETERNAKAN,Sarjana,19,74,3.8947368421052633,75,75,Tidak Ada
531,UNIVERSITAS LAMBUNG MANGKURAT,Akademik,15311007,TEKNOLOGI INDUSTRI PERTANIAN,Sarjana,17,126,7.411764705882353,86,86,Tidak Ada
531,UNIVERSITAS LAMBUNG MANGKURAT,Akademik,15311008,TEKNOLOGI HASIL PERIKANAN,Sarjana,15,24,1.6,78,78,Tidak Ada
531,UNIVERSITAS LAMBUNG MANGKURAT,Akademik,15311009,AKUAKULTUR,Sarjana,15,25,1.6666666666666667,76,76,Tidak Ada
531,UNIVERSITAS LAMBUNG MANGKURAT,Akademik,15311010,PERIKANAN TANGKAP,Sarjana,15,25,1.6666666666666667,80,80,Tidak Ada
531,UNIVERSITAS LAMBUNG MANGKURAT,Akademik,15311011,MANAJEMEN SUMBER DAYA PERAIRAN,Sarjana,20,24,1.2,76,76,Tidak Ada
531,UNIVERSITAS LAMBUNG MANGKURAT,Akademik,15311012,SOSIAL EKONOMI PERIKANAN,Sarjana,15,12,0.8,77,77,Tidak Ada
531,UNIVERSITAS LAMBUNG MANGKURAT,Akademik,15311013,ILMU KELAUTAN,Sarjana,15,33,2.2,81,81,Tidak Ada
531,UNIVERSITAS LAMBUNG MANGKURAT,Akademik,15311014,TEKNIK SIPIL,Sarjana,70,469,6.7,85,85,Tidak Ada
531,UNIVERSITAS LAMBUNG MANGKURAT,Akademik,15311015,ARSITEKTUR,Sarjana,28,165,5.892857142857143,81,81,Tidak Ada
531,UNIVERSITAS LAMBUNG MANGKURAT,Akademik,15311016,TEKNIK PERTAMBANGAN,Sarjana,28,536,19.142857142857142,85,85,Tidak Ada
531,UNIVERSITAS LAMBUNG MANGKURAT,Akademik,15311017,TEKNIK KIMIA,Sarjana,32,123,3.84375,81,81,Tidak Ada
531,UNIVERSITAS LAMBUNG MANGKURAT,Akademik,15311018,TEKNIK LINGKUNGAN,Sarjana,28,249,8.892857142857142,80,80,Tidak Ada
531,UNIVERSITAS LAMBUNG MANGKURAT,Akademik,15311019,TEKNIK MESIN,Sarjana,33,131,3.9696969696969697,75,75,Tidak Ada
531,UNIVERSITAS LAMBUNG MANGKURAT,Akademik,15311020,KEDOKTERAN,Sarjana,30,743,24.766666666666666,88,88,Tidak Ada
531,UNIVERSITAS LAMBUNG MANGKURAT,Akademik,15311021,KESEHATAN MASYARAKAT,Sarjana,25,698,27.92,91,91,Tidak Ada
531,UNIVERSITAS LAMBUNG MANGKURAT,Akademik,15311022,MATEMATIKA,Sarjana,15,52,3.466666666666667,77,77,Tidak Ada
531,UNIVERSITAS LAMBUNG MANGKURAT,Akademik,15311023,KIMIA,Sarjana,15,54,3.6,76,76,Tidak Ada
531,UNIVERSITAS LAMBUNG MANGKURAT,Akademik,15311024,BIOLOGI,Sarjana,15,36,2.4,76,76,Tidak Ada
531,UNIVERSITAS LAMBUNG MANGKURAT,Akademik,15311025,FISIKA,Sarjana,13,27,2.076923076923077,76,76,Tidak Ada
531,UNIVERSITAS LAMBUNG MANGKURAT,Akademik,15311026,FARMASI,Sarjana,18,586,32.55555555555556,92,92,Tidak Ada
531,UNIVERSITAS LAMBUNG MANGKURAT,Akademik,15311027,ILMU KOMPUTER,Sarjana,14,431,30.785714285714285,89,89,Tidak Ada
531,UNIVERSITAS LAMBUNG MANGKURAT,Akademik,15311028,KEHUTANAN,Sarjana,60,221,3.683333333333333,79,79,Tidak Ada
531,UNIVERSITAS LAMBUNG MANGKURAT,Akademik,15311029,PENDIDIKAN FISIKA,Sarjana,18,25,1.3888888888888888,78,78,Tidak Ada
531,UNIVERSITAS LAMBUNG MANGKURAT,Akademik,15311030,KEPERAWATAN,Sarjana,24,670,27.916666666666668,89,89,Tidak Ada
531,UNIVERSITAS LAMBUNG MANGKURAT,Akademik,15311032,ILMU TANAH,Sarjana,19,42,2.210526315789474,77,77,Tidak Ada
531,UNIVERSITAS LAMBUNG MANGKURAT,Akademik,15311033,PROTEKSI TANAMAN,Sarjana,20,46,2.3,76,76,Tidak Ada
531,UNIVERSITAS LAMBUNG MANGKURAT,Akademik,15311034,AGRONOMI,Sarjana,19,54,2.8421052631578947,75,75,Tidak Ada
531,UNIVERSITAS LAMBUNG MANGKURAT,Akademik,15311035,KEDOKTERAN GIGI,Sarjana,30,328,10.933333333333334,90,90,Tidak Ada
531,UNIVERSITAS LAMBUNG MANGKURAT,Akademik,15311036,PENDIDIKAN KOMPUTER,Sarjana,15,77,5.133333333333334,81,81,Tidak Ada
531,UNIVERSITAS LAMBUNG MANGKURAT,Akademik,15311037,PENDIDIKAN IPA,Sarjana,20,59,2.95,79,79,Tidak Ada
531,UNIVERSITAS LAMBUNG MANGKURAT,Akademik,15311038,TEKNOLOGI INFORMASI,Sarjana,28,482,17.214285714285715,86,86,Tidak Ada
531,UNIVERSITAS LAMBUNG MANGKURAT,Akademik,15311039,STATISTIKA,Sarjana,15,94,6.266666666666667,84,84,Tidak Ada
531,UNIVERSITAS LAMBUNG MANGKURAT,Akademik,15311040,GEOGRAFI,Sarjana,24,55,2.2916666666666665,81,81,Tidak Ada
531,UNIVERSITAS LAMBUNG MANGKURAT,Akademik,15311041,PENDIDIKAN SEJARAH,Sarjana,14,62,4.428571428571429,76,76,Tidak Ada
531,UNIVERSITAS LAMBUNG MANGKURAT,Akademik,15311042,PENDIDIKAN PANCASILA DAN KEWARGANEGARAAN,Sarjana,22,86,3.909090909090909,76,76,Tidak Ada
531,UNIVERSITAS LAMBUNG MANGKURAT,Akademik,15311043,PENDIDIKAN EKONOMI,Sarjana,17,85,5.0,81,81,Tidak Ada
531,UNIVERSITAS LAMBUNG MANGKURAT,Akademik,15311044,PENDIDIKAN BAHASA DAN SASTRA INDONESIA,Sarjana,17,142,8.352941176470589,87,87,Tidak Ada
531,UNIVERSITAS LAMBUNG MANGKURAT,Akademik,15311045,PENDIDIKAN BAHASA INGGRIS,Sarjana,27,204,7.555555555555555,86,86,Tidak Ada
531,UNIVERSITAS LAMBUNG MANGKURAT,Akademik,15311046,HUKUM,Sarjana,76,662,8.710526315789474,82,82,Tidak Ada
531,UNIVERSITAS LAMBUNG MANGKURAT,Akademik,15311047,EKONOMI PEMBANGUNAN,Sarjana,48,141,2.9375,78,78,Tidak Ada
531,UNIVERSITAS LAMBUNG MANGKURAT,Akademik,15311048,MANAJEMEN,Sarjana,60,1009,16.816666666666666,89,89,Tidak Ada
531,UNIVERSITAS LAMBUNG MANGKURAT,Akademik,15311049,AKUNTANSI,Sarjana,60,716,11.933333333333334,90,90,Tidak Ada
531,UNIVERSITAS LAMBUNG MANGKURAT,Akademik,15311050,ADMINISTRASI PUBLIK,Sarjana,30,510,17.0,85,85,Tidak Ada
531,UNIVERSITAS LAMBUNG MANGKURAT,Akademik,15311051,ADMINISTRASI BISNIS,Sarjana,30,699,23.3,92,92,Tidak Ada
531,UNIVERSITAS LAMBUNG MANGKURAT,Akademik,15311052,ILMU PEMERINTAHAN,Sarjana,30,261,8.7,82,82,Tidak Ada
531,UNIVERSITAS LAMBUNG MANGKURAT,Akademik,15311053,ILMU KOMUNIKASI,Sarjana,30,470,15.666666666666666,90,90,Tidak Ada
531,UNIVERSITAS LAMBUNG MANGKURAT,Akademik,15311054,PENDIDIKAN GEOGRAFI,Sarjana,18,48,2.6666666666666665,76,76,Tidak Ada
531,UNIVERSITAS LAMBUNG MANGKURAT,Akademik,15311055,PENDIDIKAN SOSIOLOGI,Sarjana,23,77,3.347826086956522,79,79,Tidak Ada
531,UNIVERSITAS LAMBUNG MANGKURAT,Akademik,15311056,BIMBINGAN DAN KONSELING,Sarjana,31,208,6.709677419354839,81,81,Tidak Ada
531,UNIVERSITAS LAMBUNG MANGKURAT,Akademik,15311057,PENDIDIKAN KHUSUS,Sarjana,15,58,3.8666666666666667,77,77,Tidak Ada
531,UNIVERSITAS LAMBUNG MANGKURAT,Akademik,15311058,PENDIDIKAN JASMANI,Sarjana,48,166,3.4583333333333335,82,82,Olahraga
531,UNIVERSITAS LAMBUNG MANGKURAT,Akademik,15311059,PENDIDIKAN GURU SEKOLAH DASAR,Sarjana,99,705,7.121212121212121,82,82,Tidak Ada
531,UNIVERSITAS LAMBUNG MANGKURAT,Akademik,15311060,PENDIDIKAN GURU PENDIDIKAN ANAK USIA DINI,Sarjana,34,86,2.5294117647058822,79,79,Tidak Ada
531,UNIVERSITAS LAMBUNG MANGKURAT,Akademik,15311061,PENDIDIKAN SENI PERTUNJUKAN,Sarjana,18,55,3.0555555555555554,80,80,Sendratasik
531,UNIVERSITAS LAMBUNG MANGKURAT,Akademik,15311062,TEKNOLOGI  PENDIDIKAN,Sarjana,18,68,3.7777777777777777,78,78,Tidak Ada
531,UNIVERSITAS LAMBUNG MANGKURAT,Akademik,15311063,PENDIDIKAN IPS,Sarjana,20,61,3.05,78,78,Tidak Ada
531,UNIVERSITAS LAMBUNG MANGKURAT,Akademik,15311064,PSIKOLOGI,Sarjana,24,523,21.791666666666668,89,89,Tidak Ada
531,UNIVERSITAS LAMBUNG MANGKURAT,Akademik,15311065,SOSIOLOGI,Sarjana,24,79,3.2916666666666665,77,77,Tidak Ada
531,UNIVERSITAS LAMBUNG MANGKURAT,Akademik,15311068,REKAYASA GEOLOGI,Sarjana,13,73,5.615384615384615,87,87,Tidak Ada
531,UNIVERSITAS LAMBUNG MANGKURAT,Akademik,15311069,REKAYASA ELEKTRO,Sarjana,14,55,3.9285714285714284,76,76,Tidak Ada
531,UNIVERSITAS LAMBUNG MANGKURAT,Akademik,15311070,ANTROPOLOGI,Sarjana,8,29,3.625,81,81,Tidak Ada
531,UNIVERSITAS LAMBUNG MANGKURAT,Akademik,15311071,ILMU LINGKUNGAN,Sarjana,25,0,0.0,82,82,Tidak Ada
531,UNIVERSITAS LAMBUNG MANGKURAT,Akademik,15311072,AKUAKULTUR (KAMPUS KABUPATEN KOTABARU),Sarjana,15,0,0.0,76,76,Tidak Ada
531,UNIVERSITAS LAMBUNG MANGKURAT,Akademik,15311073,AGRIBISNIS (KAMPUS KABUPATEN KOTABARU),Sarjana,9,0,0.0,80,80,Tidak Ada
531,UNIVERSITAS LAMBUNG MANGKURAT,Akademik,15311074,PENDIDIKAN KHUSUS (KAMPUS KABUPATEN KOTABARU),Sarjana,8,0,0.0,78,78,Tidak Ada
531,UNIVERSITAS LAMBUNG MANGKURAT,Akademik,15313066,PERPAJAKAN,Diploma Tiga,36,54,1.5,81,81,Tidak Ada
531,UNIVERSITAS LAMBUNG MANGKURAT,Akademik,15313067,AKUNTANSI,Diploma Tiga,46,57,1.2391304347826086,77,77,Tidak Ada
541,UNIVERSITAS MULAWARMAN,Akademik,15411001,AGROEKOTEKNOLOGI,Sarjana,35,174,4.9714285714285715,77,77,Tidak Ada
541,UNIVERSITAS MULAWARMAN,Akademik,15411002,AGRIBISNIS,Sarjana,25,142,5.68,87,87,Tidak Ada
541,UNIVERSITAS MULAWARMAN,Akademik,15411003,TEKNOLOGI HASIL PERTANIAN,Sarjana,25,97,3.88,81,81,Tidak Ada
541,UNIVERSITAS MULAWARMAN,Akademik,15411004,KEHUTANAN,Sarjana,80,320,4.0,77,77,Tidak Ada
541,UNIVERSITAS MULAWARMAN,Akademik,15411005,PENDIDIKAN BIOLOGI,Sarjana,24,97,4.041666666666667,80,80,Tidak Ada
541,UNIVERSITAS MULAWARMAN,Akademik,15411006,PENDIDIKAN KIMIA,Sarjana,12,51,4.25,77,77,Tidak Ada
541,UNIVERSITAS MULAWARMAN,Akademik,15411007,PENDIDIKAN FISIKA,Sarjana,21,25,1.1904761904761905,77,77,Tidak Ada
541,UNIVERSITAS MULAWARMAN,Akademik,15411008,PENDIDIKAN MATEMATIKA,Sarjana,24,122,5.083333333333333,80,80,Tidak Ada
541,UNIVERSITAS MULAWARMAN,Akademik,15411009,AKUAKULTUR,Sarjana,12,30,2.5,82,82,Tidak Ada
541,UNIVERSITAS MULAWARMAN,Akademik,15411010,SOSIAL EKONOMI PERIKANAN,Sarjana,12,14,1.1666666666666667,78,78,Tidak Ada
541,UNIVERSITAS MULAWARMAN,Akademik,15411011,PENGELOLAAN SUMBERDAYA PERIKANAN,Sarjana,12,23,1.9166666666666667,79,79,Tidak Ada
541,UNIVERSITAS MULAWARMAN,Akademik,15411012,STATISTIKA,Sarjana,24,95,3.9583333333333335,81,81,Tidak Ada
541,UNIVERSITAS MULAWARMAN,Akademik,15411013,BIOLOGI,Sarjana,24,64,2.6666666666666665,79,79,Tidak Ada
541,UNIVERSITAS MULAWARMAN,Akademik,15411014,KIMIA,Sarjana,19,59,3.1052631578947367,79,79,Tidak Ada
541,UNIVERSITAS MULAWARMAN,Akademik,15411015,FISIKA,Sarjana,12,21,1.75,78,78,Tidak Ada
541,UNIVERSITAS MULAWARMAN,Akademik,15411017,TEKNIK SIPIL,Sarjana,15,341,22.733333333333334,93,93,Tidak Ada
541,UNIVERSITAS MULAWARMAN,Akademik,15411018,TEKNIK INDUSTRI,Sarjana,15,355,23.666666666666668,89,89,Tidak Ada
541,UNIVERSITAS MULAWARMAN,Akademik,15411019,TEKNIK LINGKUNGAN,Sarjana,15,278,18.533333333333335,85,85,Tidak Ada
541,UNIVERSITAS MULAWARMAN,Akademik,15411020,TEKNIK PERTAMBANGAN,Sarjana,15,561,37.4,95,95,Tidak Ada
541,UNIVERSITAS MULAWARMAN,Akademik,15411021,PENDIDIKAN DOKTER,Sarjana,26,754,29.0,90,90,Tidak Ada
541,UNIVERSITAS MULAWARMAN,Akademik,15411022,KESEHATAN MASYARAKAT,Sarjana,20,787,39.35,88,88,Tidak Ada
541,UNIVERSITAS MULAWARMAN,Akademik,15411023,FARMASI,Sarjana,30,868,28.933333333333334,92,92,Tidak Ada
541,UNIVERSITAS MULAWARMAN,Akademik,15411024,PETERNAKAN,Sarjana,30,51,1.7,78,78,Tidak Ada
541,UNIVERSITAS MULAWARMAN,Akademik,15411025,TEKNIK KIMIA,Sarjana,15,90,6.0,83,83,Tidak Ada
541,UNIVERSITAS MULAWARMAN,Akademik,15411026,INFORMATIKA,Sarjana,25,666,26.64,89,89,Tidak Ada
541,UNIVERSITAS MULAWARMAN,Akademik,15411027,ARSITEKTUR,Sarjana,15,123,8.2,87,87,Tidak Ada
541,UNIVERSITAS MULAWARMAN,Akademik,15411028,TEKNIK GEOLOGI,Sarjana,15,269,17.933333333333334,90,90,Tidak Ada
541,UNIVERSITAS MULAWARMAN,Akademik,15411030,TEKNIK ELEKTRO,Sarjana,15,117,7.8,84,84,Tidak Ada
541,UNIVERSITAS MULAWARMAN,Akademik,15411031,TEKNOLOGI HASIL PERIKANAN,Sarjana,12,26,2.1666666666666665,76,76,Tidak Ada
541,UNIVERSITAS MULAWARMAN,Akademik,15411032,KEDOKTERAN GIGI,Sarjana,12,399,33.25,94,94,Tidak Ada
541,UNIVERSITAS MULAWARMAN,Akademik,15411033,MATEMATIKA,Sarjana,17,36,2.1176470588235294,79,79,Tidak Ada
541,UNIVERSITAS MULAWARMAN,Akademik,15411034,ILMU KELAUTAN,Sarjana,21,61,2.9047619047619047,76,76,Tidak Ada
541,UNIVERSITAS MULAWARMAN,Akademik,15411035,GEOFISIKA,Sarjana,15,35,2.3333333333333335,77,77,Tidak Ada
541,UNIVERSITAS MULAWARMAN,Akademik,15411036,PENDIDIKAN KOMPUTER,Sarjana,24,140,5.833333333333333,87,87,Tidak Ada
541,UNIVERSITAS MULAWARMAN,Akademik,15411038,SISTEM INFORMASI,Sarjana,25,395,15.8,86,86,Tidak Ada
541,UNIVERSITAS MULAWARMAN,Akademik,15411039,MANAJEMEN,Sarjana,56,1204,21.5,88,88,Tidak Ada
541,UNIVERSITAS MULAWARMAN,Akademik,15411040,EKONOMI PEMBANGUNAN,Sarjana,36,233,6.472222222222222,81,81,Tidak Ada
541,UNIVERSITAS MULAWARMAN,Akademik,15411041,AKUNTANSI,Sarjana,56,812,14.5,89,89,Tidak Ada
541,UNIVERSITAS MULAWARMAN,Akademik,15411042,ADMINISTRASI PUBLIK,Sarjana,24,411,17.125,89,89,Tidak Ada
541,UNIVERSITAS MULAWARMAN,Akademik,15411043,ILMU PEMERINTAHAN,Sarjana,24,269,11.208333333333334,85,85,Tidak Ada
541,UNIVERSITAS MULAWARMAN,Akademik,15411044,PEMBANGUNAN SOSIAL,Sarjana,24,108,4.5,75,75,Tidak Ada
541,UNIVERSITAS MULAWARMAN,Akademik,15411045,ILMU HUBUNGAN INTERNASIONAL,Sarjana,24,178,7.416666666666667,80,80,Tidak Ada
541,UNIVERSITAS MULAWARMAN,Akademik,15411046,ILMU KOMUNIKASI,Sarjana,24,489,20.375,94,94,Tidak Ada
541,UNIVERSITAS MULAWARMAN,Akademik,15411047,ADMINISTRASI BISNIS,Sarjana,24,871,36.291666666666664,93,93,Tidak Ada
541,UNIVERSITAS MULAWARMAN,Akademik,15411048,PEND. PANCASILA DAN KEWARGANEGARAAN,Sarjana,24,86,3.5833333333333335,78,78,Tidak Ada
541,UNIVERSITAS MULAWARMAN,Akademik,15411049,PENDIDIKAN EKONOMI,Sarjana,21,96,4.571428571428571,81,81,Tidak Ada
541,UNIVERSITAS MULAWARMAN,Akademik,15411050,"PEND. BAHASA, SASTRA INDO. & DAERAH",Sarjana,24,130,5.416666666666667,84,84,Tidak Ada
541,UNIVERSITAS MULAWARMAN,Akademik,15411051,PENDIDIKAN BAHASA INGGRIS,Sarjana,27,189,7.0,83,83,Tidak Ada
541,UNIVERSITAS MULAWARMAN,Akademik,15411052,BIMBINGAN DAN KONSELING,Sarjana,24,272,11.333333333333334,85,85,Tidak Ada
541,UNIVERSITAS MULAWARMAN,Akademik,15411053,PENDIDIKAN JASMANI,Sarjana,24,82,3.4166666666666665,78,78,Olahraga
541,UNIVERSITAS MULAWARMAN,Akademik,15411054,PENDIDIKAN GURU SEKOLAH DASAR,Sarjana,48,585,12.1875,87,87,Tidak Ada
541,UNIVERSITAS MULAWARMAN,Akademik,15411055,PENDIDIKAN ANAK USIA DINI,Sarjana,24,80,3.3333333333333335,80,80,Tidak Ada
541,UNIVERSITAS MULAWARMAN,Akademik,15411056,HUKUM,Sarjana,100,648,6.48,87,87,Tidak Ada
541,UNIVERSITAS MULAWARMAN,Akademik,15411057,PSIKOLOGI,Sarjana,24,699,29.125,91,91,Tidak Ada
541,UNIVERSITAS MULAWARMAN,Akademik,15411058,SASTRA INDONESIA,Sarjana,40,74,1.85,75,75,Tidak Ada
541,UNIVERSITAS MULAWARMAN,Akademik,15411059,SASTRA INGGRIS,Sarjana,40,218,5.45,83,83,Tidak Ada
541,UNIVERSITAS MULAWARMAN,Akademik,15411060,PENDIDIKAN MASYARAKAT,Sarjana,21,41,1.9523809523809523,75,75,Tidak Ada
541,UNIVERSITAS MULAWARMAN,Akademik,15411061,PENDIDIKAN GEOGRAFI,Sarjana,24,75,3.125,78,78,Tidak Ada
541,UNIVERSITAS MULAWARMAN,Akademik,15411062,EKONOMI SYARIAH,Sarjana,23,97,4.217391304347826,79,79,Tidak Ada
541,UNIVERSITAS MULAWARMAN,Akademik,15411063,ETNOMUSIKOLOGI,Sarjana,12,7,0.5833333333333334,75,75,Etnomusikologi
541,UNIVERSITAS MULAWARMAN,Akademik,15411064,PENDIDIKAN SEJARAH,Sarjana,24,89,3.7083333333333335,82,82,Tidak Ada
541,UNIVERSITAS MULAWARMAN,Akademik,15411072,ILMU LINGKUNGAN,Sarjana,15,47,3.1333333333333333,82,82,Tidak Ada
541,UNIVERSITAS MULAWARMAN,Akademik,15411073,KEPERAWATAN,Sarjana,16,692,43.25,91,91,Tidak Ada
541,UNIVERSITAS MULAWARMAN,Akademik,15411074,GIZI,Sarjana,25,546,21.84,93,93,Tidak Ada
541,UNIVERSITAS MULAWARMAN,Akademik,15411075,TARI,Sarjana,16,34,2.125,76,76,Tari
541,UNIVERSITAS MULAWARMAN,Akademik,15411076,ILMU KEOLAHRAGAAN,Sarjana,24,25,1.0416666666666667,76,76,Olahraga
541,UNIVERSITAS MULAWARMAN,Akademik,15411077,PENYULUHAN PERTANIAN,Sarjana,10,0,0.0,76,76,Tidak Ada
541,UNIVERSITAS MULAWARMAN,Akademik,15411078,PENDIDIKAN ILMU PENGETAHUAN ALAM,Sarjana,12,0,0.0,76,76,Tidak Ada
541,UNIVERSITAS MULAWARMAN,Akademik,15411079,PENDIDIKAN KEPELATIHAN OLAHRAGA,Sarjana,12,0,0.0,77,77,Olahraga
541,UNIVERSITAS MULAWARMAN,Akademik,15413069,FARMASI,Diploma Tiga,10,161,16.1,88,88,Tidak Ada
542,INSTITUT TEKNOLOGI KALIMANTAN,Akademik,15421001,FISIKA,Sarjana,30,15,0.5,76,76,Tidak Ada
542,INSTITUT TEKNOLOGI KALIMANTAN,Akademik,15421002,MATEMATIKA,Sarjana,30,22,0.7333333333333333,78,78,Tidak Ada
542,INSTITUT TEKNOLOGI KALIMANTAN,Akademik,15421003,TEKNIK MESIN,Sarjana,25,219,8.76,84,84,Tidak Ada
542,INSTITUT TEKNOLOGI KALIMANTAN,Akademik,15421004,TEKNIK ELEKTRO,Sarjana,35,199,5.685714285714286,84,84,Tidak Ada
542,INSTITUT TEKNOLOGI KALIMANTAN,Akademik,15421005,TEKNIK KIMIA,Sarjana,40,156,3.9,79,79,Tidak Ada
542,INSTITUT TEKNOLOGI KALIMANTAN,Akademik,15421006,TEKNIK MATERIAL DAN METALURGI,Sarjana,30,183,6.1,85,85,Tidak Ada
542,INSTITUT TEKNOLOGI KALIMANTAN,Akademik,15421007,TEKNIK SIPIL,Sarjana,25,192,7.68,84,84,Tidak Ada
542,INSTITUT TEKNOLOGI KALIMANTAN,Akademik,15421008,PERENCANAAN WILAYAH DAN KOTA,Sarjana,60,230,3.8333333333333335,79,79,Tidak Ada
542,INSTITUT TEKNOLOGI KALIMANTAN,Akademik,15421009,TEKNIK PERKAPALAN,Sarjana,40,84,2.1,78,78,Tidak Ada
542,INSTITUT TEKNOLOGI KALIMANTAN,Akademik,15421010,SISTEM INFORMASI,Sarjana,40,289,7.225,82,82,Tidak Ada
542,INSTITUT TEKNOLOGI KALIMANTAN,Akademik,15421011,TEKNIK INDUSTRI,Sarjana,35,357,10.2,87,87,Tidak Ada
542,INSTITUT TEKNOLOGI KALIMANTAN,Akademik,15421012,INFORMATIKA,Sarjana,21,265,12.619047619047619,86,86,Tidak Ada
542,INSTITUT TEKNOLOGI KALIMANTAN,Akademik,15421013,TEKNIK LINGKUNGAN,Sarjana,40,237,5.925,85,85,Tidak Ada
542,INSTITUT TEKNOLOGI KALIMANTAN,Akademik,15421014,TEKNIK KELAUTAN,Sarjana,40,97,2.425,81,81,Tidak Ada
542,INSTITUT TEKNOLOGI KALIMANTAN,Akademik,15421015,ARSITEKTUR,Sarjana,25,116,4.64,77,77,Tidak Ada
542,INSTITUT TEKNOLOGI KALIMANTAN,Akademik,15421016,STATISTIKA,Sarjana,45,62,1.3777777777777778,77,77,Tidak Ada
542,INSTITUT TEKNOLOGI KALIMANTAN,Akademik,15421017,ILMU AKTUARIA,Sarjana,40,66,1.65,80,80,Tidak Ada
542,INSTITUT TEKNOLOGI KALIMANTAN,Akademik,15421018,BISNIS DIGITAL,Sarjana,30,279,9.3,80,80,Tidak Ada
542,INSTITUT TEKNOLOGI KALIMANTAN,Akademik,15421019,REKAYASA KESELAMATAN,Sarjana,24,388,16.166666666666668,88,88,Tidak Ada
542,INSTITUT TEKNOLOGI KALIMANTAN,Akademik,15421020,TEKNOLOGI PANGAN,Sarjana,40,148,3.7,78,78,Tidak Ada
542,INSTITUT TEKNOLOGI KALIMANTAN,Akademik,15421021,TEKNIK LOGISTIK,Sarjana,30,91,3.033333333333333,77,77,Tidak Ada
542,INSTITUT TEKNOLOGI KALIMANTAN,Akademik,15421022,DESAIN KOMUNIKASI VISUAL,Sarjana,50,76,1.52,76,76,"Seni Rupa, Desain, dan Kriya"
542,INSTITUT TEKNOLOGI KALIMANTAN,Akademik,15421023,TEKNIK SISTEM PERKAPALAN,Sarjana,15,0,0.0,79,79,Tidak Ada
542,INSTITUT TEKNOLOGI KALIMANTAN,Akademik,15421024,TEKNIK TRANSPORTASI LAUT,Sarjana,15,0,0.0,82,82,Tidak Ada
542,INSTITUT TEKNOLOGI KALIMANTAN,Akademik,15421025,TEKNIK BIOMEDIS,Sarjana,14,0,0.0,75,75,Tidak Ada
551,UNIVERSITAS BORNEO TARAKAN,Akademik,15511001,TEKNIK ELEKTRO,Sarjana,22,81,3.6818181818181817,78,78,Tidak Ada
551,UNIVERSITAS BORNEO TARAKAN,Akademik,15511002,TEKNIK SIPIL,Sarjana,32,197,6.15625,83,83,Tidak Ada
551,UNIVERSITAS BORNEO TARAKAN,Akademik,15511003,AGRIBISNIS,Sarjana,36,92,2.5555555555555554,79,79,Tidak Ada
551,UNIVERSITAS BORNEO TARAKAN,Akademik,15511004,AGROTEKNOLOGI,Sarjana,30,65,2.1666666666666665,80,80,Tidak Ada
551,UNIVERSITAS BORNEO TARAKAN,Akademik,15511005,PENDIDIKAN MATEMATIKA,Sarjana,25,40,1.6,80,80,Tidak Ada
551,UNIVERSITAS BORNEO TARAKAN,Akademik,15511006,PENDIDIKAN BIOLOGI,Sarjana,25,38,1.52,81,81,Tidak Ada
551,UNIVERSITAS BORNEO TARAKAN,Akademik,15511007,MANAJEMEN SUMBER DAYA PERAIRAN,Sarjana,24,25,1.0416666666666667,77,77,Tidak Ada
551,UNIVERSITAS BORNEO TARAKAN,Akademik,15511008,AKUAKULTUR,Sarjana,24,26,1.0833333333333333,81,81,Tidak Ada
551,UNIVERSITAS BORNEO TARAKAN,Akademik,15511009,TEKNOLOGI HASIL PERIKANAN,Sarjana,24,35,1.4583333333333333,80,80,Tidak Ada
551,UNIVERSITAS BORNEO TARAKAN,Akademik,15511010,TEKNIK MESIN,Sarjana,12,75,6.25,85,85,Tidak Ada
551,UNIVERSITAS BORNEO TARAKAN,Akademik,15511011,KEPERAWATAN,Sarjana,29,370,12.758620689655173,88,88,Tidak Ada
551,UNIVERSITAS BORNEO TARAKAN,Akademik,15511012,KEBIDANAN,Sarjana,29,181,6.241379310344827,81,81,Tidak Ada
551,UNIVERSITAS BORNEO TARAKAN,Akademik,15511013,TEKNIK KOMPUTER,Sarjana,12,198,16.5,86,86,Tidak Ada
551,UNIVERSITAS BORNEO TARAKAN,Akademik,15511014,BIMBINGAN DAN KONSELING,Sarjana,49,128,2.6122448979591835,77,77,Tidak Ada
551,UNIVERSITAS BORNEO TARAKAN,Akademik,15511015,PENDIDIKAN BAHASA INDONESIA,Sarjana,25,78,3.12,80,80,Tidak Ada
551,UNIVERSITAS BORNEO TARAKAN,Akademik,15511016,PENDIDIKAN BAHASA INGGRIS,Sarjana,25,72,2.88,79,79,Tidak Ada
551,UNIVERSITAS BORNEO TARAKAN,Akademik,15511017,EKONOMI PEMBANGUNAN,Sarjana,36,134,3.7222222222222223,80,80,Tidak Ada
551,UNIVERSITAS BORNEO TARAKAN,Akademik,15511018,MANAJEMEN,Sarjana,36,408,11.333333333333334,85,85,Tidak Ada
551,UNIVERSITAS BORNEO TARAKAN,Akademik,15511019,HUKUM,Sarjana,52,219,4.211538461538462,78,78,Tidak Ada
551,UNIVERSITAS BORNEO TARAKAN,Akademik,15511021,PENDIDIKAN GURU SEKOLAH DASAR,Sarjana,61,246,4.032786885245901,75,75,Tidak Ada
551,UNIVERSITAS BORNEO TARAKAN,Akademik,15511022,AKUNTANSI,Sarjana,33,241,7.303030303030303,81,81,Tidak Ada
551,UNIVERSITAS BORNEO TARAKAN,Akademik,15511025,KEDOKTERAN,Sarjana,15,229,15.266666666666667,90,90,Tidak Ada
551,UNIVERSITAS BORNEO TARAKAN,Akademik,15511026,PSIKOLOGI,Sarjana,14,107,7.642857142857143,83,83,Tidak Ada
551,UNIVERSITAS BORNEO TARAKAN,Akademik,15511027,HUKUM BISNIS,Sarjana,24,27,1.125,79,79,Tidak Ada
611,UNIVERSITAS UDAYANA,Akademik,16111001,KEDOKTERAN,Sarjana,52,1471,28.28846153846154,93,93,Tidak Ada
611,UNIVERSITAS UDAYANA,Akademik,16111002,KEDOKTERAN HEWAN,Sarjana,50,346,6.92,81,81,Tidak Ada
611,UNIVERSITAS UDAYANA,Akademik,16111003,ARSITEKTUR,Sarjana,32,345,10.78125,90,90,Tidak Ada
611,UNIVERSITAS UDAYANA,Akademik,16111004,TEKNIK SIPIL,Sarjana,42,471,11.214285714285714,88,88,Tidak Ada
611,UNIVERSITAS UDAYANA,Akademik,16111005,TEKNOLOGI PANGAN,Sarjana,55,250,4.545454545454546,78,78,Tidak Ada
611,UNIVERSITAS UDAYANA,Akademik,16111006,TEKNOLOGI INDUSTRI PERTANIAN,Sarjana,50,78,1.56,81,81,Tidak Ada
611,UNIVERSITAS UDAYANA,Akademik,16111007,TEKNIK PERTANIAN DAN BIOSISTEM,Sarjana,40,86,2.15,80,80,Tidak Ada
611,UNIVERSITAS UDAYANA,Akademik,16111008,BIOLOGI,Sarjana,35,57,1.6285714285714286,75,75,Tidak Ada
611,UNIVERSITAS UDAYANA,Akademik,16111009,KIMIA,Sarjana,35,70,2.0,77,77,Tidak Ada
611,UNIVERSITAS UDAYANA,Akademik,16111010,FISIKA,Sarjana,50,53,1.06,81,81,Tidak Ada
611,UNIVERSITAS UDAYANA,Akademik,16111011,TEKNIK MESIN,Sarjana,90,162,1.8,77,77,Tidak Ada
611,UNIVERSITAS UDAYANA,Akademik,16111012,TEKNIK ELEKTRO,Sarjana,80,197,2.4625,82,82,Tidak Ada
611,UNIVERSITAS UDAYANA,Akademik,16111013,AGRIBISNIS,Sarjana,42,147,3.5,80,80,Tidak Ada
611,UNIVERSITAS UDAYANA,Akademik,16111014,AGROEKOTEKNOLOGI,Sarjana,63,133,2.111111111111111,78,78,Tidak Ada
611,UNIVERSITAS UDAYANA,Akademik,16111015,PETERNAKAN,Sarjana,100,106,1.06,78,78,Tidak Ada
611,UNIVERSITAS UDAYANA,Akademik,16111016,MATEMATIKA,Sarjana,45,81,1.8,78,78,Tidak Ada
611,UNIVERSITAS UDAYANA,Akademik,16111017,ILMU KESEHATAN MASYARAKAT,Sarjana,57,578,10.140350877192983,89,89,Tidak Ada
611,UNIVERSITAS UDAYANA,Akademik,16111018,FARMASI,Sarjana,24,1012,42.166666666666664,95,95,Tidak Ada
611,UNIVERSITAS UDAYANA,Akademik,16111019,KEPERAWATAN,Sarjana,43,853,19.837209302325583,85,85,Tidak Ada
611,UNIVERSITAS UDAYANA,Akademik,16111020,INFORMATIKA,Sarjana,50,510,10.2,87,87,Tidak Ada
611,UNIVERSITAS UDAYANA,Akademik,16111021,TEKNOLOGI INFORMASI,Sarjana,40,476,11.9,85,85,Tidak Ada
611,UNIVERSITAS UDAYANA,Akademik,16111022,FISIOTERAPI,Sarjana,32,352,11.0,87,87,Tidak Ada
611,UNIVERSITAS UDAYANA,Akademik,16111023,ILMU KELAUTAN,Sarjana,60,93,1.55,78,78,Tidak Ada
611,UNIVERSITAS UDAYANA,Akademik,16111024,ARSITEKTUR LANSKAP,Sarjana,15,37,2.466666666666667,81,81,Tidak Ada
611,UNIVERSITAS UDAYANA,Akademik,16111025,MANAJEMEN SUMBER DAYA PERAIRAN,Sarjana,60,49,0.8166666666666667,79,79,Tidak Ada
611,UNIVERSITAS UDAYANA,Akademik,16111026,KEDOKTERAN GIGI,Sarjana,22,527,23.954545454545453,89,89,Tidak Ada
611,UNIVERSITAS UDAYANA,Akademik,16111027,TEKNIK LINGKUNGAN,Sarjana,24,174,7.25,85,85,Tidak Ada
611,UNIVERSITAS UDAYANA,Akademik,16111028,TEKNIK INDUSTRI,Sarjana,24,316,13.166666666666666,85,85,Tidak Ada
611,UNIVERSITAS UDAYANA,Akademik,16111029,ARKEOLOGI,Sarjana,30,50,1.6666666666666667,76,76,Tidak Ada
611,UNIVERSITAS UDAYANA,Akademik,16111030,ANTROPOLOGI BUDAYA,Sarjana,30,71,2.3666666666666667,76,76,Tidak Ada
611,UNIVERSITAS UDAYANA,Akademik,16111031,ILMU SEJARAH,Sarjana,30,38,1.2666666666666666,82,82,Tidak Ada
611,UNIVERSITAS UDAYANA,Akademik,16111032,ILMU HUKUM,Sarjana,120,1011,8.425,86,86,Tidak Ada
611,UNIVERSITAS UDAYANA,Akademik,16111033,EKONOMI,Sarjana,60,353,5.883333333333334,87,87,Tidak Ada
611,UNIVERSITAS UDAYANA,Akademik,16111034,AKUNTANSI,Sarjana,80,1092,13.65,89,89,Tidak Ada
611,UNIVERSITAS UDAYANA,Akademik,16111035,MANAJEMEN,Sarjana,85,1422,16.729411764705883,85,85,Tidak Ada
611,UNIVERSITAS UDAYANA,Akademik,16111036,SASTRA INDONESIA,Sarjana,35,62,1.7714285714285714,78,78,Tidak Ada
611,UNIVERSITAS UDAYANA,Akademik,16111037,SASTRA INGGRIS,Sarjana,42,381,9.071428571428571,84,84,Tidak Ada
611,UNIVERSITAS UDAYANA,Akademik,16111038,SASTRA JAWA KUNO,Sarjana,12,8,0.6666666666666666,78,78,Tidak Ada
611,UNIVERSITAS UDAYANA,Akademik,16111039,SASTRA BALI,Sarjana,20,26,1.3,76,76,Tidak Ada
611,UNIVERSITAS UDAYANA,Akademik,16111040,SASTRA JEPANG,Sarjana,50,96,1.92,82,82,Tidak Ada
611,UNIVERSITAS UDAYANA,Akademik,16111042,PARIWISATA,Sarjana,36,756,21.0,95,95,Tidak Ada
611,UNIVERSITAS UDAYANA,Akademik,16111043,INDUSTRI PERJALANAN WISATA,Sarjana,75,154,2.0533333333333332,81,81,Tidak Ada
611,UNIVERSITAS UDAYANA,Akademik,16111044,HUBUNGAN INTERNASIONAL,Sarjana,36,311,8.63888888888889,80,80,Tidak Ada
611,UNIVERSITAS UDAYANA,Akademik,16111045,SOSIOLOGI,Sarjana,60,98,1.6333333333333333,78,78,Tidak Ada
611,UNIVERSITAS UDAYANA,Akademik,16111046,PSIKOLOGI,Sarjana,28,644,23.0,88,88,Tidak Ada
611,UNIVERSITAS UDAYANA,Akademik,16111047,ADMINISTRASI PUBLIK,Sarjana,35,349,9.971428571428572,82,82,Tidak Ada
611,UNIVERSITAS UDAYANA,Akademik,16111048,ILMU KOMUNIKASI,Sarjana,35,536,15.314285714285715,85,85,Tidak Ada
611,UNIVERSITAS UDAYANA,Akademik,16111049,ILMU POLITIK,Sarjana,60,95,1.5833333333333333,79,79,Tidak Ada
611,UNIVERSITAS UDAYANA,Akademik,16111053,AKUAKULTUR,Sarjana,40,6,0.15,77,77,Tidak Ada
611,UNIVERSITAS UDAYANA,Akademik,16111054,PERPUSTAKAAN DAN SAINS INFORMASI,Sarjana,20,0,0.0,78,78,Tidak Ada
611,UNIVERSITAS UDAYANA,Akademik,16112041,PENGELOLAAN PERHOTELAN,Sarjana Terapan,75,203,2.7066666666666666,82,82,Tidak Ada
611,UNIVERSITAS UDAYANA,Akademik,16113050,PERPUSTAKAAN,Diploma Tiga,16,21,1.3125,77,77,Tidak Ada
611,UNIVERSITAS UDAYANA,Akademik,16113051,PERPAJAKAN,Diploma Tiga,35,103,2.942857142857143,78,78,Tidak Ada
611,UNIVERSITAS UDAYANA,Akademik,16113052,AKUNTANSI,Diploma Tiga,35,48,1.3714285714285714,77,77,Tidak Ada
612,UNIVERSITAS PENDIDIKAN GANESHA,Akademik,16121001,PENDIDIKAN MATEMATIKA,Sarjana,98,146,1.489795918367347,80,80,Tidak Ada
612,UNIVERSITAS PENDIDIKAN GANESHA,Akademik,16121002,PENDIDIKAN BIOLOGI,Sarjana,60,83,1.3833333333333333,78,78,Tidak Ada
612,UNIVERSITAS PENDIDIKAN GANESHA,Akademik,16121003,PENDIDIKAN KIMIA,Sarjana,30,44,1.4666666666666666,76,76,Tidak Ada
612,UNIVERSITAS PENDIDIKAN GANESHA,Akademik,16121004,PENDIDIKAN FISIKA,Sarjana,30,30,1.0,75,75,Tidak Ada
612,UNIVERSITAS PENDIDIKAN GANESHA,Akademik,16121005,PENDIDIKAN TEKNIK INFORMATIKA,Sarjana,85,160,1.8823529411764706,80,80,Tidak Ada
612,UNIVERSITAS PENDIDIKAN GANESHA,Akademik,16121006,ILMU KEOLAHRAGAAN,Sarjana,25,18,0.72,79,79,Olahraga
612,UNIVERSITAS PENDIDIKAN GANESHA,Akademik,16121007,PENDIDIKAN TEKNIK ELEKTRO,Sarjana,35,17,0.4857142857142857,82,82,Tidak Ada
612,UNIVERSITAS PENDIDIKAN GANESHA,Akademik,16121012,PENDIDIKAN TEKNIK MESIN,Sarjana,40,37,0.925,78,78,Tidak Ada
612,UNIVERSITAS PENDIDIKAN GANESHA,Akademik,16121013,PENDIDIKAN IPA,Sarjana,60,52,0.8666666666666667,81,81,Tidak Ada
612,UNIVERSITAS PENDIDIKAN GANESHA,Akademik,16121014,KIMIA,Sarjana,30,30,1.0,79,79,Tidak Ada
612,UNIVERSITAS PENDIDIKAN GANESHA,Akademik,16121015,MATEMATIKA,Sarjana,30,31,1.0333333333333334,77,77,Tidak Ada
612,UNIVERSITAS PENDIDIKAN GANESHA,Akademik,16121016,BIOLOGI,Sarjana,30,19,0.6333333333333333,80,80,Tidak Ada
612,UNIVERSITAS PENDIDIKAN GANESHA,Akademik,16121017,AKUAKULTUR,Sarjana,45,14,0.3111111111111111,75,75,Tidak Ada
612,UNIVERSITAS PENDIDIKAN GANESHA,Akademik,16121018,SISTEM INFORMASI,Sarjana,95,245,2.5789473684210527,81,81,Tidak Ada
612,UNIVERSITAS PENDIDIKAN GANESHA,Akademik,16121019,ILMU KOMPUTER,Sarjana,78,159,2.0384615384615383,81,81,Tidak Ada
612,UNIVERSITAS PENDIDIKAN GANESHA,Akademik,16121020,KEDOKTERAN,Sarjana,30,606,20.2,95,95,Tidak Ada
612,UNIVERSITAS PENDIDIKAN GANESHA,Akademik,16121021,PENDIDIKAN PANCASILA DAN KEWARGANEGARAAN,Sarjana,108,140,1.2962962962962963,78,78,Tidak Ada
612,UNIVERSITAS PENDIDIKAN GANESHA,Akademik,16121022,PENDIDIKAN EKONOMI,Sarjana,83,113,1.3614457831325302,75,75,Tidak Ada
612,UNIVERSITAS PENDIDIKAN GANESHA,Akademik,16121023,PENDIDIKAN SEJARAH,Sarjana,80,68,0.85,82,82,Tidak Ada
612,UNIVERSITAS PENDIDIKAN GANESHA,Akademik,16121024,PENDIDIKAN GEOGRAFI,Sarjana,73,48,0.6575342465753424,81,81,Tidak Ada
612,UNIVERSITAS PENDIDIKAN GANESHA,Akademik,16121025,PENDIDIKAN BAHASA DAN SASTRA INDONESIA,Sarjana,90,151,1.6777777777777778,78,78,Tidak Ada
612,UNIVERSITAS PENDIDIKAN GANESHA,Akademik,16121026,PENDIDIKAN BAHASA INGGRIS,Sarjana,148,423,2.858108108108108,80,80,Tidak Ada
612,UNIVERSITAS PENDIDIKAN GANESHA,Akademik,16121027,PENDIDIKAN SENI RUPA,Sarjana,45,21,0.4666666666666667,79,79,"Seni Rupa, Desain, dan Kriya"
612,UNIVERSITAS PENDIDIKAN GANESHA,Akademik,16121028,PENDIDIKAN KESEJAHTERAAN KELUARGA,Sarjana,60,51,0.85,78,78,Tidak Ada
612,UNIVERSITAS PENDIDIKAN GANESHA,Akademik,16121029,BIMBINGAN KONSELING,Sarjana,80,239,2.9875,78,78,Tidak Ada
612,UNIVERSITAS PENDIDIKAN GANESHA,Akademik,16121030,TEKNOLOGI PENDIDIKAN,Sarjana,75,31,0.41333333333333333,81,81,Tidak Ada
612,UNIVERSITAS PENDIDIKAN GANESHA,Akademik,16121031,PENDIDIKAN JASMANI KESEHATAN DAN REKREASI,Sarjana,138,164,1.1884057971014492,80,80,Olahraga
612,UNIVERSITAS PENDIDIKAN GANESHA,Akademik,16121032,MANAJEMEN,Sarjana,170,585,3.4411764705882355,78,78,Tidak Ada
612,UNIVERSITAS PENDIDIKAN GANESHA,Akademik,16121033,AKUNTANSI,Sarjana,150,473,3.1533333333333333,75,75,Tidak Ada
612,UNIVERSITAS PENDIDIKAN GANESHA,Akademik,16121034,PENDIDIKAN KEPELATIHAN OLAHRAGA,Sarjana,45,49,1.0888888888888888,79,79,Olahraga
612,UNIVERSITAS PENDIDIKAN GANESHA,Akademik,16121036,PENDIDIKAN GURU SEKOLAH DASAR,Sarjana,173,1046,6.046242774566474,86,86,Tidak Ada
612,UNIVERSITAS PENDIDIKAN GANESHA,Akademik,16121038,PENDIDIKAN GURU ANAK USIA DINI,Sarjana,75,57,0.76,80,80,Tidak Ada
612,UNIVERSITAS PENDIDIKAN GANESHA,Akademik,16121039,PEND. BAHASA JEPANG,Sarjana,60,51,0.85,76,76,Tidak Ada
612,UNIVERSITAS PENDIDIKAN GANESHA,Akademik,16121040,PENDIDIKAN BAHASA BALI,Sarjana,45,51,1.1333333333333333,77,77,Tidak Ada
612,UNIVERSITAS PENDIDIKAN GANESHA,Akademik,16121041,PENDIDIKAN SOSIOLOGI,Sarjana,83,55,0.6626506024096386,79,79,Tidak Ada
612,UNIVERSITAS PENDIDIKAN GANESHA,Akademik,16121042,ILMU HUKUM,Sarjana,156,288,1.8461538461538463,77,77,Tidak Ada
612,UNIVERSITAS PENDIDIKAN GANESHA,Akademik,16121043,PENDIDIKAN VOKASIONAL SENI KULINER,Sarjana,63,38,0.6031746031746031,82,82,Tidak Ada
612,UNIVERSITAS PENDIDIKAN GANESHA,Akademik,16121044,GEOGRAFI,Sarjana,60,26,0.43333333333333335,76,76,Tidak Ada
612,UNIVERSITAS PENDIDIKAN GANESHA,Akademik,16121056,FISIKA,Sarjana,30,9,0.3,77,77,Tidak Ada
612,UNIVERSITAS PENDIDIKAN GANESHA,Akademik,16121057,KEPERAWATAN,Sarjana,11,311,28.272727272727273,92,92,Tidak Ada
612,UNIVERSITAS PENDIDIKAN GANESHA,Akademik,16121058,KEBIDANAN,Sarjana,11,99,9.0,84,84,Tidak Ada
612,UNIVERSITAS PENDIDIKAN GANESHA,Akademik,16122045,TEKNOLOGI REKAYASA SISTEM ELEKTRONIKA,Sarjana Terapan,23,21,0.9130434782608695,79,79,Tidak Ada
612,UNIVERSITAS PENDIDIKAN GANESHA,Akademik,16122047,TEKNOLOGI REKAYASA PENGINDERAAN JAUH,Sarjana Terapan,40,9,0.225,82,82,Tidak Ada
612,UNIVERSITAS PENDIDIKAN GANESHA,Akademik,16122050,TEKNOLOGI REKAYASA PERANGKAT LUNAK,Sarjana Terapan,28,10,0.35714285714285715,80,80,Tidak Ada
612,UNIVERSITAS PENDIDIKAN GANESHA,Akademik,16122051,KIMIA TERAPAN,Sarjana Terapan,30,6,0.2,81,81,Tidak Ada
612,UNIVERSITAS PENDIDIKAN GANESHA,Akademik,16122052,PENGELOLAAN PERHOTELAN,Sarjana Terapan,35,72,2.057142857142857,76,76,Tidak Ada
612,UNIVERSITAS PENDIDIKAN GANESHA,Akademik,16122053,BAHASA INGGRIS UNTUK KOMUNIKASI BISNIS DAN PROFESIONAL,Sarjana Terapan,90,65,0.7222222222222222,76,76,Tidak Ada
612,UNIVERSITAS PENDIDIKAN GANESHA,Akademik,16122054,AKUNTANSI SEKTOR PUBLIK,Sarjana Terapan,30,28,0.9333333333333333,80,80,Tidak Ada
612,UNIVERSITAS PENDIDIKAN GANESHA,Akademik,16122055,BIOTEKNOLOGI PERIKANAN,Sarjana Terapan,30,9,0.3,78,78,Tidak Ada
612,UNIVERSITAS PENDIDIKAN GANESHA,Akademik,16123046,KEBIDANAN,Diploma Tiga,38,36,0.9473684210526315,77,77,Tidak Ada
612,UNIVERSITAS PENDIDIKAN GANESHA,Akademik,16123048,DESAIN KOMUNIKASI VISUAL,Diploma Tiga,45,41,0.9111111111111111,75,75,"Seni Rupa, Desain, dan Kriya"
612,UNIVERSITAS PENDIDIKAN GANESHA,Akademik,16123049,PERPUSTAKAAN,Diploma Tiga,40,13,0.325,82,82,Tidak Ada
613,ISI BALI,Akademik,16131001,TARI,Sarjana,26,38,1.4615384615384615,77,77,Tari
613,ISI BALI,Akademik,16131002,SENI KARAWITAN,Sarjana,25,16,0.64,75,75,Seni Karawitan
613,ISI BALI,Akademik,16131003,PENDIDIKAN SENI PERTUNJUKAN,Sarjana,46,51,1.108695652173913,80,80,Sendratasik
613,ISI BALI,Akademik,16131004,MUSIK,Sarjana,32,50,1.5625,76,76,Musik
613,ISI BALI,Akademik,16131005,SENI MURNI,Sarjana,32,25,0.78125,75,75,"Seni Rupa, Desain, dan Kriya"
613,ISI BALI,Akademik,16131006,DESAIN INTERIOR,Sarjana,52,72,1.3846153846153846,76,76,"Seni Rupa, Desain, dan Kriya"
613,ISI BALI,Akademik,16131007,DESAIN KOMUNIKASI VISUAL,Sarjana,117,217,1.8547008547008548,80,80,"Seni Rupa, Desain, dan Kriya"
613,ISI BALI,Akademik,16131008,KRIYA,Sarjana,8,2,0.25,77,77,"Seni Rupa, Desain, dan Kriya"
613,ISI BALI,Akademik,16131009,FOTOGRAFI,Sarjana,43,57,1.3255813953488371,78,78,Fotografi
613,ISI BALI,Akademik,16131010,SENI PEDALANGAN,Sarjana,7,1,0.14285714285714285,77,77,Seni Pedalangan
613,ISI BALI,Akademik,16131013,DESAIN PRODUK,Sarjana,18,27,1.5,80,80,"Seni Rupa, Desain, dan Kriya"
613,ISI BALI,Akademik,16131015,TEATER,Sarjana,6,4,0.6666666666666666,77,77,Teater
613,ISI BALI,Akademik,16131016,ARSITEKTUR,Sarjana,24,0,0.0,80,80,Tidak Ada
613,ISI BALI,Akademik,16131017,BISNIS DIGITAL,Sarjana,32,0,0.0,75,75,Tidak Ada
613,ISI BALI,Akademik,16131018,BAHASA DAN KEBUDAYAAN INGGRIS,Sarjana,18,0,0.0,78,78,Tidak Ada
613,ISI BALI,Akademik,16132011,DESAIN MODE,Sarjana Terapan,46,50,1.0869565217391304,75,75,Tidak Ada
613,ISI BALI,Akademik,16132012,PRODUKSI FILM DAN TELEVISI,Sarjana Terapan,38,51,1.3421052631578947,82,82,Film dan Televisi
613,ISI BALI,Akademik,16132014,ANIMASI,Sarjana Terapan,34,21,0.6176470588235294,80,80,"Seni Rupa, Desain, dan Kriya"
621,UNIVERSITAS MATARAM,Akademik,16211001,AGROEKOTEKNOLOGI,Sarjana,32,203,6.34375,83,83,Tidak Ada
621,UNIVERSITAS MATARAM,Akademik,16211002,AGRIBISNIS,Sarjana,57,545,9.56140350877193,82,82,Tidak Ada
621,UNIVERSITAS MATARAM,Akademik,16211003,KEHUTANAN,Sarjana,26,186,7.153846153846154,81,81,Tidak Ada
621,UNIVERSITAS MATARAM,Akademik,16211004,PENDIDIKAN BIOLOGI,Sarjana,26,288,11.076923076923077,90,90,Tidak Ada
621,UNIVERSITAS MATARAM,Akademik,16211005,PENDIDIKAN KIMIA,Sarjana,16,94,5.875,87,87,Tidak Ada
621,UNIVERSITAS MATARAM,Akademik,16211006,PENDIDIKAN FISIKA,Sarjana,16,93,5.8125,87,87,Tidak Ada
621,UNIVERSITAS MATARAM,Akademik,16211007,PENDIDIKAN MATEMATIKA,Sarjana,30,319,10.633333333333333,90,90,Tidak Ada
621,UNIVERSITAS MATARAM,Akademik,16211008,TEKNIK SIPIL,Sarjana,40,686,17.15,86,86,Tidak Ada
621,UNIVERSITAS MATARAM,Akademik,16211009,TEKNIK MESIN,Sarjana,25,218,8.72,82,82,Tidak Ada
621,UNIVERSITAS MATARAM,Akademik,16211010,TEKNIK ELEKTRO,Sarjana,30,277,9.233333333333333,85,85,Tidak Ada
621,UNIVERSITAS MATARAM,Akademik,16211011,BIOLOGI,Sarjana,12,167,13.916666666666666,87,87,Tidak Ada
621,UNIVERSITAS MATARAM,Akademik,16211012,MATEMATIKA,Sarjana,12,126,10.5,89,89,Tidak Ada
621,UNIVERSITAS MATARAM,Akademik,16211013,FISIKA,Sarjana,12,45,3.75,78,78,Tidak Ada
621,UNIVERSITAS MATARAM,Akademik,16211014,KIMIA,Sarjana,12,99,8.25,82,82,Tidak Ada
621,UNIVERSITAS MATARAM,Akademik,16211015,PETERNAKAN,Sarjana,60,343,5.716666666666667,81,81,Tidak Ada
621,UNIVERSITAS MATARAM,Akademik,16211016,PENDIDIKAN DOKTER,Sarjana,45,980,21.77777777777778,95,95,Tidak Ada
621,UNIVERSITAS MATARAM,Akademik,16211017,ILMU DAN TEKNOLOGI PANGAN,Sarjana,30,392,13.066666666666666,85,85,Tidak Ada
621,UNIVERSITAS MATARAM,Akademik,16211018,KETEKNIKAN PERTANIAN,Sarjana,30,264,8.8,84,84,Tidak Ada
621,UNIVERSITAS MATARAM,Akademik,16211019,BUDIDAYA PERAIRAN,Sarjana,21,72,3.4285714285714284,77,77,Tidak Ada
621,UNIVERSITAS MATARAM,Akademik,16211020,TEKNIK INFORMATIKA,Sarjana,30,1230,41.0,94,94,Tidak Ada
621,UNIVERSITAS MATARAM,Akademik,16211021,FARMASI,Sarjana,18,1256,69.77777777777777,95,95,Tidak Ada
621,UNIVERSITAS MATARAM,Akademik,16211022,ILMU TANAH,Sarjana,23,116,5.043478260869565,83,83,Tidak Ada
621,UNIVERSITAS MATARAM,Akademik,16211023,ILMU KELAUTAN,Sarjana,21,77,3.6666666666666665,77,77,Tidak Ada
621,UNIVERSITAS MATARAM,Akademik,16211024,ARSITEKTUR,Sarjana,20,276,13.8,90,90,Tidak Ada
621,UNIVERSITAS MATARAM,Akademik,16211025,ILMU LINGKUNGAN,Sarjana,12,182,15.166666666666666,90,90,Tidak Ada
621,UNIVERSITAS MATARAM,Akademik,16211026,EKONOMI PEMBANGUNAN,Sarjana,46,471,10.23913043478261,88,88,Tidak Ada
621,UNIVERSITAS MATARAM,Akademik,16211027,MANAJEMEN,Sarjana,60,1668,27.8,88,88,Tidak Ada
621,UNIVERSITAS MATARAM,Akademik,16211028,AKUNTANSI,Sarjana,46,1161,25.23913043478261,90,90,Tidak Ada
621,UNIVERSITAS MATARAM,Akademik,16211029,ILMU HUKUM,Sarjana,90,938,10.422222222222222,88,88,Tidak Ada
621,UNIVERSITAS MATARAM,Akademik,16211030,PENDIDIKAN BAHASA DAN SASTRA INDONESIA,Sarjana,42,640,15.238095238095237,87,87,Tidak Ada
621,UNIVERSITAS MATARAM,Akademik,16211031,PENDIDIKAN BAHASA INGGRIS,Sarjana,50,613,12.26,86,86,Tidak Ada
621,UNIVERSITAS MATARAM,Akademik,16211032,PENDIDIKAN PANCASILA DAN KEWARGANEGARAAN,Sarjana,28,452,16.142857142857142,86,86,Tidak Ada
621,UNIVERSITAS MATARAM,Akademik,16211033,PENDIDIKAN GURU SEKOLAH DASAR,Sarjana,60,1832,30.533333333333335,88,88,Tidak Ada
621,UNIVERSITAS MATARAM,Akademik,16211034,PENDIDIKAN ANAK USIA DINI,Sarjana,24,271,11.291666666666666,85,85,Tidak Ada
621,UNIVERSITAS MATARAM,Akademik,16211035,HUBUNGAN INTERNASIONAL,Sarjana,30,381,12.7,85,85,Tidak Ada
621,UNIVERSITAS MATARAM,Akademik,16211036,ILMU KOMUNIKASI,Sarjana,22,644,29.272727272727273,93,93,Tidak Ada
621,UNIVERSITAS MATARAM,Akademik,16211037,SOSIOLOGI,Sarjana,30,230,7.666666666666667,81,81,Tidak Ada
621,UNIVERSITAS MATARAM,Akademik,16211038,PENDIDIKAN SOSIOLOGI,Sarjana,28,275,9.821428571428571,85,85,Tidak Ada
621,UNIVERSITAS MATARAM,Akademik,16211048,STATISTIKA,Sarjana,12,199,16.583333333333332,90,90,Tidak Ada
621,UNIVERSITAS MATARAM,Akademik,16211049,TEKNIK INDUSTRI,Sarjana,15,353,23.533333333333335,93,93,Tidak Ada
621,UNIVERSITAS MATARAM,Akademik,16213039,PERPAJAKAN,Diploma Tiga,30,164,5.466666666666667,87,87,Tidak Ada
621,UNIVERSITAS MATARAM,Akademik,16213043,AKUNTANSI,Diploma Tiga,35,68,1.9428571428571428,80,80,Tidak Ada
621,UNIVERSITAS MATARAM,Akademik,16213044,AGRIBISNIS PETERNAKAN,Diploma Tiga,15,23,1.5333333333333334,76,76,Tidak Ada
621,UNIVERSITAS MATARAM,Akademik,16213047,PARIWISATA,Diploma Tiga,30,263,8.766666666666667,87,87,Tidak Ada
631,UNIVERSITAS NUSA CENDANA,Akademik,16311001,PEND. MATEMATIKA,Sarjana,33,189,5.7272727272727275,87,87,Tidak Ada
631,UNIVERSITAS NUSA CENDANA,Akademik,16311002,PEND. BIOLOGI,Sarjana,30,165,5.5,87,87,Tidak Ada
631,UNIVERSITAS NUSA CENDANA,Akademik,16311003,PEND. FISIKA,Sarjana,33,78,2.3636363636363638,81,81,Tidak Ada
631,UNIVERSITAS NUSA CENDANA,Akademik,16311004,PEND. KIMIA,Sarjana,35,95,2.7142857142857144,76,76,Tidak Ada
631,UNIVERSITAS NUSA CENDANA,Akademik,16311005,PEND. TEKNIK BANGUNAN,Sarjana,24,25,1.0416666666666667,81,81,Tidak Ada
631,UNIVERSITAS NUSA CENDANA,Akademik,16311006,PEND. TEKNIK MESIN,Sarjana,24,60,2.5,79,79,Tidak Ada
631,UNIVERSITAS NUSA CENDANA,Akademik,16311007,PEND. TEKNIK ELEKTRO,Sarjana,24,37,1.5416666666666667,82,82,Tidak Ada
631,UNIVERSITAS NUSA CENDANA,Akademik,16311008,AGRONOMI/AGROEKOTEKNOLOGI,Sarjana,67,89,1.328358208955224,78,78,Tidak Ada
631,UNIVERSITAS NUSA CENDANA,Akademik,16311009,AGRIBISNIS,Sarjana,60,134,2.2333333333333334,80,80,Tidak Ada
631,UNIVERSITAS NUSA CENDANA,Akademik,16311010,ILMU PETERNAKAN,Sarjana,120,240,2.0,78,78,Tidak Ada
631,UNIVERSITAS NUSA CENDANA,Akademik,16311011,ILMU KESEHATAN MASYARAKAT,Sarjana,59,1302,22.06779661016949,90,90,Tidak Ada
631,UNIVERSITAS NUSA CENDANA,Akademik,16311012,MATEMATIKA,Sarjana,36,116,3.2222222222222223,77,77,Tidak Ada
631,UNIVERSITAS NUSA CENDANA,Akademik,16311013,BIOLOGI,Sarjana,36,112,3.111111111111111,77,77,Tidak Ada
631,UNIVERSITAS NUSA CENDANA,Akademik,16311014,FISIKA,Sarjana,24,31,1.2916666666666667,76,76,Tidak Ada
631,UNIVERSITAS NUSA CENDANA,Akademik,16311015,KIMIA,Sarjana,30,53,1.7666666666666666,82,82,Tidak Ada
631,UNIVERSITAS NUSA CENDANA,Akademik,16311016,TEKNIK SIPIL,Sarjana,35,372,10.628571428571428,88,88,Tidak Ada
631,UNIVERSITAS NUSA CENDANA,Akademik,16311017,TEKNIK ELEKTRO,Sarjana,29,125,4.310344827586207,77,77,Tidak Ada
631,UNIVERSITAS NUSA CENDANA,Akademik,16311018,TEKNIK MESIN,Sarjana,37,146,3.945945945945946,80,80,Tidak Ada
631,UNIVERSITAS NUSA CENDANA,Akademik,16311019,ILMU KOMPUTER,Sarjana,30,808,26.933333333333334,88,88,Tidak Ada
631,UNIVERSITAS NUSA CENDANA,Akademik,16311020,TEKNIK ARSITEKTUR,Sarjana,39,122,3.128205128205128,77,77,Tidak Ada
631,UNIVERSITAS NUSA CENDANA,Akademik,16311021,TEKNIK PERTAMBANGAN,Sarjana,30,157,5.233333333333333,86,86,Tidak Ada
631,UNIVERSITAS NUSA CENDANA,Akademik,16311022,PENDIDIKAN DOKTER,Sarjana,33,777,23.545454545454547,95,95,Tidak Ada
631,UNIVERSITAS NUSA CENDANA,Akademik,16311023,BUDIDAYA PERIKANAN,Sarjana,30,62,2.066666666666667,81,81,Tidak Ada
631,UNIVERSITAS NUSA CENDANA,Akademik,16311024,KEDOKTERAN HEWAN,Sarjana,24,279,11.625,88,88,Tidak Ada
631,UNIVERSITAS NUSA CENDANA,Akademik,16311025,KEHUTANAN,Sarjana,31,142,4.580645161290323,77,77,Tidak Ada
631,UNIVERSITAS NUSA CENDANA,Akademik,16311026,MANAJEMEN SUMBER DAYA PERAIRAN,Sarjana,30,49,1.6333333333333333,82,82,Tidak Ada
631,UNIVERSITAS NUSA CENDANA,Akademik,16311027,PEND. BHS  & SASTRA  INDO.,Sarjana,48,251,5.229166666666667,84,84,Tidak Ada
631,UNIVERSITAS NUSA CENDANA,Akademik,16311028,PEND. BHS. INGGRIS,Sarjana,48,299,6.229166666666667,81,81,Tidak Ada
631,UNIVERSITAS NUSA CENDANA,Akademik,16311029,PPKN,Sarjana,36,512,14.222222222222221,90,90,Tidak Ada
631,UNIVERSITAS NUSA CENDANA,Akademik,16311030,PEND. EKONOMI,Sarjana,36,121,3.361111111111111,76,76,Tidak Ada
631,UNIVERSITAS NUSA CENDANA,Akademik,16311031,PEND. GEOGRAFI,Sarjana,42,210,5.0,83,83,Tidak Ada
631,UNIVERSITAS NUSA CENDANA,Akademik,16311032,PEND. SEJARAH,Sarjana,35,188,5.371428571428571,87,87,Tidak Ada
631,UNIVERSITAS NUSA CENDANA,Akademik,16311033,BIMBINGAN KONSELING,Sarjana,27,552,20.444444444444443,95,95,Tidak Ada
631,UNIVERSITAS NUSA CENDANA,Akademik,16311034,PEND. LUAR SEKOLAH,Sarjana,24,27,1.125,78,78,Tidak Ada
631,UNIVERSITAS NUSA CENDANA,Akademik,16311035,PEND. ANAK USIA DINI,Sarjana,27,189,7.0,81,81,Tidak Ada
631,UNIVERSITAS NUSA CENDANA,Akademik,16311036,PEND. GURU SEKOLAH  DASAR,Sarjana,60,1267,21.116666666666667,89,89,Tidak Ada
631,UNIVERSITAS NUSA CENDANA,Akademik,16311037,ILMU HUKUM,Sarjana,102,581,5.696078431372549,83,83,Tidak Ada
631,UNIVERSITAS NUSA CENDANA,Akademik,16311038,ILMU ADM.NEGARA,Sarjana,93,363,3.903225806451613,77,77,Tidak Ada
631,UNIVERSITAS NUSA CENDANA,Akademik,16311039,ILMU ADM.NIAGA,Sarjana,75,136,1.8133333333333332,79,79,Tidak Ada
631,UNIVERSITAS NUSA CENDANA,Akademik,16311040,SOSIOLOGI,Sarjana,49,239,4.877551020408164,77,77,Tidak Ada
631,UNIVERSITAS NUSA CENDANA,Akademik,16311041,ILMU KOMUNIKASI,Sarjana,74,560,7.5675675675675675,80,80,Tidak Ada
631,UNIVERSITAS NUSA CENDANA,Akademik,16311042,ILMU POLITIK,Sarjana,46,78,1.6956521739130435,77,77,Tidak Ada
631,UNIVERSITAS NUSA CENDANA,Akademik,16311043,PENJASKESREK,Sarjana,36,118,3.2777777777777777,78,78,Olahraga
631,UNIVERSITAS NUSA CENDANA,Akademik,16311044,EKONOMI PEMBANGUNAN,Sarjana,41,94,2.292682926829268,80,80,Tidak Ada
631,UNIVERSITAS NUSA CENDANA,Akademik,16311045,AKUNTANSI,Sarjana,59,832,14.101694915254237,86,86,Tidak Ada
631,UNIVERSITAS NUSA CENDANA,Akademik,16311046,MANAJEMEN,Sarjana,86,815,9.476744186046512,82,82,Tidak Ada
631,UNIVERSITAS NUSA CENDANA,Akademik,16311047,PSIKOLOGI,Sarjana,38,361,9.5,82,82,Tidak Ada
631,UNIVERSITAS NUSA CENDANA,Akademik,16311049,FARMASI,Sarjana,20,1051,52.55,94,94,Tidak Ada
631,UNIVERSITAS NUSA CENDANA,Akademik,16313048,TEKNIK PEMBUATAN TENUN IKAT,Diploma Tiga,12,19,1.5833333333333333,78,78,Tidak Ada
632,UNIVERSITAS TIMOR,Akademik,16321001,AGRIBISNIS,Sarjana,39,29,0.7435897435897436,78,78,Tidak Ada
632,UNIVERSITAS TIMOR,Akademik,16321002,AGROTEKNOLOGI,Sarjana,33,19,0.5757575757575758,75,75,Tidak Ada
632,UNIVERSITAS TIMOR,Akademik,16321003,PETERNAKAN,Sarjana,39,24,0.6153846153846154,76,76,Tidak Ada
632,UNIVERSITAS TIMOR,Akademik,16321004,PEND. BIOLOGI,Sarjana,54,56,1.037037037037037,80,80,Tidak Ada
632,UNIVERSITAS TIMOR,Akademik,16321005,PEND. MATEMATIKA,Sarjana,54,36,0.6666666666666666,81,81,Tidak Ada
632,UNIVERSITAS TIMOR,Akademik,16321006,BIOLOGI,Sarjana,30,22,0.7333333333333333,75,75,Tidak Ada
632,UNIVERSITAS TIMOR,Akademik,16321007,MATEMATIKA,Sarjana,18,16,0.8888888888888888,75,75,Tidak Ada
632,UNIVERSITAS TIMOR,Akademik,16321008,KIMIA,Sarjana,24,18,0.75,77,77,Tidak Ada
632,UNIVERSITAS TIMOR,Akademik,16321009,TEKNOLOGI INFORMASI,Sarjana,53,178,3.358490566037736,78,78,Tidak Ada
632,UNIVERSITAS TIMOR,Akademik,16321010,ADM. NEGARA,Sarjana,87,54,0.6206896551724138,77,77,Tidak Ada
632,UNIVERSITAS TIMOR,Akademik,16321011,ILMU PEMERINTAHAN,Sarjana,75,40,0.5333333333333333,76,76,Tidak Ada
632,UNIVERSITAS TIMOR,Akademik,16321012,PEND. BAHASA INDONESIA,Sarjana,54,96,1.7777777777777777,79,79,Tidak Ada
632,UNIVERSITAS TIMOR,Akademik,16321013,PEND. BAHASA INGGRIS,Sarjana,51,37,0.7254901960784313,79,79,Tidak Ada
632,UNIVERSITAS TIMOR,Akademik,16321014,MANAJEMEN,Sarjana,90,108,1.2,78,78,Tidak Ada
632,UNIVERSITAS TIMOR,Akademik,16321015,EKO. PEMBANGUNAN,Sarjana,68,26,0.38235294117647056,81,81,Tidak Ada
632,UNIVERSITAS TIMOR,Akademik,16321017,KEHUTANAN,Sarjana,18,0,0.0,76,76,Tidak Ada
632,UNIVERSITAS TIMOR,Akademik,16321018,TEKNOLOGI HASIL PERTANIAN,Sarjana,15,0,0.0,75,75,Tidak Ada
632,UNIVERSITAS TIMOR,Akademik,16323016,KEPERAWATAN,Diploma Tiga,32,95,2.96875,80,80,Tidak Ada
711,UNIVERSITAS HASANUDDIN,Akademik,17111001,MATEMATIKA,Sarjana,32,159,4.96875,77,77,Tidak Ada
711,UNIVERSITAS HASANUDDIN,Akademik,17111002,FISIKA,Sarjana,32,88,2.75,79,79,Tidak Ada
711,UNIVERSITAS HASANUDDIN,Akademik,17111003,KESEHATAN MASYARAKAT,Sarjana,119,1466,12.319327731092438,85,85,Tidak Ada
711,UNIVERSITAS HASANUDDIN,Akademik,17111004,FARMASI,Sarjana,50,1572,31.44,90,90,Tidak Ada
711,UNIVERSITAS HASANUDDIN,Akademik,17111005,KIMIA,Sarjana,40,203,5.075,86,86,Tidak Ada
711,UNIVERSITAS HASANUDDIN,Akademik,17111006,BIOLOGI,Sarjana,40,164,4.1,81,81,Tidak Ada
711,UNIVERSITAS HASANUDDIN,Akademik,17111007,PENDIDIKAN DOKTER,Sarjana,69,1579,22.884057971014492,89,89,Tidak Ada
711,UNIVERSITAS HASANUDDIN,Akademik,17111008,AGROTEKNOLOGI,Sarjana,80,359,4.4875,80,80,Tidak Ada
711,UNIVERSITAS HASANUDDIN,Akademik,17111009,ILMU DAN TEKNOLOGI PANGAN,Sarjana,47,335,7.127659574468085,82,82,Tidak Ada
711,UNIVERSITAS HASANUDDIN,Akademik,17111010,AGRIBISNIS,Sarjana,64,405,6.328125,85,85,Tidak Ada
711,UNIVERSITAS HASANUDDIN,Akademik,17111011,TEKNIK PERTANIAN,Sarjana,51,280,5.490196078431373,86,86,Tidak Ada
711,UNIVERSITAS HASANUDDIN,Akademik,17111012,TEKNIK SIPIL,Sarjana,34,741,21.794117647058822,93,93,Tidak Ada
711,UNIVERSITAS HASANUDDIN,Akademik,17111013,TEKNIK MESIN,Sarjana,34,351,10.323529411764707,85,85,Tidak Ada
711,UNIVERSITAS HASANUDDIN,Akademik,17111014,TEKNIK ELEKTRO,Sarjana,50,515,10.3,87,87,Tidak Ada
711,UNIVERSITAS HASANUDDIN,Akademik,17111015,TEKNIK PERKAPALAN,Sarjana,32,265,8.28125,81,81,Tidak Ada
711,UNIVERSITAS HASANUDDIN,Akademik,17111016,TEKNIK GEOLOGI,Sarjana,25,586,23.44,91,91,Tidak Ada
711,UNIVERSITAS HASANUDDIN,Akademik,17111017,PENDIDIKAN DOKTER GIGI,Sarjana,50,1033,20.66,88,88,Tidak Ada
711,UNIVERSITAS HASANUDDIN,Akademik,17111018,TEKNIK ARSITEKTUR,Sarjana,30,386,12.866666666666667,90,90,Tidak Ada
711,UNIVERSITAS HASANUDDIN,Akademik,17111019,KEHUTANAN,Sarjana,135,437,3.237037037037037,82,82,Tidak Ada
711,UNIVERSITAS HASANUDDIN,Akademik,17111020,GEOFISIKA,Sarjana,40,165,4.125,78,78,Tidak Ada
711,UNIVERSITAS HASANUDDIN,Akademik,17111021,STATISTIKA,Sarjana,32,313,9.78125,81,81,Tidak Ada
711,UNIVERSITAS HASANUDDIN,Akademik,17111022,ILMU GIZI,Sarjana,54,790,14.62962962962963,88,88,Tidak Ada
711,UNIVERSITAS HASANUDDIN,Akademik,17111023,ILMU KELAUTAN,Sarjana,84,123,1.4642857142857142,77,77,Tidak Ada
711,UNIVERSITAS HASANUDDIN,Akademik,17111024,BUDIDAYA PERAIRAN,Sarjana,39,62,1.5897435897435896,78,78,Tidak Ada
711,UNIVERSITAS HASANUDDIN,Akademik,17111025,MANAJEMEN SUMBERDAYA PERAIRAN,Sarjana,44,66,1.5,81,81,Tidak Ada
711,UNIVERSITAS HASANUDDIN,Akademik,17111026,PEMANFAATAN SUMBERDAYA PERIKANAN,Sarjana,32,32,1.0,80,80,Tidak Ada
711,UNIVERSITAS HASANUDDIN,Akademik,17111027,AGROBISNIS PERIKANAN,Sarjana,42,76,1.8095238095238095,77,77,Tidak Ada
711,UNIVERSITAS HASANUDDIN,Akademik,17111028,ILMU KEPERAWATAN,Sarjana,68,1192,17.529411764705884,88,88,Tidak Ada
711,UNIVERSITAS HASANUDDIN,Akademik,17111029,PETERNAKAN,Sarjana,216,250,1.1574074074074074,78,78,Tidak Ada
711,UNIVERSITAS HASANUDDIN,Akademik,17111030,TEKNIK KELAUTAN,Sarjana,29,132,4.551724137931035,82,82,Tidak Ada
711,UNIVERSITAS HASANUDDIN,Akademik,17111031,TEKNIK INDUSTRI,Sarjana,23,695,30.217391304347824,88,88,Tidak Ada
711,UNIVERSITAS HASANUDDIN,Akademik,17111032,TEKNIK SISTEM PERKAPALAN,Sarjana,43,126,2.9302325581395348,80,80,Tidak Ada
711,UNIVERSITAS HASANUDDIN,Akademik,17111033,PERENCANAAN WILAYAH DAN KOTA,Sarjana,20,260,13.0,90,90,Tidak Ada
711,UNIVERSITAS HASANUDDIN,Akademik,17111034,TEKNIK PERTAMBANGAN,Sarjana,20,1242,62.1,94,94,Tidak Ada
711,UNIVERSITAS HASANUDDIN,Akademik,17111035,TEKNIK INFORMATIKA,Sarjana,27,1457,53.96296296296296,91,91,Tidak Ada
711,UNIVERSITAS HASANUDDIN,Akademik,17111036,FISOTERAPI,Sarjana,40,535,13.375,88,88,Tidak Ada
711,UNIVERSITAS HASANUDDIN,Akademik,17111037,TEKNIK LINGKUNGAN,Sarjana,25,378,15.12,85,85,Tidak Ada
711,UNIVERSITAS HASANUDDIN,Akademik,17111038,KEDOKTERAN HEWAN,Sarjana,46,334,7.260869565217392,83,83,Tidak Ada
711,UNIVERSITAS HASANUDDIN,Akademik,17111039,PSIKOLOGI,Sarjana,39,758,19.435897435897434,86,86,Tidak Ada
711,UNIVERSITAS HASANUDDIN,Akademik,17111040,SISTEM INFORMASI,Sarjana,46,559,12.152173913043478,90,90,Tidak Ada
711,UNIVERSITAS HASANUDDIN,Akademik,17111041,ILMU AKTUARIA,Sarjana,18,228,12.666666666666666,90,90,Tidak Ada
711,UNIVERSITAS HASANUDDIN,Akademik,17111042,REKAYASA KEHUTANAN,Sarjana,45,87,1.9333333333333333,78,78,Tidak Ada
711,UNIVERSITAS HASANUDDIN,Akademik,17111045,ILMU TANAH,Sarjana,45,132,2.933333333333333,79,79,Tidak Ada
711,UNIVERSITAS HASANUDDIN,Akademik,17111046,PROTEKSI TANAMAN,Sarjana,43,102,2.372093023255814,77,77,Tidak Ada
711,UNIVERSITAS HASANUDDIN,Akademik,17111047,KONSERVASI HUTAN,Sarjana,36,93,2.5833333333333335,78,78,Tidak Ada
711,UNIVERSITAS HASANUDDIN,Akademik,17111048,TEKNOLOGI HASIL PERIKANAN,Sarjana,32,50,1.5625,75,75,Tidak Ada
711,UNIVERSITAS HASANUDDIN,Akademik,17111054,MANAJEMEN,Sarjana,70,1383,19.757142857142856,86,86,Tidak Ada
711,UNIVERSITAS HASANUDDIN,Akademik,17111055,ILMU HUKUM,Sarjana,121,1464,12.099173553719009,85,85,Tidak Ada
711,UNIVERSITAS HASANUDDIN,Akademik,17111056,ILMU POLITIK,Sarjana,31,194,6.258064516129032,82,82,Tidak Ada
711,UNIVERSITAS HASANUDDIN,Akademik,17111057,ANTROPOLOGI,Sarjana,28,144,5.142857142857143,83,83,Tidak Ada
711,UNIVERSITAS HASANUDDIN,Akademik,17111058,ILMU SEJARAH,Sarjana,30,113,3.7666666666666666,77,77,Tidak Ada
711,UNIVERSITAS HASANUDDIN,Akademik,17111059,ILMU KOMUNIKASI,Sarjana,41,751,18.317073170731707,85,85,Tidak Ada
711,UNIVERSITAS HASANUDDIN,Akademik,17111060,SOSIOLOGI,Sarjana,33,140,4.242424242424242,78,78,Tidak Ada
711,UNIVERSITAS HASANUDDIN,Akademik,17111061,AKUNTANSI,Sarjana,70,1038,14.82857142857143,87,87,Tidak Ada
711,UNIVERSITAS HASANUDDIN,Akademik,17111062,ILMU PEMERINTAHAN,Sarjana,35,285,8.142857142857142,80,80,Tidak Ada
711,UNIVERSITAS HASANUDDIN,Akademik,17111063,ILMU HUBUNGAN INTERNASIONAL,Sarjana,40,431,10.775,89,89,Tidak Ada
711,UNIVERSITAS HASANUDDIN,Akademik,17111064,ADMINISTRASI PUBLIK,Sarjana,36,543,15.083333333333334,87,87,Tidak Ada
711,UNIVERSITAS HASANUDDIN,Akademik,17111065,SASTRA INDONESIA,Sarjana,72,199,2.763888888888889,81,81,Tidak Ada
711,UNIVERSITAS HASANUDDIN,Akademik,17111066,SASTRA DAERAH,Sarjana,12,23,1.9166666666666667,81,81,Tidak Ada
711,UNIVERSITAS HASANUDDIN,Akademik,17111067,SASTRA ARAB,Sarjana,40,126,3.15,75,75,Tidak Ada
711,UNIVERSITAS HASANUDDIN,Akademik,17111068,SASTRA INGGRIS,Sarjana,83,430,5.180722891566265,80,80,Tidak Ada
711,UNIVERSITAS HASANUDDIN,Akademik,17111069,SASTRA PERANCIS,Sarjana,12,15,1.25,78,78,Tidak Ada
711,UNIVERSITAS HASANUDDIN,Akademik,17111070,ARKEOLOGI,Sarjana,35,101,2.8857142857142857,77,77,Tidak Ada
711,UNIVERSITAS HASANUDDIN,Akademik,17111071,SASTRA JEPANG,Sarjana,60,158,2.6333333333333333,76,76,Tidak Ada
711,UNIVERSITAS HASANUDDIN,Akademik,17111072,EKONOMI PEMBANGUNAN,Sarjana,45,354,7.866666666666666,80,80,Tidak Ada
711,UNIVERSITAS HASANUDDIN,Akademik,17111073,HUKUM ADMINISTRASI NEGARA,Sarjana,27,398,14.74074074074074,88,88,Tidak Ada
711,UNIVERSITAS HASANUDDIN,Akademik,17111074,BAHASA MANDARIN DAN KEBUDAYAAN TIONGKOK,Sarjana,51,220,4.313725490196078,82,82,Tidak Ada
711,UNIVERSITAS HASANUDDIN,Akademik,17111077,PARIWISATA,Sarjana,44,413,9.386363636363637,80,80,Tidak Ada
711,UNIVERSITAS HASANUDDIN,Akademik,17111080,EKONOMI DAN BISNIS ISLAM,Sarjana,21,205,9.761904761904763,80,80,Tidak Ada
711,UNIVERSITAS HASANUDDIN,Akademik,17111081,TEKNOLOGI INDUSTRI PERTANIAN,Sarjana,27,112,4.148148148148148,76,76,Tidak Ada
711,UNIVERSITAS HASANUDDIN,Akademik,17111084,TEKNIK GEODESI,Sarjana,15,57,3.8,82,82,Tidak Ada
711,UNIVERSITAS HASANUDDIN,Akademik,17111085,TEKNIK METALURGI DAN MATERIAL,Sarjana,17,239,14.058823529411764,90,90,Tidak Ada
711,UNIVERSITAS HASANUDDIN,Akademik,17111087,PEMULIAAN DAN BIOTEKNOLOGI TANAMAN,Sarjana,12,0,0.0,75,75,Tidak Ada
711,UNIVERSITAS HASANUDDIN,Akademik,17111088,PEMBANGUNAN PERTANIAN,Sarjana,12,0,0.0,79,79,Tidak Ada
711,UNIVERSITAS HASANUDDIN,Akademik,17112043,TEKNOLOGI PRODUKSI TERNAK,Sarjana Terapan,13,6,0.46153846153846156,82,82,Tidak Ada
711,UNIVERSITAS HASANUDDIN,Akademik,17112044,TEKNOLOGI PRODUKSI TANAMAN PANGAN,Sarjana Terapan,14,20,1.4285714285714286,75,75,Tidak Ada
711,UNIVERSITAS HASANUDDIN,Akademik,17112049,AGRIBISNIS PANGAN,Sarjana Terapan,18,35,1.9444444444444444,77,77,Tidak Ada
711,UNIVERSITAS HASANUDDIN,Akademik,17112050,TEKNOLOGI PAKAN TERNAK,Sarjana Terapan,13,8,0.6153846153846154,77,77,Tidak Ada
711,UNIVERSITAS HASANUDDIN,Akademik,17112051,AGRIBISNIS PETERNAKAN,Sarjana Terapan,15,22,1.4666666666666666,80,80,Tidak Ada
711,UNIVERSITAS HASANUDDIN,Akademik,17112052,TERAPI GIGI,Sarjana Terapan,40,154,3.85,79,79,Tidak Ada
711,UNIVERSITAS HASANUDDIN,Akademik,17112053,BUDI DAYA LAUT DAN PANTAI,Sarjana Terapan,13,8,0.6153846153846154,82,82,Tidak Ada
711,UNIVERSITAS HASANUDDIN,Akademik,17112075,DESTINASI PARIWISATA,Sarjana Terapan,15,43,2.8666666666666667,75,75,Tidak Ada
711,UNIVERSITAS HASANUDDIN,Akademik,17112078,TEKNOLOGI AKUAKULTUR DAN PASCA PANEN PERIKANAN,Sarjana Terapan,8,3,0.375,76,76,Tidak Ada
711,UNIVERSITAS HASANUDDIN,Akademik,17112079,PARAMEDIK VETERINER,Sarjana Terapan,21,34,1.619047619047619,75,75,Tidak Ada
711,UNIVERSITAS HASANUDDIN,Akademik,17112082,TEKNOLOGI METALURGI EKSTRAKSI,Sarjana Terapan,14,35,2.5,75,75,Tidak Ada
711,UNIVERSITAS HASANUDDIN,Akademik,17112083,PENGINDERAAN JAUH DAN SISTEM INFORMASI GEOGRAFIS,Sarjana Terapan,12,20,1.6666666666666667,75,75,Tidak Ada
711,UNIVERSITAS HASANUDDIN,Akademik,17112086,KOMUNIKASI DIGITAL,Sarjana Terapan,12,0,0.0,82,82,Tidak Ada
712,UNIVERSITAS NEGERI MAKASSAR,Akademik,17121001,PENDIDIKAN MATEMATIKA,Sarjana,52,418,8.038461538461538,80,80,Tidak Ada
712,UNIVERSITAS NEGERI MAKASSAR,Akademik,17121002,PENDIDIKAN FISIKA,Sarjana,32,157,4.90625,80,80,Tidak Ada
712,UNIVERSITAS NEGERI MAKASSAR,Akademik,17121003,PENDIDIKAN KIMIA,Sarjana,32,140,4.375,81,81,Tidak Ada
712,UNIVERSITAS NEGERI MAKASSAR,Akademik,17121004,PENDIDIKAN BIOLOGI,Sarjana,52,326,6.269230769230769,80,80,Tidak Ada
712,UNIVERSITAS NEGERI MAKASSAR,Akademik,17121005,MATEMATIKA,Sarjana,31,116,3.7419354838709675,80,80,Tidak Ada
712,UNIVERSITAS NEGERI MAKASSAR,Akademik,17121006,FISIKA,Sarjana,26,54,2.076923076923077,77,77,Tidak Ada
712,UNIVERSITAS NEGERI MAKASSAR,Akademik,17121007,KIMIA,Sarjana,26,106,4.076923076923077,75,75,Tidak Ada
712,UNIVERSITAS NEGERI MAKASSAR,Akademik,17121008,BIOLOGI,Sarjana,30,133,4.433333333333334,80,80,Tidak Ada
712,UNIVERSITAS NEGERI MAKASSAR,Akademik,17121009,GEOGRAFI,Sarjana,30,113,3.7666666666666666,77,77,Tidak Ada
712,UNIVERSITAS NEGERI MAKASSAR,Akademik,17121010,PENDIDIKAN TEKNIK ELEKTRO,Sarjana,35,73,2.085714285714286,79,79,Tidak Ada
712,UNIVERSITAS NEGERI MAKASSAR,Akademik,17121011,PEND. TEKNIK ELEKTRONIKA,Sarjana,22,43,1.9545454545454546,75,75,Tidak Ada
712,UNIVERSITAS NEGERI MAKASSAR,Akademik,17121012,PENDIDIKAN TEKNIK MESIN,Sarjana,22,67,3.0454545454545454,78,78,Tidak Ada
712,UNIVERSITAS NEGERI MAKASSAR,Akademik,17121013,PEND. TEKNIK OTOMOTIF,Sarjana,33,72,2.1818181818181817,76,76,Tidak Ada
712,UNIVERSITAS NEGERI MAKASSAR,Akademik,17121014,PENDIDIKAN TEKNIK BANGUNAN,Sarjana,22,41,1.8636363636363635,78,78,Tidak Ada
712,UNIVERSITAS NEGERI MAKASSAR,Akademik,17121015,ILMU KEOLAHRAGAAN,Sarjana,29,107,3.689655172413793,77,77,Olahraga
712,UNIVERSITAS NEGERI MAKASSAR,Akademik,17121016,PENDIDIKAN TEKNIK INFORMATIKA & KOMPUTER,Sarjana,58,881,15.189655172413794,88,88,Tidak Ada
712,UNIVERSITAS NEGERI MAKASSAR,Akademik,17121017,PEND. KIMIA KLS INTERNASIONAL (BILINGUAL),Sarjana,12,24,2.0,78,78,Tidak Ada
712,UNIVERSITAS NEGERI MAKASSAR,Akademik,17121018,PEND. MATEMATIKA KLS INTERNAS. (BILINGUAL),Sarjana,12,52,4.333333333333333,75,75,Tidak Ada
712,UNIVERSITAS NEGERI MAKASSAR,Akademik,17121019,DESAIN KOMUNIKASI VISUAL,Sarjana,57,154,2.7017543859649122,78,78,"Seni Rupa, Desain, dan Kriya"
712,UNIVERSITAS NEGERI MAKASSAR,Akademik,17121020,PEND. BIOLOGI KLS INTERNASIONAL (BILINGUAL),Sarjana,12,46,3.8333333333333335,80,80,Tidak Ada
712,UNIVERSITAS NEGERI MAKASSAR,Akademik,17121021,PEND. FISIKA KLS INTERNASIONAL (BILINGUAL),Sarjana,12,24,2.0,81,81,Tidak Ada
712,UNIVERSITAS NEGERI MAKASSAR,Akademik,17121022,PENDIDIKAN TEKNOLOGI PERTANIAN,Sarjana,23,121,5.260869565217392,80,80,Tidak Ada
712,UNIVERSITAS NEGERI MAKASSAR,Akademik,17121023,PENDIDIKAN IPA,Sarjana,30,157,5.233333333333333,86,86,Tidak Ada
712,UNIVERSITAS NEGERI MAKASSAR,Akademik,17121024,PENDIDIKAN IPA KLS INTERNASIONAL (BILINGUAL),Sarjana,12,25,2.0833333333333335,77,77,Tidak Ada
712,UNIVERSITAS NEGERI MAKASSAR,Akademik,17121025,STATISTIKA,Sarjana,60,221,3.683333333333333,82,82,Tidak Ada
712,UNIVERSITAS NEGERI MAKASSAR,Akademik,17121026,PENDIDIKAN VOKASIONAL MEKATRONIKA,Sarjana,22,24,1.0909090909090908,75,75,Tidak Ada
712,UNIVERSITAS NEGERI MAKASSAR,Akademik,17121027,TEKNIK KOMPUTER,Sarjana,47,765,16.27659574468085,86,86,Tidak Ada
712,UNIVERSITAS NEGERI MAKASSAR,Akademik,17121028,ADMINISTRASI KESEHATAN,Sarjana,115,1085,9.434782608695652,81,81,Tidak Ada
712,UNIVERSITAS NEGERI MAKASSAR,Akademik,17121029,GIZI,Sarjana,115,818,7.113043478260869,87,87,Tidak Ada
712,UNIVERSITAS NEGERI MAKASSAR,Akademik,17121030,ARSITEKTUR,Sarjana,33,208,6.303030303030303,85,85,Tidak Ada
712,UNIVERSITAS NEGERI MAKASSAR,Akademik,17121036,FISIOTERAPI,Sarjana,43,328,7.627906976744186,83,83,Tidak Ada
712,UNIVERSITAS NEGERI MAKASSAR,Akademik,17121037,PENDIDIKAN GEOGRAFI,Sarjana,41,220,5.365853658536586,87,87,Tidak Ada
712,UNIVERSITAS NEGERI MAKASSAR,Akademik,17121038,PENDIDIKAN KESEJAHTERAAN KELUARGA,Sarjana,13,220,16.923076923076923,86,86,Tidak Ada
712,UNIVERSITAS NEGERI MAKASSAR,Akademik,17121039,"PENDIDIKAN JASMANI, KESEHATAN & REKREASI",Sarjana,145,535,3.689655172413793,79,79,Olahraga
712,UNIVERSITAS NEGERI MAKASSAR,Akademik,17121040,PENDIDIKAN KEPELATIHAN OLAHRAGA,Sarjana,40,259,6.475,80,80,Olahraga
712,UNIVERSITAS NEGERI MAKASSAR,Akademik,17121041,ADMINISTRASI PENDIDIKAN,Sarjana,44,249,5.659090909090909,80,80,Tidak Ada
712,UNIVERSITAS NEGERI MAKASSAR,Akademik,17121042,TEKNOLOGI PENDIDIKAN,Sarjana,32,127,3.96875,81,81,Tidak Ada
712,UNIVERSITAS NEGERI MAKASSAR,Akademik,17121043,BIMBINGAN DAN KONSELING,Sarjana,56,1237,22.089285714285715,92,92,Tidak Ada
712,UNIVERSITAS NEGERI MAKASSAR,Akademik,17121044,PENDIDIKAN LUAR SEKOLAH,Sarjana,23,23,1.0,81,81,Tidak Ada
712,UNIVERSITAS NEGERI MAKASSAR,Akademik,17121045,PENDIDIKAN LUAR BIASA,Sarjana,35,73,2.085714285714286,80,80,Tidak Ada
712,UNIVERSITAS NEGERI MAKASSAR,Akademik,17121046,PENDIDIKAN BAHASA DAN SASTRA INDONESIA,Sarjana,96,613,6.385416666666667,83,83,Tidak Ada
712,UNIVERSITAS NEGERI MAKASSAR,Akademik,17121047,PENDIDIKAN BAHASA INGGRIS,Sarjana,109,506,4.6422018348623855,81,81,Tidak Ada
712,UNIVERSITAS NEGERI MAKASSAR,Akademik,17121048,SASTRA INDONESIA,Sarjana,55,87,1.5818181818181818,80,80,Tidak Ada
712,UNIVERSITAS NEGERI MAKASSAR,Akademik,17121049,SASTRA INGGRIS,Sarjana,68,238,3.5,82,82,Tidak Ada
712,UNIVERSITAS NEGERI MAKASSAR,Akademik,17121050,PENDIDIKAN BAHASA JERMAN,Sarjana,37,43,1.162162162162162,80,80,Tidak Ada
712,UNIVERSITAS NEGERI MAKASSAR,Akademik,17121051,PENDIDIKAN PANCASILA DAN KEWARGANEGARAAN,Sarjana,28,316,11.285714285714286,85,85,Tidak Ada
712,UNIVERSITAS NEGERI MAKASSAR,Akademik,17121052,PENDIDIKAAN SOSIOLOGI,Sarjana,28,235,8.392857142857142,82,82,Tidak Ada
712,UNIVERSITAS NEGERI MAKASSAR,Akademik,17121053,PENDIDIKAN SEJARAH,Sarjana,28,284,10.142857142857142,88,88,Tidak Ada
712,UNIVERSITAS NEGERI MAKASSAR,Akademik,17121054,MANAJEMEN,Sarjana,112,1458,13.017857142857142,87,87,Tidak Ada
712,UNIVERSITAS NEGERI MAKASSAR,Akademik,17121055,SOSIOLOGI,Sarjana,28,110,3.9285714285714284,75,75,Tidak Ada
712,UNIVERSITAS NEGERI MAKASSAR,Akademik,17121056,PSIKOLOGI,Sarjana,82,946,11.536585365853659,90,90,Tidak Ada
712,UNIVERSITAS NEGERI MAKASSAR,Akademik,17121057,PEND. GURU SEK. DASAR (KAMPUS MAKASSAR),Sarjana,94,1534,16.319148936170212,86,86,Tidak Ada
712,UNIVERSITAS NEGERI MAKASSAR,Akademik,17121058,PENDIDIKAN GURU PAUD,Sarjana,44,246,5.590909090909091,80,80,Tidak Ada
712,UNIVERSITAS NEGERI MAKASSAR,Akademik,17121059,PEND. GURU SEKOLAH DASAR (KAMPUS BONE),Sarjana,59,345,5.8474576271186445,85,85,Tidak Ada
712,UNIVERSITAS NEGERI MAKASSAR,Akademik,17121060,PEND. GURU SEK. DASAR (KAMPUS PARE-PARE),Sarjana,47,236,5.0212765957446805,82,82,Tidak Ada
712,UNIVERSITAS NEGERI MAKASSAR,Akademik,17121061,PENDIDIKAN IPS,Sarjana,28,118,4.214285714285714,79,79,Tidak Ada
712,UNIVERSITAS NEGERI MAKASSAR,Akademik,17121062,ADMINISTRASI NEGARA,Sarjana,46,528,11.478260869565217,85,85,Tidak Ada
712,UNIVERSITAS NEGERI MAKASSAR,Akademik,17121063,PENDIDIKAN EKONOMI,Sarjana,56,223,3.982142857142857,78,78,Tidak Ada
712,UNIVERSITAS NEGERI MAKASSAR,Akademik,17121064,PEND. GEOGRAFI KLS INTERNAS. (BILINGUAL),Sarjana,12,21,1.75,80,80,Tidak Ada
712,UNIVERSITAS NEGERI MAKASSAR,Akademik,17121065,EKONOMI PEMBANGUNAN,Sarjana,45,188,4.177777777777778,78,78,Tidak Ada
712,UNIVERSITAS NEGERI MAKASSAR,Akademik,17121066,AKUNTANSI,Sarjana,77,880,11.428571428571429,89,89,Tidak Ada
712,UNIVERSITAS NEGERI MAKASSAR,Akademik,17121067,"PENDIDIKAN SENI DRAMA,  TARI, DAN MUSIK",Sarjana,46,165,3.5869565217391304,81,81,Sendratasik
712,UNIVERSITAS NEGERI MAKASSAR,Akademik,17121068,PENDIDIKAN SENI RUPA,Sarjana,23,87,3.782608695652174,77,77,"Seni Rupa, Desain, dan Kriya"
712,UNIVERSITAS NEGERI MAKASSAR,Akademik,17121069,P. GURU SEK DASAR BILINGUAL (KAMP MAKASSAR),Sarjana,32,170,5.3125,86,86,Tidak Ada
712,UNIVERSITAS NEGERI MAKASSAR,Akademik,17121070,SENI TARI,Sarjana,11,56,5.090909090909091,80,80,Tari
712,UNIVERSITAS NEGERI MAKASSAR,Akademik,17121071,PEND. ADMINISTRASI PERKANTORAN,Sarjana,36,362,10.055555555555555,86,86,Tidak Ada
712,UNIVERSITAS NEGERI MAKASSAR,Akademik,17121073,PEND. AKUNTANSI,Sarjana,36,156,4.333333333333333,82,82,Tidak Ada
712,UNIVERSITAS NEGERI MAKASSAR,Akademik,17121074,PENDIDIKAN ANTROPOLOGI,Sarjana,28,67,2.392857142857143,76,76,Tidak Ada
712,UNIVERSITAS NEGERI MAKASSAR,Akademik,17121076,PENDIDIKAN BAHASA ARAB,Sarjana,70,169,2.414285714285714,76,76,Tidak Ada
712,UNIVERSITAS NEGERI MAKASSAR,Akademik,17121077,ILMU ADMINISTRASI BISNIS,Sarjana,36,634,17.61111111111111,86,86,Tidak Ada
712,UNIVERSITAS NEGERI MAKASSAR,Akademik,17121078,PENDIDIKAN BAHASA MANDARIN,Sarjana,37,109,2.945945945945946,79,79,Tidak Ada
712,UNIVERSITAS NEGERI MAKASSAR,Akademik,17121079,KEWIRAUSAHAAN,Sarjana,65,204,3.1384615384615384,76,76,Tidak Ada
712,UNIVERSITAS NEGERI MAKASSAR,Akademik,17121080,BISNIS DIGITAL,Sarjana,45,284,6.311111111111111,86,86,Tidak Ada
712,UNIVERSITAS NEGERI MAKASSAR,Akademik,17121093,HUKUM BISNIS,Sarjana,36,341,9.472222222222221,86,86,Tidak Ada
712,UNIVERSITAS NEGERI MAKASSAR,Akademik,17121094,REKAYASA ELEKTRO,Sarjana,22,29,1.3181818181818181,76,76,Tidak Ada
712,UNIVERSITAS NEGERI MAKASSAR,Akademik,17121095,TEKNOLOGI INDUSTRI PERTANIAN,Sarjana,24,172,7.166666666666667,86,86,Tidak Ada
712,UNIVERSITAS NEGERI MAKASSAR,Akademik,17121096,BIOTEKNOLOGI,Sarjana,32,82,2.5625,79,79,Tidak Ada
712,UNIVERSITAS NEGERI MAKASSAR,Akademik,17121097,SAINS INFORMASI GEOGRAFI,Sarjana,32,38,1.1875,75,75,Tidak Ada
712,UNIVERSITAS NEGERI MAKASSAR,Akademik,17121099,SAINS AKTUARIA,Sarjana,32,84,2.625,77,77,Tidak Ada
712,UNIVERSITAS NEGERI MAKASSAR,Akademik,17121100,KEDOKTERAN,Sarjana,10,344,34.4,90,90,Tidak Ada
712,UNIVERSITAS NEGERI MAKASSAR,Akademik,17121101,SAINS LINGKUNGAN,Sarjana,18,20,1.1111111111111112,81,81,Tidak Ada
712,UNIVERSITAS NEGERI MAKASSAR,Akademik,17121103,PENDIDIKAN BAHASA BUGIS,Sarjana,14,0,0.0,81,81,Tidak Ada
712,UNIVERSITAS NEGERI MAKASSAR,Akademik,17121104,PENDIDIKAN BAHASA MAKASSAR,Sarjana,25,0,0.0,82,82,Tidak Ada
712,UNIVERSITAS NEGERI MAKASSAR,Akademik,17121105,SASTRA ARAB,Sarjana,13,0,0.0,78,78,Tidak Ada
712,UNIVERSITAS NEGERI MAKASSAR,Akademik,17121106,REKAYASA INDUSTRI,Sarjana,12,0,0.0,82,82,Tidak Ada
712,UNIVERSITAS NEGERI MAKASSAR,Akademik,17121107,SAINS PERIKANAN,Sarjana,22,0,0.0,78,78,Tidak Ada
712,UNIVERSITAS NEGERI MAKASSAR,Akademik,17121108,PENDIDIKAN VOKASIONAL DESAIN FASHION,Sarjana,22,0,0.0,75,75,Tidak Ada
712,UNIVERSITAS NEGERI MAKASSAR,Akademik,17121109,PENDIDIKAN VOKASIONAL SENI KULINER,Sarjana,11,0,0.0,81,81,Tidak Ada
712,UNIVERSITAS NEGERI MAKASSAR,Akademik,17122031,MESIN OTOMOTIF,Sarjana Terapan,22,56,2.5454545454545454,76,76,Tidak Ada
712,UNIVERSITAS NEGERI MAKASSAR,Akademik,17122032,TEKNIK ELEKTRONIKA,Sarjana Terapan,22,39,1.7727272727272727,81,81,Tidak Ada
712,UNIVERSITAS NEGERI MAKASSAR,Akademik,17122033,TEKNIK MESIN,Sarjana Terapan,35,120,3.4285714285714284,78,78,Tidak Ada
712,UNIVERSITAS NEGERI MAKASSAR,Akademik,17122034,TEKNIK ELEKTRO,Sarjana Terapan,47,125,2.6595744680851063,79,79,Tidak Ada
712,UNIVERSITAS NEGERI MAKASSAR,Akademik,17122035,TEKNIK SIPIL BANGUNAN GEDUNG,Sarjana Terapan,58,161,2.7758620689655173,79,79,Tidak Ada
712,UNIVERSITAS NEGERI MAKASSAR,Akademik,17122081,TATA BOGA,Sarjana Terapan,33,129,3.909090909090909,77,77,Tidak Ada
712,UNIVERSITAS NEGERI MAKASSAR,Akademik,17122082,AKUNTANSI,Sarjana Terapan,36,61,1.6944444444444444,80,80,Tidak Ada
712,UNIVERSITAS NEGERI MAKASSAR,Akademik,17122083,BAHASA INGGRIS,Sarjana Terapan,41,49,1.1951219512195121,75,75,Tidak Ada
712,UNIVERSITAS NEGERI MAKASSAR,Akademik,17122098,ANIMASI,Sarjana Terapan,11,18,1.6363636363636365,76,76,"Seni Rupa, Desain, dan Kriya"
712,UNIVERSITAS NEGERI MAKASSAR,Akademik,17122102,PROMOSI KESEHATAN,Sarjana Terapan,31,30,0.967741935483871,82,82,Tidak Ada
712,UNIVERSITAS NEGERI MAKASSAR,Akademik,17123092,TATA BUSANA,Diploma Tiga,22,99,4.5,79,79,Tidak Ada
718,INSTITUT TEKNOLOGI BJ. HABIBIE SULAWESI SELATAN,Akademik,17181001,ILMU KOMPUTER,Sarjana,64,223,3.484375,82,82,Tidak Ada
718,INSTITUT TEKNOLOGI BJ. HABIBIE SULAWESI SELATAN,Akademik,17181002,SISTEM INFORMASI,Sarjana,64,159,2.484375,78,78,Tidak Ada
718,INSTITUT TEKNOLOGI BJ. HABIBIE SULAWESI SELATAN,Akademik,17181003,MATEMATIKA,Sarjana,12,15,1.25,81,81,Tidak Ada
718,INSTITUT TEKNOLOGI BJ. HABIBIE SULAWESI SELATAN,Akademik,17181004,TEKNOLOGI PANGAN,Sarjana,32,59,1.84375,75,75,Tidak Ada
718,INSTITUT TEKNOLOGI BJ. HABIBIE SULAWESI SELATAN,Akademik,17181005,SAINS DATA,Sarjana,24,27,1.125,79,79,Tidak Ada
718,INSTITUT TEKNOLOGI BJ. HABIBIE SULAWESI SELATAN,Akademik,17181006,SAINS AKTUARIA,Sarjana,24,25,1.0416666666666667,82,82,Tidak Ada
718,INSTITUT TEKNOLOGI BJ. HABIBIE SULAWESI SELATAN,Akademik,17181007,TEKNIK SISTEM ENERGI,Sarjana,24,23,0.9583333333333334,76,76,Tidak Ada
718,INSTITUT TEKNOLOGI BJ. HABIBIE SULAWESI SELATAN,Akademik,17181008,TEKNIK METALURGI,Sarjana,24,57,2.375,78,78,Tidak Ada
718,INSTITUT TEKNOLOGI BJ. HABIBIE SULAWESI SELATAN,Akademik,17181009,BIOTEKNOLOGI,Sarjana,24,46,1.9166666666666667,75,75,Tidak Ada
718,INSTITUT TEKNOLOGI BJ. HABIBIE SULAWESI SELATAN,Akademik,17181010,TEKNIK SIPIL,Sarjana,32,82,2.5625,81,81,Tidak Ada
718,INSTITUT TEKNOLOGI BJ. HABIBIE SULAWESI SELATAN,Akademik,17181011,ARSITEKTUR,Sarjana,24,31,1.2916666666666667,82,82,Tidak Ada
718,INSTITUT TEKNOLOGI BJ. HABIBIE SULAWESI SELATAN,Akademik,17181012,TEKNIK PERKAPALAN,Sarjana,24,0,0.0,81,81,Tidak Ada
718,INSTITUT TEKNOLOGI BJ. HABIBIE SULAWESI SELATAN,Akademik,17181013,TEKNIK ROBOTIKA DAN KECERDASAN BUATAN,Sarjana,28,0,0.0,81,81,Tidak Ada
718,INSTITUT TEKNOLOGI BJ. HABIBIE SULAWESI SELATAN,Akademik,17181014,TEKNIK INDUSTRI,Sarjana,24,0,0.0,75,75,Tidak Ada
718,INSTITUT TEKNOLOGI BJ. HABIBIE SULAWESI SELATAN,Akademik,17181015,TEKNIK LINGKUNGAN,Sarjana,24,0,0.0,75,75,Tidak Ada
718,INSTITUT TEKNOLOGI BJ. HABIBIE SULAWESI SELATAN,Akademik,17181016,TEKNIK MESIN,Sarjana,24,0,0.0,80,80,Tidak Ada
718,INSTITUT TEKNOLOGI BJ. HABIBIE SULAWESI SELATAN,Akademik,17181017,TEKNIK ELEKTRO,Sarjana,24,0,0.0,80,80,Tidak Ada
718,INSTITUT TEKNOLOGI BJ. HABIBIE SULAWESI SELATAN,Akademik,17181018,BISNIS DIGITAL,Sarjana,24,0,0.0,79,79,Tidak Ada
721,UNIVERSITAS SAM RATULANGI,Akademik,17211001,PENDIDIKAN DOKTER,Sarjana,40,965,24.125,92,92,Tidak Ada
721,UNIVERSITAS SAM RATULANGI,Akademik,17211002,PENDIDIKAN DOKTER GIGI,Sarjana,10,239,23.9,90,90,Tidak Ada
721,UNIVERSITAS SAM RATULANGI,Akademik,17211003,ILMU KESEHATAN MASYARAKAT,Sarjana,55,602,10.945454545454545,89,89,Tidak Ada
721,UNIVERSITAS SAM RATULANGI,Akademik,17211004,ILMU KEPERAWATAN,Sarjana,30,736,24.533333333333335,93,93,Tidak Ada
721,UNIVERSITAS SAM RATULANGI,Akademik,17211005,TEKNIK ELEKTRO,Sarjana,24,94,3.9166666666666665,81,81,Tidak Ada
721,UNIVERSITAS SAM RATULANGI,Akademik,17211006,TEKNIK MESIN,Sarjana,18,57,3.1666666666666665,76,76,Tidak Ada
721,UNIVERSITAS SAM RATULANGI,Akademik,17211007,TEKNIK SIPIL,Sarjana,36,283,7.861111111111111,81,81,Tidak Ada
721,UNIVERSITAS SAM RATULANGI,Akademik,17211008,ARSITEKTUR,Sarjana,24,111,4.625,80,80,Tidak Ada
721,UNIVERSITAS SAM RATULANGI,Akademik,17211009,PERENCANAAN WILAYAH DAN KOTA,Sarjana,22,76,3.4545454545454546,76,76,Tidak Ada
721,UNIVERSITAS SAM RATULANGI,Akademik,17211010,TEKNIK PERTANIAN,Sarjana,24,58,2.4166666666666665,79,79,Tidak Ada
721,UNIVERSITAS SAM RATULANGI,Akademik,17211011,TEKNOLOGI PANGAN,Sarjana,15,37,2.466666666666667,79,79,Tidak Ada
721,UNIVERSITAS SAM RATULANGI,Akademik,17211012,MATEMATIKA,Sarjana,20,25,1.25,81,81,Tidak Ada
721,UNIVERSITAS SAM RATULANGI,Akademik,17211013,FISIKA,Sarjana,14,11,0.7857142857142857,81,81,Tidak Ada
721,UNIVERSITAS SAM RATULANGI,Akademik,17211014,BIOLOGI,Sarjana,20,37,1.85,77,77,Tidak Ada
721,UNIVERSITAS SAM RATULANGI,Akademik,17211015,KIMIA,Sarjana,19,31,1.631578947368421,76,76,Tidak Ada
721,UNIVERSITAS SAM RATULANGI,Akademik,17211016,AGRIBISNIS,Sarjana,39,76,1.9487179487179487,80,80,Tidak Ada
721,UNIVERSITAS SAM RATULANGI,Akademik,17211017,AGROEKOTEKNOLOGI,Sarjana,15,39,2.6,82,82,Tidak Ada
721,UNIVERSITAS SAM RATULANGI,Akademik,17211018,PETERNAKAN,Sarjana,30,30,1.0,75,75,Tidak Ada
721,UNIVERSITAS SAM RATULANGI,Akademik,17211019,ILMU KELAUTAN,Sarjana,30,25,0.8333333333333334,77,77,Tidak Ada
721,UNIVERSITAS SAM RATULANGI,Akademik,17211020,MANAJEMEN SUMBERDAYA PERAIRAN,Sarjana,12,4,0.3333333333333333,80,80,Tidak Ada
721,UNIVERSITAS SAM RATULANGI,Akademik,17211021,BUDIDAYA PERAIRAN,Sarjana,10,2,0.2,77,77,Tidak Ada
721,UNIVERSITAS SAM RATULANGI,Akademik,17211022,TEKNOLOGI HASIL PERIKANAN,Sarjana,10,2,0.2,80,80,Tidak Ada
721,UNIVERSITAS SAM RATULANGI,Akademik,17211023,AGROBISNIS PERIKANAN,Sarjana,12,3,0.25,76,76,Tidak Ada
721,UNIVERSITAS SAM RATULANGI,Akademik,17211024,PEMANFAATAN SUMBERDAYA PERIKANAN,Sarjana,6,3,0.5,81,81,Tidak Ada
721,UNIVERSITAS SAM RATULANGI,Akademik,17211025,KEHUTANAN,Sarjana,16,31,1.9375,77,77,Tidak Ada
721,UNIVERSITAS SAM RATULANGI,Akademik,17211026,INFORMATIKA,Sarjana,32,427,13.34375,90,90,Tidak Ada
721,UNIVERSITAS SAM RATULANGI,Akademik,17211027,FARMASI,Sarjana,28,657,23.464285714285715,89,89,Tidak Ada
721,UNIVERSITAS SAM RATULANGI,Akademik,17211028,TEKNIK LINGKUNGAN,Sarjana,16,65,4.0625,80,80,Tidak Ada
721,UNIVERSITAS SAM RATULANGI,Akademik,17211029,SISTEM INFORMASI,Sarjana,24,145,6.041666666666667,85,85,Tidak Ada
721,UNIVERSITAS SAM RATULANGI,Akademik,17211030,ILMU TANAH,Sarjana,12,6,0.5,80,80,Tidak Ada
721,UNIVERSITAS SAM RATULANGI,Akademik,17211031,AGRONOMI,Sarjana,12,11,0.9166666666666666,77,77,Tidak Ada
721,UNIVERSITAS SAM RATULANGI,Akademik,17211032,PROTEKSI TANAMAN,Sarjana,12,20,1.6666666666666667,76,76,Tidak Ada
721,UNIVERSITAS SAM RATULANGI,Akademik,17211033,EKONOMI PEMBANGNAN,Sarjana,41,85,2.073170731707317,78,78,Tidak Ada
721,UNIVERSITAS SAM RATULANGI,Akademik,17211034,MANAJEMEN,Sarjana,80,708,8.85,85,85,Tidak Ada
721,UNIVERSITAS SAM RATULANGI,Akademik,17211035,AKUNTANSI,Sarjana,63,457,7.253968253968254,87,87,Tidak Ada
721,UNIVERSITAS SAM RATULANGI,Akademik,17211036,ILMU ADMINISTRASI NEGARA,Sarjana,25,129,5.16,85,85,Tidak Ada
721,UNIVERSITAS SAM RATULANGI,Akademik,17211037,ILMU ADMINISTRASI BISNIS,Sarjana,25,277,11.08,85,85,Tidak Ada
721,UNIVERSITAS SAM RATULANGI,Akademik,17211038,ILMU PEMERINTAHAN,Sarjana,25,125,5.0,83,83,Tidak Ada
721,UNIVERSITAS SAM RATULANGI,Akademik,17211039,ILMU POLITIK,Sarjana,18,46,2.5555555555555554,78,78,Tidak Ada
721,UNIVERSITAS SAM RATULANGI,Akademik,17211040,SOSIOLOGI,Sarjana,18,30,1.6666666666666667,81,81,Tidak Ada
721,UNIVERSITAS SAM RATULANGI,Akademik,17211041,ILMU KOMUNIKASI,Sarjana,25,205,8.2,81,81,Tidak Ada
721,UNIVERSITAS SAM RATULANGI,Akademik,17211042,ILMU PERPUSTAKAAN,Sarjana,12,13,1.0833333333333333,77,77,Tidak Ada
721,UNIVERSITAS SAM RATULANGI,Akademik,17211043,ILMU HUKUM,Sarjana,140,522,3.7285714285714286,77,77,Tidak Ada
721,UNIVERSITAS SAM RATULANGI,Akademik,17211044,SASTRA INDONESIA,Sarjana,12,18,1.5,78,78,Tidak Ada
721,UNIVERSITAS SAM RATULANGI,Akademik,17211045,SASTRA INGGRIS,Sarjana,24,105,4.375,76,76,Tidak Ada
721,UNIVERSITAS SAM RATULANGI,Akademik,17211046,SASTRA JERMAN,Sarjana,9,11,1.2222222222222223,79,79,Tidak Ada
721,UNIVERSITAS SAM RATULANGI,Akademik,17211047,ILMU SEJARAH,Sarjana,10,14,1.4,81,81,Tidak Ada
721,UNIVERSITAS SAM RATULANGI,Akademik,17211048,ANTROPOLOGI SOSIAL,Sarjana,12,11,0.9166666666666666,78,78,Tidak Ada
721,UNIVERSITAS SAM RATULANGI,Akademik,17211051,TEKNIK INDUSTRI,Sarjana,10,111,11.1,85,85,Tidak Ada
721,UNIVERSITAS SAM RATULANGI,Akademik,17211052,TEKNIK PERTAMBANGAN,Sarjana,12,0,0.0,77,77,Tidak Ada
722,UNIVERSITAS NEGERI MANADO,Akademik,17221001,PEND. BIOLOGI,Sarjana,15,34,2.2666666666666666,80,80,Tidak Ada
722,UNIVERSITAS NEGERI MANADO,Akademik,17221002,ILMU BIOLOGI,Sarjana,15,18,1.2,76,76,Tidak Ada
722,UNIVERSITAS NEGERI MANADO,Akademik,17221003,PEND. KIMIA,Sarjana,18,14,0.7777777777777778,78,78,Tidak Ada
722,UNIVERSITAS NEGERI MANADO,Akademik,17221004,ILMU KIMIA,Sarjana,12,2,0.16666666666666666,80,80,Tidak Ada
722,UNIVERSITAS NEGERI MANADO,Akademik,17221005,PEND. FISIKA,Sarjana,12,11,0.9166666666666666,78,78,Tidak Ada
722,UNIVERSITAS NEGERI MANADO,Akademik,17221006,ILMU FISIKA,Sarjana,9,2,0.2222222222222222,78,78,Tidak Ada
722,UNIVERSITAS NEGERI MANADO,Akademik,17221007,PEND. MATEMATIKA,Sarjana,36,37,1.0277777777777777,76,76,Tidak Ada
722,UNIVERSITAS NEGERI MANADO,Akademik,17221008,PEND. TEK BANGUNAN,Sarjana,12,0,0.0,79,79,Tidak Ada
722,UNIVERSITAS NEGERI MANADO,Akademik,17221009,PEND. TEK ELEKTRO,Sarjana,12,12,1.0,80,80,Tidak Ada
722,UNIVERSITAS NEGERI MANADO,Akademik,17221010,PEND. INF./KOM,Sarjana,36,39,1.0833333333333333,79,79,Tidak Ada
722,UNIVERSITAS NEGERI MANADO,Akademik,17221011,PEND. TEK MESIN,Sarjana,12,5,0.4166666666666667,77,77,Tidak Ada
722,UNIVERSITAS NEGERI MANADO,Akademik,17221012,ILMU GEOGRAFI,Sarjana,6,6,1.0,75,75,Tidak Ada
722,UNIVERSITAS NEGERI MANADO,Akademik,17221013,ILMU KEOLAHRAGAAN,Sarjana,9,10,1.1111111111111112,81,81,Olahraga
722,UNIVERSITAS NEGERI MANADO,Akademik,17221017,PENDIDIKAN IPA,Sarjana,18,14,0.7777777777777778,82,82,Tidak Ada
722,UNIVERSITAS NEGERI MANADO,Akademik,17221018,ARSITEKTUR,Sarjana,17,23,1.3529411764705883,76,76,Tidak Ada
722,UNIVERSITAS NEGERI MANADO,Akademik,17221019,TEKNIK INFORMATIKA,Sarjana,50,158,3.16,81,81,Tidak Ada
722,UNIVERSITAS NEGERI MANADO,Akademik,17221020,TEKNIK SIPIL,Sarjana,29,49,1.6896551724137931,76,76,Tidak Ada
722,UNIVERSITAS NEGERI MANADO,Akademik,17221021,ILMU KESEHATAN MASYARAKAT,Sarjana,53,173,3.2641509433962264,75,75,Tidak Ada
722,UNIVERSITAS NEGERI MANADO,Akademik,17221022,TEKNIK MESIN,Sarjana,23,18,0.782608695652174,80,80,Tidak Ada
722,UNIVERSITAS NEGERI MANADO,Akademik,17221023,PEND. KES. KEL,Sarjana,12,6,0.5,81,81,Tidak Ada
722,UNIVERSITAS NEGERI MANADO,Akademik,17221024,PEND. BAHASA INDONESIA,Sarjana,29,75,2.586206896551724,75,75,Tidak Ada
722,UNIVERSITAS NEGERI MANADO,Akademik,17221025,PEND. BAH INGGRIS,Sarjana,18,47,2.611111111111111,82,82,Tidak Ada
722,UNIVERSITAS NEGERI MANADO,Akademik,17221026,BAH & SASTRA INGGRIS,Sarjana,21,27,1.2857142857142858,75,75,Tidak Ada
722,UNIVERSITAS NEGERI MANADO,Akademik,17221027,PEND. BAHASA JEPANG,Sarjana,18,37,2.0555555555555554,78,78,Tidak Ada
722,UNIVERSITAS NEGERI MANADO,Akademik,17221028,PEND. BAH. JERMAN,Sarjana,3,7,2.3333333333333335,76,76,Tidak Ada
722,UNIVERSITAS NEGERI MANADO,Akademik,17221029,PEND. BAH. PERANCIS,Sarjana,3,0,0.0,76,76,Tidak Ada
722,UNIVERSITAS NEGERI MANADO,Akademik,17221030,PEND. SENI MUSIK,Sarjana,12,9,0.75,81,81,Musik
722,UNIVERSITAS NEGERI MANADO,Akademik,17221031,PEND. SENI RUPA,Sarjana,6,5,0.8333333333333334,82,82,"Seni Rupa, Desain, dan Kriya"
722,UNIVERSITAS NEGERI MANADO,Akademik,17221032,PPKN,Sarjana,12,29,2.4166666666666665,77,77,Tidak Ada
722,UNIVERSITAS NEGERI MANADO,Akademik,17221033,PEND. SEJARAH,Sarjana,12,30,2.5,82,82,Tidak Ada
722,UNIVERSITAS NEGERI MANADO,Akademik,17221034,PEND GEOGRAFI,Sarjana,9,10,1.1111111111111112,82,82,Tidak Ada
722,UNIVERSITAS NEGERI MANADO,Akademik,17221035,ILMU ADM NEGARA,Sarjana,23,61,2.652173913043478,79,79,Tidak Ada
722,UNIVERSITAS NEGERI MANADO,Akademik,17221036,ILMU HUKUM,Sarjana,53,78,1.471698113207547,80,80,Tidak Ada
722,UNIVERSITAS NEGERI MANADO,Akademik,17221037,PEND EKONOMI S1,Sarjana,20,37,1.85,76,76,Tidak Ada
722,UNIVERSITAS NEGERI MANADO,Akademik,17221038,MANAJEMEN S1,Sarjana,80,176,2.2,81,81,Tidak Ada
722,UNIVERSITAS NEGERI MANADO,Akademik,17221039,PEND. KEPELATIHAN OR,Sarjana,36,21,0.5833333333333334,79,79,Olahraga
722,UNIVERSITAS NEGERI MANADO,Akademik,17221040,"PEND. JASMANI, KES. REK",Sarjana,36,20,0.5555555555555556,76,76,Olahraga
722,UNIVERSITAS NEGERI MANADO,Akademik,17221041,PLS,Sarjana,27,2,0.07407407407407407,76,76,Tidak Ada
722,UNIVERSITAS NEGERI MANADO,Akademik,17221042,PLB/P.KH,Sarjana,27,4,0.14814814814814814,79,79,Tidak Ada
722,UNIVERSITAS NEGERI MANADO,Akademik,17221043,PSIKOLOGI,Sarjana,59,209,3.542372881355932,75,75,Tidak Ada
722,UNIVERSITAS NEGERI MANADO,Akademik,17221044,PGSD,Sarjana,107,236,2.205607476635514,81,81,Tidak Ada
722,UNIVERSITAS NEGERI MANADO,Akademik,17221046,AKUNTANSI,Sarjana,47,127,2.702127659574468,82,82,Tidak Ada
722,UNIVERSITAS NEGERI MANADO,Akademik,17221047,BIMBINGAN KONSELING,Sarjana,38,97,2.5526315789473686,81,81,Tidak Ada
722,UNIVERSITAS NEGERI MANADO,Akademik,17221048,PEND. ANAK USIA DINI,Sarjana,36,21,0.5833333333333334,77,77,Tidak Ada
722,UNIVERSITAS NEGERI MANADO,Akademik,17221049,PENDIDIKAN SOSIOLOGI,Sarjana,12,42,3.5,80,80,Tidak Ada
722,UNIVERSITAS NEGERI MANADO,Akademik,17221051,PENDIDIKAN IPS,Sarjana,6,7,1.1666666666666667,81,81,Tidak Ada
722,UNIVERSITAS NEGERI MANADO,Akademik,17221052,ILMU EKONOMI,Sarjana,20,48,2.4,78,78,Tidak Ada
722,UNIVERSITAS NEGERI MANADO,Akademik,17221057,GEOFISIKA,Sarjana,9,0,0.0,75,75,Tidak Ada
722,UNIVERSITAS NEGERI MANADO,Akademik,17221058,ILMU LINGKUNGAN,Sarjana,9,0,0.0,77,77,Tidak Ada
722,UNIVERSITAS NEGERI MANADO,Akademik,17223055,MANAJEMEN PEMASARAN,Diploma Tiga,9,7,0.7777777777777778,81,81,Tidak Ada
731,UNIVERSITAS TADULAKO,Akademik,17311001,PEND. BIOLOGI,Sarjana,35,186,5.314285714285714,85,85,Tidak Ada
731,UNIVERSITAS TADULAKO,Akademik,17311002,PEND. MATEMATIKA,Sarjana,45,214,4.7555555555555555,75,75,Tidak Ada
731,UNIVERSITAS TADULAKO,Akademik,17311003,PEND. FISIKA,Sarjana,50,53,1.06,81,81,Tidak Ada
731,UNIVERSITAS TADULAKO,Akademik,17311004,PEND. KIMIA,Sarjana,36,69,1.9166666666666667,81,81,Tidak Ada
731,UNIVERSITAS TADULAKO,Akademik,17311005,AGROTEKNOLOGI,Sarjana,70,166,2.3714285714285714,76,76,Tidak Ada
731,UNIVERSITAS TADULAKO,Akademik,17311006,KEHUTANAN,Sarjana,85,115,1.3529411764705883,81,81,Tidak Ada
731,UNIVERSITAS TADULAKO,Akademik,17311007,AGRIBISNIS,Sarjana,70,268,3.8285714285714287,75,75,Tidak Ada
731,UNIVERSITAS TADULAKO,Akademik,17311008,PETERNAKAN,Sarjana,75,92,1.2266666666666666,79,79,Tidak Ada
731,UNIVERSITAS TADULAKO,Akademik,17311009,TEKNIK SIPIL,Sarjana,60,422,7.033333333333333,82,82,Tidak Ada
731,UNIVERSITAS TADULAKO,Akademik,17311010,TEKNIK ARSITEKTUR,Sarjana,36,133,3.6944444444444446,81,81,Tidak Ada
731,UNIVERSITAS TADULAKO,Akademik,17311011,TEKNIK MESIN,Sarjana,36,155,4.305555555555555,82,82,Tidak Ada
731,UNIVERSITAS TADULAKO,Akademik,17311012,TEKNIK ELEKTRO,Sarjana,36,125,3.4722222222222223,78,78,Tidak Ada
731,UNIVERSITAS TADULAKO,Akademik,17311013,FISIKA,Sarjana,20,19,0.95,75,75,Tidak Ada
731,UNIVERSITAS TADULAKO,Akademik,17311014,MATEMATIKA,Sarjana,15,57,3.8,79,79,Tidak Ada
731,UNIVERSITAS TADULAKO,Akademik,17311015,KIMIA,Sarjana,32,63,1.96875,76,76,Tidak Ada
731,UNIVERSITAS TADULAKO,Akademik,17311016,BIOLOGI,Sarjana,24,59,2.4583333333333335,78,78,Tidak Ada
731,UNIVERSITAS TADULAKO,Akademik,17311017,KEDOKTERAN,Sarjana,41,613,14.951219512195122,87,87,Tidak Ada
731,UNIVERSITAS TADULAKO,Akademik,17311018,KESEHATAN MASYARAKAT,Sarjana,50,621,12.42,86,86,Tidak Ada
731,UNIVERSITAS TADULAKO,Akademik,17311019,AKUAKULTUR,Sarjana,45,30,0.6666666666666666,75,75,Tidak Ada
731,UNIVERSITAS TADULAKO,Akademik,17311020,FARMASI,Sarjana,30,592,19.733333333333334,90,90,Tidak Ada
731,UNIVERSITAS TADULAKO,Akademik,17311021,TEKNIK INFORMATIKA,Sarjana,48,668,13.916666666666666,89,89,Tidak Ada
731,UNIVERSITAS TADULAKO,Akademik,17311022,STATISTIKA,Sarjana,24,109,4.541666666666667,78,78,Tidak Ada
731,UNIVERSITAS TADULAKO,Akademik,17311023,TEKNIK GEOLOGI,Sarjana,36,269,7.472222222222222,83,83,Tidak Ada
731,UNIVERSITAS TADULAKO,Akademik,17311024,PERENCANAAN WILAYAH DAN KOTA,Sarjana,36,150,4.166666666666667,81,81,Tidak Ada
731,UNIVERSITAS TADULAKO,Akademik,17311025,GIZI,Sarjana,20,435,21.75,91,91,Tidak Ada
731,UNIVERSITAS TADULAKO,Akademik,17311026,TEKNIK GEO FISIKA,Sarjana,15,32,2.1333333333333333,81,81,Tidak Ada
731,UNIVERSITAS TADULAKO,Akademik,17311027,AGROTEKNOLOGI (PSDKU MOROWALI),Sarjana,12,4,0.3333333333333333,80,80,Tidak Ada
731,UNIVERSITAS TADULAKO,Akademik,17311028,TEKNIK SIPIL (PSDKU MOROWALI),Sarjana,10,9,0.9,82,82,Tidak Ada
731,UNIVERSITAS TADULAKO,Akademik,17311029,AGROTEKNOLOGI (PSDKU TOUNA),Sarjana,12,21,1.75,81,81,Tidak Ada
731,UNIVERSITAS TADULAKO,Akademik,17311030,TEKNIK SIPIL (PSDKU TOUNA),Sarjana,10,16,1.6,82,82,Tidak Ada
731,UNIVERSITAS TADULAKO,Akademik,17311031,TEKNIK LINGKUNGAN,Sarjana,36,150,4.166666666666667,81,81,Tidak Ada
731,UNIVERSITAS TADULAKO,Akademik,17311032,SISTEM INFORMASI,Sarjana,36,276,7.666666666666667,85,85,Tidak Ada
731,UNIVERSITAS TADULAKO,Akademik,17311033,PEND. BAHASA INDONESIA,Sarjana,50,401,8.02,80,80,Tidak Ada
731,UNIVERSITAS TADULAKO,Akademik,17311034,PEND. BAHASA INGGRIS,Sarjana,75,306,4.08,79,79,Tidak Ada
731,UNIVERSITAS TADULAKO,Akademik,17311035,PEND. PANCASILA DAN KEWARGANEGARAAN,Sarjana,45,125,2.7777777777777777,78,78,Tidak Ada
731,UNIVERSITAS TADULAKO,Akademik,17311036,PEND. SEJARAH,Sarjana,70,150,2.142857142857143,75,75,Tidak Ada
731,UNIVERSITAS TADULAKO,Akademik,17311037,BIMBINGAN DAN KONSELING,Sarjana,45,417,9.266666666666667,84,84,Tidak Ada
731,UNIVERSITAS TADULAKO,Akademik,17311038,PEND. GURU SEKOLAH DASAR,Sarjana,75,1097,14.626666666666667,89,89,Tidak Ada
731,UNIVERSITAS TADULAKO,Akademik,17311039,PEND. GURU PAUD,Sarjana,50,136,2.72,81,81,Tidak Ada
731,UNIVERSITAS TADULAKO,Akademik,17311040,ADMINISTRASI PUBLIK,Sarjana,40,353,8.825,84,84,Tidak Ada
731,UNIVERSITAS TADULAKO,Akademik,17311041,SOSIOLOGI,Sarjana,30,149,4.966666666666667,76,76,Tidak Ada
731,UNIVERSITAS TADULAKO,Akademik,17311042,ANTROPOLOGI,Sarjana,30,74,2.466666666666667,82,82,Tidak Ada
731,UNIVERSITAS TADULAKO,Akademik,17311043,ILMU PEMERINTAHAN,Sarjana,40,226,5.65,86,86,Tidak Ada
731,UNIVERSITAS TADULAKO,Akademik,17311044,ILMU KOMUNIKASI,Sarjana,40,456,11.4,89,89,Tidak Ada
731,UNIVERSITAS TADULAKO,Akademik,17311045,EKONOMI PEMBANGUNAN,Sarjana,40,90,2.25,82,82,Tidak Ada
731,UNIVERSITAS TADULAKO,Akademik,17311046,EKONOMI MANAJEMEN,Sarjana,50,754,15.08,86,86,Tidak Ada
731,UNIVERSITAS TADULAKO,Akademik,17311047,EKONOMI AKUNTANSI,Sarjana,50,527,10.54,85,85,Tidak Ada
731,UNIVERSITAS TADULAKO,Akademik,17311048,ILMU HUKUM,Sarjana,175,516,2.9485714285714284,80,80,Tidak Ada
731,UNIVERSITAS TADULAKO,Akademik,17311049,"PEND. JASMANI, KESEHATAN DAN REKREASI",Sarjana,60,160,2.6666666666666665,79,79,Olahraga
731,UNIVERSITAS TADULAKO,Akademik,17311050,PEND. GEOGRAFI,Sarjana,35,91,2.6,82,82,Tidak Ada
731,UNIVERSITAS TADULAKO,Akademik,17311051,MANAJEMEN (PSDKU MOROWALI),Sarjana,30,40,1.3333333333333333,81,81,Tidak Ada
731,UNIVERSITAS TADULAKO,Akademik,17311052,MANAJEMEN (PSDKU TOUNA),Sarjana,50,56,1.12,76,76,Tidak Ada
731,UNIVERSITAS TADULAKO,Akademik,17311061,PENDIDIKAN ILMU PENGETAHUAN ALAM,Sarjana,20,57,2.85,76,76,Tidak Ada
731,UNIVERSITAS TADULAKO,Akademik,17311062,SUMBER DAYA AKUATIK,Sarjana,30,10,0.3333333333333333,79,79,Tidak Ada
731,UNIVERSITAS TADULAKO,Akademik,17311064,PROTEKSI TANAMAN,Sarjana,24,12,0.5,77,77,Tidak Ada
731,UNIVERSITAS TADULAKO,Akademik,17311065,SOSIAL EKONOMI PETERNAKAN,Sarjana,30,3,0.1,77,77,Tidak Ada
731,UNIVERSITAS TADULAKO,Akademik,17311066,ILMU KELAUTAN,Sarjana,21,14,0.6666666666666666,78,78,Tidak Ada
731,UNIVERSITAS TADULAKO,Akademik,17311067,SAINS DATA,Sarjana,20,0,0.0,80,80,Tidak Ada
731,UNIVERSITAS TADULAKO,Akademik,17311068,PENDIDIKAN KEPELATIHAN OLAHRAGA,Sarjana,30,0,0.0,82,82,Olahraga
731,UNIVERSITAS TADULAKO,Akademik,17312058,TEKNOLOGI REKAYASA MANUFAKTUR,Sarjana Terapan,32,12,0.375,79,79,Tidak Ada
731,UNIVERSITAS TADULAKO,Akademik,17312059,TEKNOLOGI REKAYASA INSTALASI LISTRIK,Sarjana Terapan,32,5,0.15625,76,76,Tidak Ada
731,UNIVERSITAS TADULAKO,Akademik,17312060,AKUNTANSI SEKTOR PUBLIK,Sarjana Terapan,28,48,1.7142857142857142,82,82,Tidak Ada
731,UNIVERSITAS TADULAKO,Akademik,17312063,TEKNOLOGI REKAYASA KONSTRUKSI JALAN DAN JEMBATAN,Sarjana Terapan,32,8,0.25,80,80,Tidak Ada
731,UNIVERSITAS TADULAKO,Akademik,17313054,KEPERAWATAN,Diploma Tiga,26,286,11.0,85,85,Tidak Ada
731,UNIVERSITAS TADULAKO,Akademik,17313055,MANAJEMEN PEMASARAN,Diploma Tiga,10,8,0.8,80,80,Tidak Ada
741,UNIVERSITAS SULAWESI BARAT,Akademik,17411001,AGRIBISNIS,Sarjana,70,130,1.8571428571428572,75,75,Tidak Ada
741,UNIVERSITAS SULAWESI BARAT,Akademik,17411002,KEHUTANAN,Sarjana,34,33,0.9705882352941176,79,79,Tidak Ada
741,UNIVERSITAS SULAWESI BARAT,Akademik,17411003,KEPERAWATAN,Sarjana,48,211,4.395833333333333,82,82,Tidak Ada
741,UNIVERSITAS SULAWESI BARAT,Akademik,17411004,TEKNIK SIPIL,Sarjana,54,135,2.5,77,77,Tidak Ada
741,UNIVERSITAS SULAWESI BARAT,Akademik,17411005,INFORMATIKA,Sarjana,48,258,5.375,83,83,Tidak Ada
741,UNIVERSITAS SULAWESI BARAT,Akademik,17411006,MATEMATIKA,Sarjana,14,20,1.4285714285714286,75,75,Tidak Ada
741,UNIVERSITAS SULAWESI BARAT,Akademik,17411007,PEND. MATEMATIKA,Sarjana,42,104,2.4761904761904763,76,76,Tidak Ada
741,UNIVERSITAS SULAWESI BARAT,Akademik,17411008,PEND. BIOLOGI,Sarjana,42,79,1.880952380952381,81,81,Tidak Ada
741,UNIVERSITAS SULAWESI BARAT,Akademik,17411009,PEND. FISIKA,Sarjana,20,23,1.15,79,79,Tidak Ada
741,UNIVERSITAS SULAWESI BARAT,Akademik,17411010,PETERNAKAN,Sarjana,42,35,0.8333333333333334,80,80,Tidak Ada
741,UNIVERSITAS SULAWESI BARAT,Akademik,17411011,AKUAKULTUR,Sarjana,20,17,0.85,80,80,Tidak Ada
741,UNIVERSITAS SULAWESI BARAT,Akademik,17411012,PERIKANAN TANGKAP,Sarjana,28,12,0.42857142857142855,80,80,Tidak Ada
741,UNIVERSITAS SULAWESI BARAT,Akademik,17411013,AGROEKOTEKNOLOGI,Sarjana,28,40,1.4285714285714286,76,76,Tidak Ada
741,UNIVERSITAS SULAWESI BARAT,Akademik,17411014,PERENCANAAN WILAYAH DAN KOTA,Sarjana,48,30,0.625,76,76,Tidak Ada
741,UNIVERSITAS SULAWESI BARAT,Akademik,17411015,STATISTIKA,Sarjana,28,32,1.1428571428571428,82,82,Tidak Ada
741,UNIVERSITAS SULAWESI BARAT,Akademik,17411016,GIZI,Sarjana,32,159,4.96875,79,79,Tidak Ada
741,UNIVERSITAS SULAWESI BARAT,Akademik,17411017,ADMINISTRASI KESEHATAN,Sarjana,42,162,3.857142857142857,76,76,Tidak Ada
741,UNIVERSITAS SULAWESI BARAT,Akademik,17411018,TEKNOLOGI HASIL PERTANIAN,Sarjana,28,54,1.9285714285714286,82,82,Tidak Ada
741,UNIVERSITAS SULAWESI BARAT,Akademik,17411019,MANAJEMEN,Sarjana,98,355,3.622448979591837,80,80,Tidak Ada
741,UNIVERSITAS SULAWESI BARAT,Akademik,17411020,AKUNTANSI,Sarjana,98,200,2.0408163265306123,82,82,Tidak Ada
741,UNIVERSITAS SULAWESI BARAT,Akademik,17411021,ILMU POLITIK,Sarjana,42,31,0.7380952380952381,79,79,Tidak Ada
741,UNIVERSITAS SULAWESI BARAT,Akademik,17411022,HUBUNGAN INTERNASIONAL,Sarjana,42,46,1.0952380952380953,82,82,Tidak Ada
741,UNIVERSITAS SULAWESI BARAT,Akademik,17411023,HUKUM,Sarjana,60,127,2.1166666666666667,75,75,Tidak Ada
741,UNIVERSITAS SULAWESI BARAT,Akademik,17411024,PEND. BHS. INGGRIS,Sarjana,42,148,3.5238095238095237,76,76,Tidak Ada
741,UNIVERSITAS SULAWESI BARAT,Akademik,17411026,PENDIDIKAN GURU SEKOLAH DASAR (PGSD),Sarjana,70,786,11.228571428571428,87,87,Tidak Ada
741,UNIVERSITAS SULAWESI BARAT,Akademik,17411027,PENDIDIKAN ILMU PENGETAHUAN ALAM (IPA),Sarjana,42,92,2.1904761904761907,81,81,Tidak Ada
741,UNIVERSITAS SULAWESI BARAT,Akademik,17411028,SISTEM INFORMASI,Sarjana,16,69,4.3125,78,78,Tidak Ada
741,UNIVERSITAS SULAWESI BARAT,Akademik,17411029,SUMBER DAYA AKUATIK,Sarjana,14,5,0.35714285714285715,79,79,Tidak Ada
741,UNIVERSITAS SULAWESI BARAT,Akademik,17411032,PENDIDIKAN TEKNOLOGI INFORMASI,Sarjana,28,128,4.571428571428571,76,76,Tidak Ada
741,UNIVERSITAS SULAWESI BARAT,Akademik,17411033,BIOTEKNOLOGI,Sarjana,12,16,1.3333333333333333,76,76,Tidak Ada
741,UNIVERSITAS SULAWESI BARAT,Akademik,17411035,BISNIS DIGITAL,Sarjana,28,59,2.107142857142857,82,82,Tidak Ada
741,UNIVERSITAS SULAWESI BARAT,Akademik,17411036,ILMU AKTUARIA,Sarjana,14,6,0.42857142857142855,75,75,Tidak Ada
741,UNIVERSITAS SULAWESI BARAT,Akademik,17411037,ARSITEKTUR,Sarjana,14,40,2.857142857142857,81,81,Tidak Ada
741,UNIVERSITAS SULAWESI BARAT,Akademik,17411038,KEDOKTERAN,Sarjana,10,199,19.9,89,89,Tidak Ada
741,UNIVERSITAS SULAWESI BARAT,Akademik,17411039,PENDIDIKAN GURU PENDIDIKAN ANAK USIA DINI,Sarjana,16,0,0.0,78,78,Tidak Ada
741,UNIVERSITAS SULAWESI BARAT,Akademik,17412030,KESELAMATAN DAN KESEHATAN KERJA,Sarjana Terapan,24,24,1.0,77,77,Tidak Ada
741,UNIVERSITAS SULAWESI BARAT,Akademik,17412031,TERAPI GIGI,Sarjana Terapan,24,12,0.5,77,77,Tidak Ada
741,UNIVERSITAS SULAWESI BARAT,Akademik,17413034,FARMASI,Diploma Tiga,24,77,3.2083333333333335,79,79,Tidak Ada
751,UNIVERSITAS HALUOLEO,Akademik,17511001,AGRIBISNIS,Sarjana,30,68,2.2666666666666666,75,75,Tidak Ada
751,UNIVERSITAS HALUOLEO,Akademik,17511002,AGROTEKNOLOGI / AGROEKOTEKNOLOGI,Sarjana,24,48,2.0,79,79,Tidak Ada
751,UNIVERSITAS HALUOLEO,Akademik,17511003,PETERNAKAN,Sarjana,60,21,0.35,80,80,Tidak Ada
751,UNIVERSITAS HALUOLEO,Akademik,17511004,MANAJEMEN SUMBERDAYA PERAIRAN,Sarjana,23,11,0.4782608695652174,81,81,Tidak Ada
751,UNIVERSITAS HALUOLEO,Akademik,17511005,BUDIDAYA PERAIRAN,Sarjana,23,10,0.43478260869565216,75,75,Tidak Ada
751,UNIVERSITAS HALUOLEO,Akademik,17511006,MATEMATIKA,Sarjana,18,33,1.8333333333333333,81,81,Tidak Ada
751,UNIVERSITAS HALUOLEO,Akademik,17511007,FISIKA,Sarjana,18,14,0.7777777777777778,77,77,Tidak Ada
751,UNIVERSITAS HALUOLEO,Akademik,17511008,KIMIA,Sarjana,24,56,2.3333333333333335,78,78,Tidak Ada
751,UNIVERSITAS HALUOLEO,Akademik,17511009,BIOLOGI,Sarjana,24,38,1.5833333333333333,80,80,Tidak Ada
751,UNIVERSITAS HALUOLEO,Akademik,17511010,ILMU KESEHATAN MASYARAKAT,Sarjana,110,736,6.6909090909090905,86,86,Tidak Ada
751,UNIVERSITAS HALUOLEO,Akademik,17511011,PENDIDIKAN MATEMATIKA,Sarjana,33,205,6.212121212121212,81,81,Tidak Ada
751,UNIVERSITAS HALUOLEO,Akademik,17511012,PENDIDIKAN BIOLOGI,Sarjana,27,160,5.925925925925926,80,80,Tidak Ada
751,UNIVERSITAS HALUOLEO,Akademik,17511013,PENDIDIKAN FISIKA,Sarjana,30,61,2.033333333333333,79,79,Tidak Ada
751,UNIVERSITAS HALUOLEO,Akademik,17511014,PENDIDIKAN KIMIA,Sarjana,27,76,2.814814814814815,79,79,Tidak Ada
751,UNIVERSITAS HALUOLEO,Akademik,17511015,TEKNIK SIPIL,Sarjana,30,319,10.633333333333333,89,89,Tidak Ada
751,UNIVERSITAS HALUOLEO,Akademik,17511016,TEKNIK ARSITEKTUR,Sarjana,24,119,4.958333333333333,75,75,Tidak Ada
751,UNIVERSITAS HALUOLEO,Akademik,17511017,TEKNIK MESIN,Sarjana,24,107,4.458333333333333,75,75,Tidak Ada
751,UNIVERSITAS HALUOLEO,Akademik,17511018,TEKNIK ELEKTRO,Sarjana,30,129,4.3,82,82,Tidak Ada
751,UNIVERSITAS HALUOLEO,Akademik,17511019,TEKNIK INFORMATIKA,Sarjana,30,773,25.766666666666666,94,94,Tidak Ada
751,UNIVERSITAS HALUOLEO,Akademik,17511020,PENDIDIKAN DOKTER,Sarjana,36,687,19.083333333333332,90,90,Tidak Ada
751,UNIVERSITAS HALUOLEO,Akademik,17511021,KEHUTANAN,Sarjana,45,71,1.5777777777777777,76,76,Tidak Ada
751,UNIVERSITAS HALUOLEO,Akademik,17511022,ILMU DAN TEKNOLOGI PANGAN,Sarjana,30,52,1.7333333333333334,79,79,Tidak Ada
751,UNIVERSITAS HALUOLEO,Akademik,17511023,FARMASI,Sarjana,75,786,10.48,88,88,Tidak Ada
751,UNIVERSITAS HALUOLEO,Akademik,17511024,AGROBISNIS PERIKANAN,Sarjana,23,8,0.34782608695652173,78,78,Tidak Ada
751,UNIVERSITAS HALUOLEO,Akademik,17511025,TEKNIK GEOFISIKA,Sarjana,23,40,1.7391304347826086,77,77,Tidak Ada
751,UNIVERSITAS HALUOLEO,Akademik,17511026,TEKNIK GEOLOGI,Sarjana,29,264,9.10344827586207,87,87,Tidak Ada
751,UNIVERSITAS HALUOLEO,Akademik,17511027,ILMU KELAUTAN,Sarjana,23,21,0.9130434782608695,82,82,Tidak Ada
751,UNIVERSITAS HALUOLEO,Akademik,17511028,ILMU LINGKUNGAN,Sarjana,36,41,1.1388888888888888,82,82,Tidak Ada
751,UNIVERSITAS HALUOLEO,Akademik,17511029,TEKNIK PERTAMBANGAN,Sarjana,29,647,22.310344827586206,88,88,Tidak Ada
751,UNIVERSITAS HALUOLEO,Akademik,17511030,TEKNOLOGI HASIL PERIKANAN,Sarjana,17,8,0.47058823529411764,75,75,Tidak Ada
751,UNIVERSITAS HALUOLEO,Akademik,17511031,GEOGRAFI,Sarjana,24,51,2.125,80,80,Tidak Ada
751,UNIVERSITAS HALUOLEO,Akademik,17511032,ILMU TANAH,Sarjana,18,13,0.7222222222222222,76,76,Tidak Ada
751,UNIVERSITAS HALUOLEO,Akademik,17511033,PROTEKSI TANAMAN,Sarjana,18,10,0.5555555555555556,76,76,Tidak Ada
751,UNIVERSITAS HALUOLEO,Akademik,17511034,PENYULUHAN PERTANIAN,Sarjana,30,53,1.7666666666666666,76,76,Tidak Ada
751,UNIVERSITAS HALUOLEO,Akademik,17511035,BIOTEKNOLOGI,Sarjana,24,55,2.2916666666666665,79,79,Tidak Ada
751,UNIVERSITAS HALUOLEO,Akademik,17511036,ILMU KEOLAHRAGAAN,Sarjana,36,101,2.8055555555555554,79,79,Olahraga
751,UNIVERSITAS HALUOLEO,Akademik,17511037,OSEANOGRAFI,Sarjana,17,5,0.29411764705882354,80,80,Tidak Ada
751,UNIVERSITAS HALUOLEO,Akademik,17511038,PERIKANAN TANGKAP,Sarjana,17,3,0.17647058823529413,78,78,Tidak Ada
751,UNIVERSITAS HALUOLEO,Akademik,17511039,STATISTIKA,Sarjana,29,107,3.689655172413793,78,78,Tidak Ada
751,UNIVERSITAS HALUOLEO,Akademik,17511040,ILMU KOMPUTER,Sarjana,29,591,20.379310344827587,90,90,Tidak Ada
751,UNIVERSITAS HALUOLEO,Akademik,17511041,REKAYASA INFRASTRUKTUR DAN LINGKUNGAN,Sarjana,24,32,1.3333333333333333,79,79,Tidak Ada
751,UNIVERSITAS HALUOLEO,Akademik,17511042,TEKNIK KELAUTAN,Sarjana,24,23,0.9583333333333334,81,81,Tidak Ada
751,UNIVERSITAS HALUOLEO,Akademik,17511043,GIZI,Sarjana,29,373,12.862068965517242,88,88,Tidak Ada
751,UNIVERSITAS HALUOLEO,Akademik,17511044,PENDIDIKAN VOKASIONAL TEKNIK,Sarjana,29,18,0.6206896551724138,76,76,Tidak Ada
751,UNIVERSITAS HALUOLEO,Akademik,17511045,KEPERAWATAN,Sarjana,15,400,26.666666666666668,90,90,Tidak Ada
751,UNIVERSITAS HALUOLEO,Akademik,17511046,EKONOMI PEMBANGUNAN,Sarjana,80,112,1.4,75,75,Tidak Ada
751,UNIVERSITAS HALUOLEO,Akademik,17511047,MANAJEMEN,Sarjana,80,804,10.05,90,90,Tidak Ada
751,UNIVERSITAS HALUOLEO,Akademik,17511048,AKUTANSI,Sarjana,72,628,8.722222222222221,82,82,Tidak Ada
751,UNIVERSITAS HALUOLEO,Akademik,17511049,ILMU ADMINISTRASI NEGARA,Sarjana,52,177,3.4038461538461537,78,78,Tidak Ada
751,UNIVERSITAS HALUOLEO,Akademik,17511050,SOSIOLOGI,Sarjana,39,82,2.1025641025641026,76,76,Tidak Ada
751,UNIVERSITAS HALUOLEO,Akademik,17511051,ANTROPOLOGI SOSIAL,Sarjana,35,20,0.5714285714285714,80,80,Tidak Ada
751,UNIVERSITAS HALUOLEO,Akademik,17511052,ILMU KOMUNIKASI,Sarjana,52,286,5.5,86,86,Tidak Ada
751,UNIVERSITAS HALUOLEO,Akademik,17511053,ILMU HUKUM,Sarjana,120,502,4.183333333333334,78,78,Tidak Ada
751,UNIVERSITAS HALUOLEO,Akademik,17511054,PENDIDIKAN SEJARAH,Sarjana,30,115,3.8333333333333335,80,80,Tidak Ada
751,UNIVERSITAS HALUOLEO,Akademik,17511055,PENDIDIKAN EKONOMI,Sarjana,33,100,3.0303030303030303,77,77,Tidak Ada
751,UNIVERSITAS HALUOLEO,Akademik,17511056,PEND. PANCASILA & KEWARGANEGARAAN,Sarjana,30,177,5.9,80,80,Tidak Ada
751,UNIVERSITAS HALUOLEO,Akademik,17511057,"PEND. JASMANI, KESEHATAN DAN REKREASI",Sarjana,30,158,5.266666666666667,81,81,Olahraga
751,UNIVERSITAS HALUOLEO,Akademik,17511058,"PEND. BAHASA, SASTRA INDO. & DAERAH",Sarjana,36,213,5.916666666666667,87,87,Tidak Ada
751,UNIVERSITAS HALUOLEO,Akademik,17511059,PENDIDIKAN BAHASA INGGRIS,Sarjana,41,207,5.048780487804878,81,81,Tidak Ada
751,UNIVERSITAS HALUOLEO,Akademik,17511060,PEND. GURU SEKOLAH DASAR (PGSD) S1,Sarjana,54,767,14.203703703703704,88,88,Tidak Ada
751,UNIVERSITAS HALUOLEO,Akademik,17511061,PENDIDIKAN ANAK USIA DINI (PG-PAUD),Sarjana,30,125,4.166666666666667,77,77,Tidak Ada
751,UNIVERSITAS HALUOLEO,Akademik,17511062,PENDIDIKAN BIMBINGAN DAN KONSELING,Sarjana,30,604,20.133333333333333,88,88,Tidak Ada
751,UNIVERSITAS HALUOLEO,Akademik,17511063,ADMINISTRASI BISNIS,Sarjana,52,428,8.23076923076923,85,85,Tidak Ada
751,UNIVERSITAS HALUOLEO,Akademik,17511064,ARKEOLOGI,Sarjana,18,8,0.4444444444444444,81,81,Tidak Ada
751,UNIVERSITAS HALUOLEO,Akademik,17511066,ILMU KESEJAHTERAAN SOSIAL,Sarjana,39,30,0.7692307692307693,76,76,Tidak Ada
751,UNIVERSITAS HALUOLEO,Akademik,17511067,ILMU SEJARAH,Sarjana,36,18,0.5,80,80,Tidak Ada
751,UNIVERSITAS HALUOLEO,Akademik,17511068,JURNALISTIK,Sarjana,39,21,0.5384615384615384,79,79,Tidak Ada
751,UNIVERSITAS HALUOLEO,Akademik,17511069,PENDIDIKAN GEOGRAFI,Sarjana,33,96,2.909090909090909,76,76,Tidak Ada
751,UNIVERSITAS HALUOLEO,Akademik,17511070,SASTRA INDONESIA,Sarjana,41,32,0.7804878048780488,76,76,Tidak Ada
751,UNIVERSITAS HALUOLEO,Akademik,17511071,SASTRA INGGRIS,Sarjana,48,118,2.4583333333333335,82,82,Tidak Ada
751,UNIVERSITAS HALUOLEO,Akademik,17511072,TRADISI LISAN,Sarjana,20,5,0.25,75,75,Tidak Ada
751,UNIVERSITAS HALUOLEO,Akademik,17511073,PSIKOLOGI,Sarjana,29,279,9.620689655172415,82,82,Tidak Ada
751,UNIVERSITAS HALUOLEO,Akademik,17511074,ILMU POLITIK,Sarjana,46,44,0.9565217391304348,80,80,Tidak Ada
751,UNIVERSITAS HALUOLEO,Akademik,17511075,PENDIDIKAN AKUNTANSI,Sarjana,35,82,2.342857142857143,80,80,Tidak Ada
751,UNIVERSITAS HALUOLEO,Akademik,17511076,SASTRA PRANCIS,Sarjana,14,2,0.14285714285714285,77,77,Tidak Ada
751,UNIVERSITAS HALUOLEO,Akademik,17511077,PERPUSTAKAAN DAN ILMU INFORMASI,Sarjana,39,67,1.7179487179487178,82,82,Tidak Ada
751,UNIVERSITAS HALUOLEO,Akademik,17511078,ILMU PEMERINTAHAN,Sarjana,46,65,1.4130434782608696,76,76,Tidak Ada
751,UNIVERSITAS HALUOLEO,Akademik,17511084,NUTRISI DAN TEKNOLOGI PAKAN TERNAK,Sarjana,18,0,0.0,78,78,Tidak Ada
751,UNIVERSITAS HALUOLEO,Akademik,17513079,TEKNIK SIPIL,Diploma Tiga,21,8,0.38095238095238093,82,82,Tidak Ada
751,UNIVERSITAS HALUOLEO,Akademik,17513080,TEKNIK ELEKTRONIKA,Diploma Tiga,24,5,0.20833333333333334,82,82,Tidak Ada
751,UNIVERSITAS HALUOLEO,Akademik,17513081,STATISTIKA,Diploma Tiga,18,3,0.16666666666666666,79,79,Tidak Ada
751,UNIVERSITAS HALUOLEO,Akademik,17513082,TEKNIK ARSITEKTUR,Diploma Tiga,21,6,0.2857142857142857,77,77,Tidak Ada
751,UNIVERSITAS HALUOLEO,Akademik,17513083,TEKNIK MESIN,Diploma Tiga,27,8,0.2962962962962963,76,76,Tidak Ada
752,UNIVERSITAS NEGERI GORONTALO,Akademik,17521001,PENDIDIKAN MATEMATIKA,Sarjana,45,80,1.7777777777777777,80,80,Tidak Ada
752,UNIVERSITAS NEGERI GORONTALO,Akademik,17521002,PENDIDIKAN FISIKA,Sarjana,25,41,1.64,82,82,Tidak Ada
752,UNIVERSITAS NEGERI GORONTALO,Akademik,17521003,PENDIDIKAN BIOLOGI,Sarjana,30,67,2.2333333333333334,78,78,Tidak Ada
752,UNIVERSITAS NEGERI GORONTALO,Akademik,17521004,PENDIDIKAN KIMIA,Sarjana,17,24,1.411764705882353,78,78,Tidak Ada
752,UNIVERSITAS NEGERI GORONTALO,Akademik,17521007,AGROTEKNOLOGI,Sarjana,40,60,1.5,77,77,Tidak Ada
752,UNIVERSITAS NEGERI GORONTALO,Akademik,17521008,SISTEM INFORMASI,Sarjana,40,281,7.025,81,81,Tidak Ada
752,UNIVERSITAS NEGERI GORONTALO,Akademik,17521009,TEKNIK ELEKTRO,Sarjana,28,49,1.75,79,79,Tidak Ada
752,UNIVERSITAS NEGERI GORONTALO,Akademik,17521010,AGRIBISNIS,Sarjana,40,98,2.45,75,75,Tidak Ada
752,UNIVERSITAS NEGERI GORONTALO,Akademik,17521011,KESEHATAN MASYARAKAT,Sarjana,45,486,10.8,90,90,Tidak Ada
752,UNIVERSITAS NEGERI GORONTALO,Akademik,17521012,MANAJAMEN SUMBERDAYA PERAIRAN,Sarjana,30,13,0.43333333333333335,82,82,Tidak Ada
752,UNIVERSITAS NEGERI GORONTALO,Akademik,17521013,PETERNAKAN,Sarjana,30,29,0.9666666666666667,76,76,Tidak Ada
752,UNIVERSITAS NEGERI GORONTALO,Akademik,17521014,BUDIDAYA PERAIRAN,Sarjana,34,14,0.4117647058823529,79,79,Tidak Ada
752,UNIVERSITAS NEGERI GORONTALO,Akademik,17521015,KEPERAWATAN,Sarjana,45,841,18.68888888888889,89,89,Tidak Ada
752,UNIVERSITAS NEGERI GORONTALO,Akademik,17521016,TEKNOLOGI HASIL PERIKANAN,Sarjana,30,10,0.3333333333333333,79,79,Tidak Ada
752,UNIVERSITAS NEGERI GORONTALO,Akademik,17521017,TEKNIK SIPIL,Sarjana,30,167,5.566666666666666,80,80,Tidak Ada
752,UNIVERSITAS NEGERI GORONTALO,Akademik,17521018,TEKNIK ARSITEKTUR,Sarjana,30,67,2.2333333333333334,75,75,Tidak Ada
752,UNIVERSITAS NEGERI GORONTALO,Akademik,17521019,FARMASI,Sarjana,30,586,19.533333333333335,88,88,Tidak Ada
752,UNIVERSITAS NEGERI GORONTALO,Akademik,17521020,TEKNIK GEOLOGI,Sarjana,30,158,5.266666666666667,87,87,Tidak Ada
752,UNIVERSITAS NEGERI GORONTALO,Akademik,17521021,PENDIDIKAN VOKASIONAL KONSTRUKSI BANGUNAN,Sarjana,7,3,0.42857142857142855,82,82,Tidak Ada
752,UNIVERSITAS NEGERI GORONTALO,Akademik,17521022,PENDIDIKAN TEKNOLOGI INFORMASI,Sarjana,40,53,1.325,77,77,Tidak Ada
752,UNIVERSITAS NEGERI GORONTALO,Akademik,17521023,TEKNIK INDUSTRI,Sarjana,36,117,3.25,78,78,Tidak Ada
752,UNIVERSITAS NEGERI GORONTALO,Akademik,17521024,ILMU TEKNOLOGI PANGAN,Sarjana,30,44,1.4666666666666666,82,82,Tidak Ada
752,UNIVERSITAS NEGERI GORONTALO,Akademik,17521026,PENDIDIKAN TEKNIK MESIN,Sarjana,36,29,0.8055555555555556,81,81,Tidak Ada
752,UNIVERSITAS NEGERI GORONTALO,Akademik,17521027,KIMIA,Sarjana,29,43,1.4827586206896552,77,77,Tidak Ada
752,UNIVERSITAS NEGERI GORONTALO,Akademik,17521028,BIOLOGI,Sarjana,29,54,1.8620689655172413,75,75,Tidak Ada
752,UNIVERSITAS NEGERI GORONTALO,Akademik,17521029,FISIKA,Sarjana,15,15,1.0,79,79,Tidak Ada
752,UNIVERSITAS NEGERI GORONTALO,Akademik,17521030,MATEMATIKA,Sarjana,25,42,1.68,80,80,Tidak Ada
752,UNIVERSITAS NEGERI GORONTALO,Akademik,17521031,STATISTIKA,Sarjana,26,54,2.076923076923077,78,78,Tidak Ada
752,UNIVERSITAS NEGERI GORONTALO,Akademik,17521032,PENDIDIKAN ILMU PENGETAHUAN ALAM,Sarjana,30,46,1.5333333333333334,78,78,Tidak Ada
752,UNIVERSITAS NEGERI GORONTALO,Akademik,17521033,KEDOKTERAN,Sarjana,21,386,18.38095238095238,87,87,Tidak Ada
752,UNIVERSITAS NEGERI GORONTALO,Akademik,17521037,PERENCANAAN WILAYAH DAN KOTA,Sarjana,24,27,1.125,81,81,Tidak Ada
752,UNIVERSITAS NEGERI GORONTALO,Akademik,17521038,PENDIDIKAN SEJARAH,Sarjana,27,58,2.1481481481481484,76,76,Tidak Ada
752,UNIVERSITAS NEGERI GORONTALO,Akademik,17521039,PENDIDIKAN PANCASLA DAN KEWARGANEGARAAN,Sarjana,50,84,1.68,80,80,Tidak Ada
752,UNIVERSITAS NEGERI GORONTALO,Akademik,17521040,PENDIDIKAN EKONOMI,Sarjana,75,114,1.52,82,82,Tidak Ada
752,UNIVERSITAS NEGERI GORONTALO,Akademik,17521041,PENDIDIKAN JASMANI KESEHATAN DAN REKREASI,Sarjana,50,46,0.92,77,77,Olahraga
752,UNIVERSITAS NEGERI GORONTALO,Akademik,17521042,PENDIDIKAN BAHASA DAN SASTRA INDONESIA,Sarjana,42,167,3.9761904761904763,77,77,Tidak Ada
752,UNIVERSITAS NEGERI GORONTALO,Akademik,17521043,PENDIDIKAN BAHASA INGGRIS,Sarjana,60,149,2.4833333333333334,79,79,Tidak Ada
752,UNIVERSITAS NEGERI GORONTALO,Akademik,17521044,PENDIDIKAN GURU SD,Sarjana,96,831,8.65625,80,80,Tidak Ada
752,UNIVERSITAS NEGERI GORONTALO,Akademik,17521045,PENDIDIKAN ANAK USIA DINI,Sarjana,58,84,1.4482758620689655,75,75,Tidak Ada
752,UNIVERSITAS NEGERI GORONTALO,Akademik,17521046,PENDIDIKAN SENDRATASIK,Sarjana,15,40,2.6666666666666665,79,79,Sendratasik
752,UNIVERSITAS NEGERI GORONTALO,Akademik,17521047,BIMBINGAN DAN KONSELING,Sarjana,42,214,5.095238095238095,81,81,Tidak Ada
752,UNIVERSITAS NEGERI GORONTALO,Akademik,17521048,PENDIDIKAN MASYARAKAT,Sarjana,26,8,0.3076923076923077,76,76,Tidak Ada
752,UNIVERSITAS NEGERI GORONTALO,Akademik,17521049,MANAJEMEN PENDIDIKAN,Sarjana,48,77,1.6041666666666667,80,80,Tidak Ada
752,UNIVERSITAS NEGERI GORONTALO,Akademik,17521050,ILMU HUKUM,Sarjana,113,412,3.646017699115044,81,81,Tidak Ada
752,UNIVERSITAS NEGERI GORONTALO,Akademik,17521051,AKUNTANSI,Sarjana,61,357,5.852459016393443,80,80,Tidak Ada
752,UNIVERSITAS NEGERI GORONTALO,Akademik,17521052,MANAJEMEN,Sarjana,65,487,7.492307692307692,84,84,Tidak Ada
752,UNIVERSITAS NEGERI GORONTALO,Akademik,17521053,PENDIDIKAN KEPELATIHAN OLAHRAGA,Sarjana,45,55,1.2222222222222223,80,80,Olahraga
752,UNIVERSITAS NEGERI GORONTALO,Akademik,17521054,SOSIOLOGI,Sarjana,50,68,1.36,78,78,Tidak Ada
752,UNIVERSITAS NEGERI GORONTALO,Akademik,17521055,ILMU KOMUNIKASI,Sarjana,60,293,4.883333333333334,78,78,Tidak Ada
752,UNIVERSITAS NEGERI GORONTALO,Akademik,17521056,EKONOMI PEMBANGUNAN,Sarjana,36,43,1.1944444444444444,81,81,Tidak Ada
752,UNIVERSITAS NEGERI GORONTALO,Akademik,17521057,ADMINISTRASI PUBLIK,Sarjana,40,296,7.4,87,87,Tidak Ada
752,UNIVERSITAS NEGERI GORONTALO,Akademik,17521058,PENDIDIKAN GEOGRAFI,Sarjana,30,30,1.0,80,80,Tidak Ada
752,UNIVERSITAS NEGERI GORONTALO,Akademik,17521059,PENDIDIKAN SENI RUPA,Sarjana,20,27,1.35,81,81,"Seni Rupa, Desain, dan Kriya"
752,UNIVERSITAS NEGERI GORONTALO,Akademik,17521062,PSIKOLOGI,Sarjana,33,232,7.03030303030303,84,84,Tidak Ada
752,UNIVERSITAS NEGERI GORONTALO,Akademik,17521064,TEKNIK KOMPUTER,Sarjana,40,192,4.8,80,80,Tidak Ada
752,UNIVERSITAS NEGERI GORONTALO,Akademik,17521065,ILMU KELAUTAN,Sarjana,20,19,0.95,78,78,Tidak Ada
752,UNIVERSITAS NEGERI GORONTALO,Akademik,17521066,ILMU LINGKUNGAN,Sarjana,15,22,1.4666666666666666,76,76,Tidak Ada
752,UNIVERSITAS NEGERI GORONTALO,Akademik,17521067,TEKNOLOGI PENANGKAPAN IKAN,Sarjana,15,1,0.06666666666666667,78,78,Tidak Ada
752,UNIVERSITAS NEGERI GORONTALO,Akademik,17521068,PENDIDIKAN KHUSUS,Sarjana,21,0,0.0,79,79,Tidak Ada
752,UNIVERSITAS NEGERI GORONTALO,Akademik,17521069,PENDIDIKAN VOKASIONAL REKAYASA ELEKTRO,Sarjana,12,0,0.0,79,79,Tidak Ada
752,UNIVERSITAS NEGERI GORONTALO,Akademik,17522034,TEKNOLOGI REKAYASA PERANGKAT LUNAK,Sarjana Terapan,20,10,0.5,81,81,Tidak Ada
752,UNIVERSITAS NEGERI GORONTALO,Akademik,17522035,TEKNOLOGI REKAYASA ENERGI TERBARUKAN,Sarjana Terapan,22,2,0.09090909090909091,79,79,Tidak Ada
752,UNIVERSITAS NEGERI GORONTALO,Akademik,17522036,ARSITEKTUR BANGUNAN GEDUNG,Sarjana Terapan,22,9,0.4090909090909091,78,78,Tidak Ada
752,UNIVERSITAS NEGERI GORONTALO,Akademik,17522063,AGRIBISNIS PERIKANAN,Sarjana Terapan,22,2,0.09090909090909091,79,79,Tidak Ada
752,UNIVERSITAS NEGERI GORONTALO,Akademik,17523060,FARMASI,Diploma Tiga,27,108,4.0,76,76,Tidak Ada
752,UNIVERSITAS NEGERI GORONTALO,Akademik,17523061,PARIWISATA,Diploma Tiga,20,23,1.15,79,79,Tidak Ada
753,UNIVERSITAS SEMBILAN BELAS NOVEMBER KOLAKA,Akademik,17531001,PENDIDIKAN MATEMATIKA,Sarjana,18,25,1.3888888888888888,75,75,Tidak Ada
753,UNIVERSITAS SEMBILAN BELAS NOVEMBER KOLAKA,Akademik,17531002,SISTEM INFORMASI,Sarjana,38,85,2.236842105263158,77,77,Tidak Ada
753,UNIVERSITAS SEMBILAN BELAS NOVEMBER KOLAKA,Akademik,17531003,TEKNIK SIPIL,Sarjana,25,45,1.8,78,78,Tidak Ada
753,UNIVERSITAS SEMBILAN BELAS NOVEMBER KOLAKA,Akademik,17531004,TEKNIK PERTAMBANGAN,Sarjana,33,137,4.151515151515151,75,75,Tidak Ada
753,UNIVERSITAS SEMBILAN BELAS NOVEMBER KOLAKA,Akademik,17531005,AGRIBISNIS,Sarjana,9,16,1.7777777777777777,76,76,Tidak Ada
753,UNIVERSITAS SEMBILAN BELAS NOVEMBER KOLAKA,Akademik,17531006,AGROTEKNOLOGI,Sarjana,8,17,2.125,80,80,Tidak Ada
753,UNIVERSITAS SEMBILAN BELAS NOVEMBER KOLAKA,Akademik,17531007,PETERNAKAN,Sarjana,9,2,0.2222222222222222,75,75,Tidak Ada
753,UNIVERSITAS SEMBILAN BELAS NOVEMBER KOLAKA,Akademik,17531008,ILMU PERIKANAN,Sarjana,9,5,0.5555555555555556,82,82,Tidak Ada
753,UNIVERSITAS SEMBILAN BELAS NOVEMBER KOLAKA,Akademik,17531009,PENDIDIKAN BIOLOGI,Sarjana,18,32,1.7777777777777777,79,79,Tidak Ada
753,UNIVERSITAS SEMBILAN BELAS NOVEMBER KOLAKA,Akademik,17531010,PENDIDIKAN KIMIA,Sarjana,9,13,1.4444444444444444,82,82,Tidak Ada
753,UNIVERSITAS SEMBILAN BELAS NOVEMBER KOLAKA,Akademik,17531011,TEKNOLOGI HASIL PERTANIAN,Sarjana,8,9,1.125,80,80,Tidak Ada
753,UNIVERSITAS SEMBILAN BELAS NOVEMBER KOLAKA,Akademik,17531012,KIMIA,Sarjana,9,4,0.4444444444444444,82,82,Tidak Ada
753,UNIVERSITAS SEMBILAN BELAS NOVEMBER KOLAKA,Akademik,17531013,ILMU KOMPUTER,Sarjana,34,97,2.8529411764705883,82,82,Tidak Ada
753,UNIVERSITAS SEMBILAN BELAS NOVEMBER KOLAKA,Akademik,17531014,FARMASI,Sarjana,28,92,3.2857142857142856,78,78,Tidak Ada
753,UNIVERSITAS SEMBILAN BELAS NOVEMBER KOLAKA,Akademik,17531015,PENDIDIKAN FISIKA,Sarjana,9,6,0.6666666666666666,81,81,Tidak Ada
753,UNIVERSITAS SEMBILAN BELAS NOVEMBER KOLAKA,Akademik,17531016,ILMU KELAUTAN,Sarjana,9,1,0.1111111111111111,76,76,Tidak Ada
753,UNIVERSITAS SEMBILAN BELAS NOVEMBER KOLAKA,Akademik,17531017,TEKNIK MESIN,Sarjana,13,9,0.6923076923076923,79,79,Tidak Ada
753,UNIVERSITAS SEMBILAN BELAS NOVEMBER KOLAKA,Akademik,17531018,TEKNIK PERKAPALAN,Sarjana,13,1,0.07692307692307693,78,78,Tidak Ada
753,UNIVERSITAS SEMBILAN BELAS NOVEMBER KOLAKA,Akademik,17531019,MATEMATIKA,Sarjana,10,7,0.7,75,75,Tidak Ada
753,UNIVERSITAS SEMBILAN BELAS NOVEMBER KOLAKA,Akademik,17531020,HUKUM,Sarjana,45,54,1.2,81,81,Tidak Ada
753,UNIVERSITAS SEMBILAN BELAS NOVEMBER KOLAKA,Akademik,17531021,ADMINISTRASI PUBLIK,Sarjana,25,56,2.24,82,82,Tidak Ada
753,UNIVERSITAS SEMBILAN BELAS NOVEMBER KOLAKA,Akademik,17531022,PENDIDIKAN BAHASA INDONESIA,Sarjana,20,29,1.45,81,81,Tidak Ada
753,UNIVERSITAS SEMBILAN BELAS NOVEMBER KOLAKA,Akademik,17531023,PENDIDIKAN BAHASA INGGRIS,Sarjana,20,34,1.7,76,76,Tidak Ada
753,UNIVERSITAS SEMBILAN BELAS NOVEMBER KOLAKA,Akademik,17531024,PENDIDIKAN GEOGRAFI,Sarjana,20,17,0.85,76,76,Tidak Ada
753,UNIVERSITAS SEMBILAN BELAS NOVEMBER KOLAKA,Akademik,17531025,AKUNTANSI,Sarjana,23,51,2.217391304347826,79,79,Tidak Ada
753,UNIVERSITAS SEMBILAN BELAS NOVEMBER KOLAKA,Akademik,17531026,PENDIDIKAN PANCASILA DAN KEWARGANEGARAAN,Sarjana,20,35,1.75,75,75,Tidak Ada
753,UNIVERSITAS SEMBILAN BELAS NOVEMBER KOLAKA,Akademik,17531027,MANAJEMEN,Sarjana,23,100,4.3478260869565215,81,81,Tidak Ada
753,UNIVERSITAS SEMBILAN BELAS NOVEMBER KOLAKA,Akademik,17531028,PENDIDIKAN JASMANI,Sarjana,31,21,0.6774193548387096,79,79,Olahraga
753,UNIVERSITAS SEMBILAN BELAS NOVEMBER KOLAKA,Akademik,17531029,EKONOMI PEMBANGUNAN,Sarjana,20,11,0.55,77,77,Tidak Ada
753,UNIVERSITAS SEMBILAN BELAS NOVEMBER KOLAKA,Akademik,17531031,GIZI,Sarjana,15,0,0.0,80,80,Tidak Ada
753,UNIVERSITAS SEMBILAN BELAS NOVEMBER KOLAKA,Akademik,17533030,KEPERAWATAN,Diploma Tiga,20,66,3.3,82,82,Tidak Ada
811,UNIVERSITAS PATTIMURA,Akademik,18111001,PEND. BIOLOGI,Sarjana,28,47,1.6785714285714286,82,82,Tidak Ada
811,UNIVERSITAS PATTIMURA,Akademik,18111002,PEND. FISIKA,Sarjana,24,18,0.75,80,80,Tidak Ada
811,UNIVERSITAS PATTIMURA,Akademik,18111003,PEND. MATEMATIKA,Sarjana,24,38,1.5833333333333333,77,77,Tidak Ada
811,UNIVERSITAS PATTIMURA,Akademik,18111004,PEND. KIMIA,Sarjana,19,14,0.7368421052631579,77,77,Tidak Ada
811,UNIVERSITAS PATTIMURA,Akademik,18111005,AGRIBISNIS,Sarjana,18,22,1.2222222222222223,82,82,Tidak Ada
811,UNIVERSITAS PATTIMURA,Akademik,18111006,AGROTEKNOLOGI,Sarjana,10,11,1.1,82,82,Tidak Ada
811,UNIVERSITAS PATTIMURA,Akademik,18111007,TEK. HASIL PERTANIAN,Sarjana,9,20,2.2222222222222223,75,75,Tidak Ada
811,UNIVERSITAS PATTIMURA,Akademik,18111008,KEHUTANAN,Sarjana,22,39,1.7727272727272727,75,75,Tidak Ada
811,UNIVERSITAS PATTIMURA,Akademik,18111009,PETERNAKAN,Sarjana,10,21,2.1,80,80,Tidak Ada
811,UNIVERSITAS PATTIMURA,Akademik,18111010,TEKNIK PERKAPALAN,Sarjana,15,22,1.4666666666666666,77,77,Tidak Ada
811,UNIVERSITAS PATTIMURA,Akademik,18111011,TEKNIK SISTIM PERKAPALAN,Sarjana,12,16,1.3333333333333333,77,77,Tidak Ada
811,UNIVERSITAS PATTIMURA,Akademik,18111012,TEKNIK  MESIN,Sarjana,33,29,0.8787878787878788,80,80,Tidak Ada
811,UNIVERSITAS PATTIMURA,Akademik,18111013,TEKNIK INDUSTRI,Sarjana,30,92,3.066666666666667,79,79,Tidak Ada
811,UNIVERSITAS PATTIMURA,Akademik,18111014,MAJEMEN SUMB.PERAIRAN,Sarjana,18,5,0.2777777777777778,81,81,Tidak Ada
811,UNIVERSITAS PATTIMURA,Akademik,18111015,IL. KELAUTAN,Sarjana,21,14,0.6666666666666666,80,80,Tidak Ada
811,UNIVERSITAS PATTIMURA,Akademik,18111016,BUDIDAYA PERAIRAN,Sarjana,18,7,0.3888888888888889,75,75,Tidak Ada
811,UNIVERSITAS PATTIMURA,Akademik,18111017,PEMANFAATAN SD PERIKANAN,Sarjana,22,6,0.2727272727272727,80,80,Tidak Ada
811,UNIVERSITAS PATTIMURA,Akademik,18111018,TEK. HASIL PERIKANAN,Sarjana,24,29,1.2083333333333333,81,81,Tidak Ada
811,UNIVERSITAS PATTIMURA,Akademik,18111019,AGROBISNIS PERIKANAN,Sarjana,24,14,0.5833333333333334,76,76,Tidak Ada
811,UNIVERSITAS PATTIMURA,Akademik,18111020,MATEMATIKA,Sarjana,15,23,1.5333333333333334,76,76,Tidak Ada
811,UNIVERSITAS PATTIMURA,Akademik,18111021,FISIKA,Sarjana,15,12,0.8,82,82,Tidak Ada
811,UNIVERSITAS PATTIMURA,Akademik,18111022,KIMIA,Sarjana,12,8,0.6666666666666666,76,76,Tidak Ada
811,UNIVERSITAS PATTIMURA,Akademik,18111023,BIOLOGI,Sarjana,18,20,1.1111111111111112,75,75,Tidak Ada
811,UNIVERSITAS PATTIMURA,Akademik,18111024,PENDIDIKAN DOKTER,Sarjana,45,564,12.533333333333333,88,88,Tidak Ada
811,UNIVERSITAS PATTIMURA,Akademik,18111025,PERENCANAAN WILAYAH DAN KOTA,Sarjana,34,46,1.3529411764705883,76,76,Tidak Ada
811,UNIVERSITAS PATTIMURA,Akademik,18111026,TEKNIK SIPIL,Sarjana,34,136,4.0,81,81,Tidak Ada
811,UNIVERSITAS PATTIMURA,Akademik,18111027,PEMULIAAN TANAMAN,Sarjana,6,5,0.8333333333333334,80,80,Tidak Ada
811,UNIVERSITAS PATTIMURA,Akademik,18111028,ILMU TANAH,Sarjana,6,3,0.5,79,79,Tidak Ada
811,UNIVERSITAS PATTIMURA,Akademik,18111029,TEKNIK GEOLOGI,Sarjana,15,90,6.0,80,80,Tidak Ada
811,UNIVERSITAS PATTIMURA,Akademik,18111030,STATISTIKA,Sarjana,30,65,2.1666666666666665,78,78,Tidak Ada
811,UNIVERSITAS PATTIMURA,Akademik,18111031,PETERNAKAN (PSDKU KAB. MBD),Sarjana,9,0,0.0,77,77,Tidak Ada
811,UNIVERSITAS PATTIMURA,Akademik,18111032,PENDIDIKAN MATEMATIKA (PSDKU KAB. MBD),Sarjana,12,0,0.0,81,81,Tidak Ada
811,UNIVERSITAS PATTIMURA,Akademik,18111033,PENDIDIKAN MATEMATIKA (PSDKU KAB. ARU),Sarjana,12,3,0.25,80,80,Tidak Ada
811,UNIVERSITAS PATTIMURA,Akademik,18111034,TEKNIK GEOFISIKA,Sarjana,15,17,1.1333333333333333,82,82,Tidak Ada
811,UNIVERSITAS PATTIMURA,Akademik,18111035,TEKNIK PERMINYAKAN,Sarjana,15,126,8.4,83,83,Tidak Ada
811,UNIVERSITAS PATTIMURA,Akademik,18111036,TEKNIK KIMIA,Sarjana,12,11,0.9166666666666666,78,78,Tidak Ada
811,UNIVERSITAS PATTIMURA,Akademik,18111037,TEKNIK TRANSPORTASI LAUT,Sarjana,15,14,0.9333333333333333,82,82,Tidak Ada
811,UNIVERSITAS PATTIMURA,Akademik,18111038,IL. HUKUM,Sarjana,185,411,2.2216216216216216,77,77,Tidak Ada
811,UNIVERSITAS PATTIMURA,Akademik,18111039,IL. ADM. NEGARA,Sarjana,57,67,1.1754385964912282,75,75,Tidak Ada
811,UNIVERSITAS PATTIMURA,Akademik,18111040,IL. PEMERINTAHAN,Sarjana,54,58,1.0740740740740742,81,81,Tidak Ada
811,UNIVERSITAS PATTIMURA,Akademik,18111041,SOSIOLOGI,Sarjana,45,39,0.8666666666666667,78,78,Tidak Ada
811,UNIVERSITAS PATTIMURA,Akademik,18111042,MANAJEMEN,Sarjana,123,310,2.5203252032520327,76,76,Tidak Ada
811,UNIVERSITAS PATTIMURA,Akademik,18111043,EKONOMI PEMBANGUNAN,Sarjana,45,26,0.5777777777777777,78,78,Tidak Ada
811,UNIVERSITAS PATTIMURA,Akademik,18111044,AKUNTANSI,Sarjana,120,264,2.2,82,82,Tidak Ada
811,UNIVERSITAS PATTIMURA,Akademik,18111045,PENDIDIKAN SEJARAH,Sarjana,37,63,1.7027027027027026,75,75,Tidak Ada
811,UNIVERSITAS PATTIMURA,Akademik,18111046,PENDIDIKAN GEOGRAFI,Sarjana,36,41,1.1388888888888888,76,76,Tidak Ada
811,UNIVERSITAS PATTIMURA,Akademik,18111047,PENDIDIKAN EKONOMI,Sarjana,28,32,1.1428571428571428,77,77,Tidak Ada
811,UNIVERSITAS PATTIMURA,Akademik,18111048,PPKN,Sarjana,30,50,1.6666666666666667,82,82,Tidak Ada
811,UNIVERSITAS PATTIMURA,Akademik,18111049,PEND. BAHASA INDONESIA,Sarjana,32,68,2.125,75,75,Tidak Ada
811,UNIVERSITAS PATTIMURA,Akademik,18111050,PEND. BAHASA INGGRIS,Sarjana,40,93,2.325,75,75,Tidak Ada
811,UNIVERSITAS PATTIMURA,Akademik,18111051,PEND. BAHASA JERMAN,Sarjana,9,15,1.6666666666666667,79,79,Tidak Ada
811,UNIVERSITAS PATTIMURA,Akademik,18111052,PENJASKESREK,Sarjana,34,39,1.1470588235294117,77,77,Olahraga
811,UNIVERSITAS PATTIMURA,Akademik,18111053,BIMBINGAN KONSELING,Sarjana,22,107,4.863636363636363,80,80,Tidak Ada
811,UNIVERSITAS PATTIMURA,Akademik,18111054,PEND. LUAR  SEKOLAH,Sarjana,19,3,0.15789473684210525,79,79,Tidak Ada
811,UNIVERSITAS PATTIMURA,Akademik,18111055,PGSD S1,Sarjana,67,147,2.1940298507462686,82,82,Tidak Ada
811,UNIVERSITAS PATTIMURA,Akademik,18111056,ILMU KOMUNIKASI,Sarjana,60,142,2.3666666666666667,82,82,Tidak Ada
811,UNIVERSITAS PATTIMURA,Akademik,18111057,PENYULUHAN PERTANIAN,Sarjana,9,7,0.7777777777777778,78,78,Tidak Ada
811,UNIVERSITAS PATTIMURA,Akademik,18111058,ILMU HUKUM (PSDKU KAB. MBD),Sarjana,15,0,0.0,77,77,Tidak Ada
811,UNIVERSITAS PATTIMURA,Akademik,18111059,AKUNTANSI (PSDKU KAB. MBD),Sarjana,15,1,0.06666666666666667,78,78,Tidak Ada
811,UNIVERSITAS PATTIMURA,Akademik,18111060,PEND. GURU SEKOLAH DASAR (PSDKU KAB. MBD),Sarjana,21,7,0.3333333333333333,78,78,Tidak Ada
811,UNIVERSITAS PATTIMURA,Akademik,18111061,PEND. BAHASA INGGRIS (PSDKU KAB. MBD),Sarjana,12,1,0.08333333333333333,81,81,Tidak Ada
811,UNIVERSITAS PATTIMURA,Akademik,18111062,ILMU HUKUM (PSDKU KAB. ARU),Sarjana,15,3,0.2,78,78,Tidak Ada
811,UNIVERSITAS PATTIMURA,Akademik,18111063,AKUNTANSI (PSDKU KAB. ARU),Sarjana,15,2,0.13333333333333333,78,78,Tidak Ada
811,UNIVERSITAS PATTIMURA,Akademik,18111064,PEND. GURU SEKOLAH DASAR (PSDKU KAB. ARU),Sarjana,21,16,0.7619047619047619,82,82,Tidak Ada
811,UNIVERSITAS PATTIMURA,Akademik,18111065,PEND. BAHASA INGGRIS (PSDKU KAB. ARU),Sarjana,12,4,0.3333333333333333,80,80,Tidak Ada
811,UNIVERSITAS PATTIMURA,Akademik,18111066,"PEND. JASMANI, KESEHATAN, DAN REKREASI (PSDKU KAB. ARU)",Sarjana,19,1,0.05263157894736842,79,79,Olahraga
811,UNIVERSITAS PATTIMURA,Akademik,18111067,ADMINISTRASI PENDIDIKAN,Sarjana,15,30,2.0,77,77,Tidak Ada
811,UNIVERSITAS PATTIMURA,Akademik,18111068,ILMU LINGKUNGAN,Sarjana,6,3,0.5,77,77,Tidak Ada
811,UNIVERSITAS PATTIMURA,Akademik,18111069,BIOTEKNOLOGI,Sarjana,15,22,1.4666666666666666,81,81,Tidak Ada
811,UNIVERSITAS PATTIMURA,Akademik,18111070,PENDIDIKAN AKUNTANSI,Sarjana,16,14,0.875,78,78,Tidak Ada
811,UNIVERSITAS PATTIMURA,Akademik,18111071,ILMU KOMPUTER,Sarjana,30,293,9.766666666666667,85,85,Tidak Ada
811,UNIVERSITAS PATTIMURA,Akademik,18111072,PENGELOLAAN HUTAN,Sarjana,6,1,0.16666666666666666,82,82,Tidak Ada
811,UNIVERSITAS PATTIMURA,Akademik,18111073,FARMASI,Sarjana,30,340,11.333333333333334,88,88,Tidak Ada
811,UNIVERSITAS PATTIMURA,Akademik,18111074,SAINS BIOMEDIS,Sarjana,15,46,3.066666666666667,76,76,Tidak Ada
811,UNIVERSITAS PATTIMURA,Akademik,18111075,KESELAMATAN DAN KESEHATAN KERJA,Sarjana,9,30,3.3333333333333335,77,77,Tidak Ada
811,UNIVERSITAS PATTIMURA,Akademik,18111076,REKAYASA INSTRUMENTASI DAN OTOMASI,Sarjana,6,0,0.0,80,80,Tidak Ada
811,UNIVERSITAS PATTIMURA,Akademik,18111077,PERDAGANGAN INTERNASIONAL,Sarjana,6,0,0.0,77,77,Tidak Ada
811,UNIVERSITAS PATTIMURA,Akademik,18111078,KEWIRAUSAHAAN,Sarjana,4,0,0.0,82,82,Tidak Ada
811,UNIVERSITAS PATTIMURA,Akademik,18111079,GIZI,Sarjana,9,0,0.0,79,79,Tidak Ada
811,UNIVERSITAS PATTIMURA,Akademik,18111080,PENDIDIKAN GURU PENDIDIKAN ANAK USIA DINI,Sarjana,9,0,0.0,81,81,Tidak Ada
811,UNIVERSITAS PATTIMURA,Akademik,18111081,PEMBANGUNAN SOSIAL,Sarjana,9,0,0.0,76,76,Tidak Ada
811,UNIVERSITAS PATTIMURA,Akademik,18111082,OSEANOGRAFI,Sarjana,9,0,0.0,75,75,Tidak Ada
821,UNIVERSITAS KHAIRUN,Akademik,18211001,TEKNIK SIPIL,Sarjana,59,158,2.6779661016949152,78,78,Tidak Ada
821,UNIVERSITAS KHAIRUN,Akademik,18211002,TEKNIK MESIN,Sarjana,30,25,0.8333333333333334,77,77,Tidak Ada
821,UNIVERSITAS KHAIRUN,Akademik,18211003,TEKNIK ELEKTRO,Sarjana,36,23,0.6388888888888888,77,77,Tidak Ada
821,UNIVERSITAS KHAIRUN,Akademik,18211004,ARSITEKTUR,Sarjana,36,48,1.3333333333333333,77,77,Tidak Ada
821,UNIVERSITAS KHAIRUN,Akademik,18211005,TEKNOLOGI PERTANIAN,Sarjana,15,18,1.2,80,80,Tidak Ada
821,UNIVERSITAS KHAIRUN,Akademik,18211006,PETERNAKAN,Sarjana,15,10,0.6666666666666666,78,78,Tidak Ada
821,UNIVERSITAS KHAIRUN,Akademik,18211007,MANAJEMEN SUMBERDAYA PERAIRAN,Sarjana,18,6,0.3333333333333333,75,75,Tidak Ada
821,UNIVERSITAS KHAIRUN,Akademik,18211008,ILMU KELAUTAN,Sarjana,12,11,0.9166666666666666,78,78,Tidak Ada
821,UNIVERSITAS KHAIRUN,Akademik,18211009,PEMANFAATAN SUMBERDAYA PERAIRAN,Sarjana,12,5,0.4166666666666667,76,76,Tidak Ada
821,UNIVERSITAS KHAIRUN,Akademik,18211010,BUDIDAYA PERAIRAN,Sarjana,12,3,0.25,80,80,Tidak Ada
821,UNIVERSITAS KHAIRUN,Akademik,18211011,PEND. MATEMATIKA,Sarjana,29,29,1.0,79,79,Tidak Ada
821,UNIVERSITAS KHAIRUN,Akademik,18211012,PEND. BIOLOGI,Sarjana,30,41,1.3666666666666667,79,79,Tidak Ada
821,UNIVERSITAS KHAIRUN,Akademik,18211013,PEND. FISIKA,Sarjana,15,16,1.0666666666666667,81,81,Tidak Ada
821,UNIVERSITAS KHAIRUN,Akademik,18211014,PEND. KIMIA,Sarjana,24,28,1.1666666666666667,79,79,Tidak Ada
821,UNIVERSITAS KHAIRUN,Akademik,18211015,AGROTEKNOLOGI,Sarjana,15,9,0.6,76,76,Tidak Ada
821,UNIVERSITAS KHAIRUN,Akademik,18211016,TEKNIK INFORMATIKA,Sarjana,59,329,5.576271186440678,80,80,Tidak Ada
821,UNIVERSITAS KHAIRUN,Akademik,18211017,KEHUTANAN,Sarjana,21,24,1.1428571428571428,77,77,Tidak Ada
821,UNIVERSITAS KHAIRUN,Akademik,18211018,TEKNIK PERTAMBANGAN,Sarjana,44,188,4.2727272727272725,77,77,Tidak Ada
821,UNIVERSITAS KHAIRUN,Akademik,18211019,AGRIBISNIS,Sarjana,24,26,1.0833333333333333,77,77,Tidak Ada
821,UNIVERSITAS KHAIRUN,Akademik,18211020,PENDIDIKAN DOKTER,Sarjana,29,240,8.275862068965518,81,81,Tidak Ada
821,UNIVERSITAS KHAIRUN,Akademik,18211021,ILMU TANAH,Sarjana,15,12,0.8,75,75,Tidak Ada
821,UNIVERSITAS KHAIRUN,Akademik,18211022,FARMASI,Sarjana,30,290,9.666666666666666,80,80,Tidak Ada
821,UNIVERSITAS KHAIRUN,Akademik,18211023,ILMU HUKUM,Sarjana,120,183,1.525,80,80,Tidak Ada
821,UNIVERSITAS KHAIRUN,Akademik,18211024,EKONOMI PEMBANGUNAN,Sarjana,60,38,0.6333333333333333,81,81,Tidak Ada
821,UNIVERSITAS KHAIRUN,Akademik,18211025,MANAJEMEN,Sarjana,87,313,3.5977011494252875,75,75,Tidak Ada
821,UNIVERSITAS KHAIRUN,Akademik,18211026,ILMU SEJARAH,Sarjana,12,14,1.1666666666666667,77,77,Tidak Ada
821,UNIVERSITAS KHAIRUN,Akademik,18211027,SASTRA INDONESIA,Sarjana,9,15,1.6666666666666667,77,77,Tidak Ada
821,UNIVERSITAS KHAIRUN,Akademik,18211028,SASTRA INGGRIS,Sarjana,36,50,1.3888888888888888,82,82,Tidak Ada
821,UNIVERSITAS KHAIRUN,Akademik,18211029,PPKN,Sarjana,27,40,1.4814814814814814,81,81,Tidak Ada
821,UNIVERSITAS KHAIRUN,Akademik,18211030,PEND. BAHASA INDONESIA,Sarjana,32,57,1.78125,76,76,Tidak Ada
821,UNIVERSITAS KHAIRUN,Akademik,18211031,PEND. BAHASA INGGRIS,Sarjana,41,45,1.0975609756097562,82,82,Tidak Ada
821,UNIVERSITAS KHAIRUN,Akademik,18211032,AKUNTANSI,Sarjana,72,227,3.1527777777777777,82,82,Tidak Ada
821,UNIVERSITAS KHAIRUN,Akademik,18211033,PEND. GEOGRAFI,Sarjana,23,25,1.0869565217391304,76,76,Tidak Ada
821,UNIVERSITAS KHAIRUN,Akademik,18211034,PGSD S1,Sarjana,62,152,2.4516129032258065,77,77,Tidak Ada
821,UNIVERSITAS KHAIRUN,Akademik,18211035,ANTROPOLOGI SOSIAL,Sarjana,12,10,0.8333333333333334,75,75,Tidak Ada
821,UNIVERSITAS KHAIRUN,Akademik,18211036,PG PAUD,Sarjana,59,81,1.3728813559322033,78,78,Tidak Ada
821,UNIVERSITAS KHAIRUN,Akademik,18211038,PSIKOLOGI,Sarjana,24,122,5.083333333333333,87,87,Tidak Ada
821,UNIVERSITAS KHAIRUN,Akademik,18211039,TEKNIK INDUSTRI,Sarjana,29,45,1.5517241379310345,76,76,Tidak Ada
821,UNIVERSITAS KHAIRUN,Akademik,18211040,PENDIDIKAN ILMU PENGETAHUAN ALAM,Sarjana,24,9,0.375,80,80,Tidak Ada
821,UNIVERSITAS KHAIRUN,Akademik,18213037,USAHA PERJALANAN WISATA,Diploma Tiga,9,9,1.0,76,76,Tidak Ada
911,UNIVERSITAS CENDERAWASIH,Akademik,19111001,MATEMATIKA,Sarjana,10,9,0.9,81,81,Tidak Ada
911,UNIVERSITAS CENDERAWASIH,Akademik,19111002,BIOLOGI,Sarjana,10,15,1.5,82,82,Tidak Ada
911,UNIVERSITAS CENDERAWASIH,Akademik,19111003,KIMIA,Sarjana,10,5,0.5,75,75,Tidak Ada
911,UNIVERSITAS CENDERAWASIH,Akademik,19111004,FISIKA,Sarjana,10,6,0.6,79,79,Tidak Ada
911,UNIVERSITAS CENDERAWASIH,Akademik,19111005,ILMU KESEHATAN MASYARAKAT,Sarjana,125,217,1.736,80,80,Tidak Ada
911,UNIVERSITAS CENDERAWASIH,Akademik,19111006,PEND. MATEMATIKA,Sarjana,25,19,0.76,75,75,Tidak Ada
911,UNIVERSITAS CENDERAWASIH,Akademik,19111007,PEND. BIOLOGI,Sarjana,25,21,0.84,78,78,Tidak Ada
911,UNIVERSITAS CENDERAWASIH,Akademik,19111008,PEND. KIMIA,Sarjana,25,10,0.4,81,81,Tidak Ada
911,UNIVERSITAS CENDERAWASIH,Akademik,19111009,PEND. FISIKA,Sarjana,25,3,0.12,76,76,Tidak Ada
911,UNIVERSITAS CENDERAWASIH,Akademik,19111010,TEKNIK SIPIL,Sarjana,13,96,7.384615384615385,87,87,Tidak Ada
911,UNIVERSITAS CENDERAWASIH,Akademik,19111011,TEKNIK ELEKTRO,Sarjana,13,31,2.3846153846153846,82,82,Tidak Ada
911,UNIVERSITAS CENDERAWASIH,Akademik,19111012,PENDIDIKAN DOKTER,Sarjana,30,405,13.5,87,87,Tidak Ada
911,UNIVERSITAS CENDERAWASIH,Akademik,19111013,ILMU KEPERAWATAN,Sarjana,15,264,17.6,85,85,Tidak Ada
911,UNIVERSITAS CENDERAWASIH,Akademik,19111014,TEKNIK MESIN,Sarjana,13,24,1.8461538461538463,80,80,Tidak Ada
911,UNIVERSITAS CENDERAWASIH,Akademik,19111015,TEKNIK PERTAMBANGAN,Sarjana,13,137,10.538461538461538,89,89,Tidak Ada
911,UNIVERSITAS CENDERAWASIH,Akademik,19111016,ILMU KELAUTAN,Sarjana,10,10,1.0,75,75,Tidak Ada
911,UNIVERSITAS CENDERAWASIH,Akademik,19111017,FARMASI,Sarjana,13,266,20.46153846153846,94,94,Tidak Ada
911,UNIVERSITAS CENDERAWASIH,Akademik,19111018,SISTEM INFORMASI,Sarjana,13,123,9.461538461538462,84,84,Tidak Ada
911,UNIVERSITAS CENDERAWASIH,Akademik,19111019,TEKNIK GEOFISIKA,Sarjana,10,4,0.4,81,81,Tidak Ada
911,UNIVERSITAS CENDERAWASIH,Akademik,19111020,PERENCANAAN WILAYAH DAN KOTA/PLANOLOGI,Sarjana,13,21,1.6153846153846154,77,77,Tidak Ada
911,UNIVERSITAS CENDERAWASIH,Akademik,19111021,ILMU KEOLAHRAGAAN,Sarjana,37,2,0.05405405405405406,76,76,Olahraga
911,UNIVERSITAS CENDERAWASIH,Akademik,19111022,ILMU PERIKANAN,Sarjana,10,4,0.4,81,81,Tidak Ada
911,UNIVERSITAS CENDERAWASIH,Akademik,19111023,STATISTIKA,Sarjana,10,17,1.7,79,79,Tidak Ada
911,UNIVERSITAS CENDERAWASIH,Akademik,19111024,ILMU EKONOMI,Sarjana,62,48,0.7741935483870968,77,77,Tidak Ada
911,UNIVERSITAS CENDERAWASIH,Akademik,19111025,ILMU ADMINISTRASI NEGARA,Sarjana,20,43,2.15,79,79,Tidak Ada
911,UNIVERSITAS CENDERAWASIH,Akademik,19111026,ANTROPOLOGI SOSIAL,Sarjana,20,11,0.55,80,80,Tidak Ada
911,UNIVERSITAS CENDERAWASIH,Akademik,19111027,ILMU HUKUM,Sarjana,100,182,1.82,79,79,Tidak Ada
911,UNIVERSITAS CENDERAWASIH,Akademik,19111028,MANAJEMEN,Sarjana,62,179,2.8870967741935485,78,78,Tidak Ada
911,UNIVERSITAS CENDERAWASIH,Akademik,19111029,ILMU KESEJAHTERAAN SOSIAL,Sarjana,20,4,0.2,78,78,Tidak Ada
911,UNIVERSITAS CENDERAWASIH,Akademik,19111030,PEND. PANCASILA & KEWARGANEG.,Sarjana,25,17,0.68,77,77,Tidak Ada
911,UNIVERSITAS CENDERAWASIH,Akademik,19111031,AKUNTANSI,Sarjana,49,171,3.489795918367347,79,79,Tidak Ada
911,UNIVERSITAS CENDERAWASIH,Akademik,19111032,ILMU PEMERINTAHAN,Sarjana,20,50,2.5,81,81,Tidak Ada
911,UNIVERSITAS CENDERAWASIH,Akademik,19111033,BIMBINGAN KONSELING,Sarjana,25,26,1.04,80,80,Tidak Ada
911,UNIVERSITAS CENDERAWASIH,Akademik,19111035,PEND. GEOGRAFI,Sarjana,25,14,0.56,78,78,Tidak Ada
911,UNIVERSITAS CENDERAWASIH,Akademik,19111036,PEND. SEJARAH,Sarjana,25,9,0.36,77,77,Tidak Ada
911,UNIVERSITAS CENDERAWASIH,Akademik,19111037,PEND. BHS. SASTRA IND. & DAERAH,Sarjana,25,19,0.76,79,79,Tidak Ada
911,UNIVERSITAS CENDERAWASIH,Akademik,19111038,PEND. BAHASA INGGRIS,Sarjana,25,41,1.64,75,75,Tidak Ada
911,UNIVERSITAS CENDERAWASIH,Akademik,19111039,HUBUNGAN INTERNASIONAL,Sarjana,20,51,2.55,77,77,Tidak Ada
911,UNIVERSITAS CENDERAWASIH,Akademik,19111040,PENDIDIKAN GURU SEKOLAH DASAR,Sarjana,25,108,4.32,77,77,Tidak Ada
911,UNIVERSITAS CENDERAWASIH,Akademik,19111041,PENDIDKAN JASMANI KESEHATAN REKREASI,Sarjana,25,6,0.24,81,81,Olahraga
911,UNIVERSITAS CENDERAWASIH,Akademik,19111042,PG PAUD,Sarjana,25,11,0.44,76,76,Tidak Ada
911,UNIVERSITAS CENDERAWASIH,Akademik,19111043,ILMU PERPUSTAKAAN,Sarjana,20,4,0.2,75,75,Tidak Ada
911,UNIVERSITAS CENDERAWASIH,Akademik,19111044,MANAJEMEN ADMINISTRASI PERKANTORAN,Sarjana,20,76,3.8,82,82,Tidak Ada
911,UNIVERSITAS CENDERAWASIH,Akademik,19111045,MANAJEMEN PENDIDIKAN,Sarjana,25,6,0.24,79,79,Tidak Ada
911,UNIVERSITAS CENDERAWASIH,Akademik,19111046,PENDIDIKAN KEPELATIHAN OLAHRAGA,Sarjana,50,4,0.08,77,77,Olahraga
911,UNIVERSITAS CENDERAWASIH,Akademik,19111054,TEKNIK GEOLOGI,Sarjana,13,22,1.6923076923076923,82,82,Tidak Ada
911,UNIVERSITAS CENDERAWASIH,Akademik,19111055,TEKNOLOGI PANGAN,Sarjana,10,10,1.0,81,81,Tidak Ada
911,UNIVERSITAS CENDERAWASIH,Akademik,19111056,SOSIOLOGI,Sarjana,20,10,0.5,76,76,Tidak Ada
911,UNIVERSITAS CENDERAWASIH,Akademik,19111057,PSIKOLOGI,Sarjana,10,0,0.0,78,78,Tidak Ada
911,UNIVERSITAS CENDERAWASIH,Akademik,19111058,PARIWISATA,Sarjana,13,0,0.0,82,82,Tidak Ada
911,UNIVERSITAS CENDERAWASIH,Akademik,19113048,TEKNIK MINERAL,Diploma Tiga,9,0,0.0,77,77,Tidak Ada
911,UNIVERSITAS CENDERAWASIH,Akademik,19113049,TEKNIK ELEKTRONIKA,Diploma Tiga,9,3,0.3333333333333333,79,79,Tidak Ada
911,UNIVERSITAS CENDERAWASIH,Akademik,19113051,TEKNIK SIPIL,Diploma Tiga,10,2,0.2,75,75,Tidak Ada
911,UNIVERSITAS CENDERAWASIH,Akademik,19113053,TEKNIK MESIN,Diploma Tiga,9,1,0.1111111111111111,76,76,Tidak Ada
912,UNIVERSITAS MUSAMUS MERAUKE,Akademik,19121001,TEKNIK ELEKTRO,Sarjana,12,15,1.25,81,81,Tidak Ada
912,UNIVERSITAS MUSAMUS MERAUKE,Akademik,19121002,TEKNIK MESIN,Sarjana,12,13,1.0833333333333333,80,80,Tidak Ada
912,UNIVERSITAS MUSAMUS MERAUKE,Akademik,19121003,TEKNIK SIPIL,Sarjana,19,41,2.1578947368421053,82,82,Tidak Ada
912,UNIVERSITAS MUSAMUS MERAUKE,Akademik,19121004,ARSITEKTUR,Sarjana,10,14,1.4,77,77,Tidak Ada
912,UNIVERSITAS MUSAMUS MERAUKE,Akademik,19121005,KETEKNIKAN PERTANIAN,Sarjana,12,14,1.1666666666666667,75,75,Tidak Ada
912,UNIVERSITAS MUSAMUS MERAUKE,Akademik,19121006,AGRIBISNIS,Sarjana,16,20,1.25,76,76,Tidak Ada
912,UNIVERSITAS MUSAMUS MERAUKE,Akademik,19121007,AGROTEKNOLOGI,Sarjana,12,22,1.8333333333333333,76,76,Tidak Ada
912,UNIVERSITAS MUSAMUS MERAUKE,Akademik,19121008,PETERNAKAN,Sarjana,8,10,1.25,75,75,Tidak Ada
912,UNIVERSITAS MUSAMUS MERAUKE,Akademik,19121009,MANAJEMEN SUMBERDAYA PERAIRAN,Sarjana,10,3,0.3,80,80,Tidak Ada
912,UNIVERSITAS MUSAMUS MERAUKE,Akademik,19121010,TEKNIK INFORMATIKA,Sarjana,27,91,3.3703703703703702,76,76,Tidak Ada
912,UNIVERSITAS MUSAMUS MERAUKE,Akademik,19121011,SISTEM INFORMASI,Sarjana,20,52,2.6,82,82,Tidak Ada
912,UNIVERSITAS MUSAMUS MERAUKE,Akademik,19121012,PENDIDIKAN MATEMATIKA,Sarjana,6,10,1.6666666666666667,82,82,Tidak Ada
912,UNIVERSITAS MUSAMUS MERAUKE,Akademik,19121013,PENDIDIKAN FISIKA,Sarjana,6,6,1.0,75,75,Tidak Ada
912,UNIVERSITAS MUSAMUS MERAUKE,Akademik,19121014,PENDIDIKAN KIMIA,Sarjana,6,8,1.3333333333333333,81,81,Tidak Ada
912,UNIVERSITAS MUSAMUS MERAUKE,Akademik,19121015,PENDIDIKAN KOMPUTER,Sarjana,15,28,1.8666666666666667,76,76,Tidak Ada
912,UNIVERSITAS MUSAMUS MERAUKE,Akademik,19121016,EKONOMI PEMBANGUNAN,Sarjana,16,11,0.6875,78,78,Tidak Ada
912,UNIVERSITAS MUSAMUS MERAUKE,Akademik,19121017,MANAJEMEN,Sarjana,43,115,2.6744186046511627,77,77,Tidak Ada
912,UNIVERSITAS MUSAMUS MERAUKE,Akademik,19121018,AKUNTANSI,Sarjana,24,67,2.7916666666666665,82,82,Tidak Ada
912,UNIVERSITAS MUSAMUS MERAUKE,Akademik,19121019,ILMU ADMINISTRASI NEGARA,Sarjana,40,95,2.375,79,79,Tidak Ada
912,UNIVERSITAS MUSAMUS MERAUKE,Akademik,19121020,"PENDIDIKAN JASMANI, KESEHATAN DAN REKREASI",Sarjana,28,5,0.17857142857142858,80,80,Olahraga
912,UNIVERSITAS MUSAMUS MERAUKE,Akademik,19121021,PENDIDIKAN BAHASA DAN SASTRA INDONESIA,Sarjana,20,17,0.85,81,81,Tidak Ada
912,UNIVERSITAS MUSAMUS MERAUKE,Akademik,19121022,PENDIDIKAN BAHASA INGGRIS,Sarjana,8,8,1.0,75,75,Tidak Ada
912,UNIVERSITAS MUSAMUS MERAUKE,Akademik,19121023,PENDIDIKAN GURU SEKOLAH DASAR,Sarjana,35,37,1.0571428571428572,78,78,Tidak Ada
912,UNIVERSITAS MUSAMUS MERAUKE,Akademik,19121024,PENDIDIKAN GURU PENDIDIKAN ANAK USIA DINI,Sarjana,10,6,0.6,76,76,Tidak Ada
912,UNIVERSITAS MUSAMUS MERAUKE,Akademik,19121025,ILMU HUKUM,Sarjana,43,84,1.9534883720930232,77,77,Tidak Ada
912,UNIVERSITAS MUSAMUS MERAUKE,Akademik,19121026,SASTRA INGGRIS,Sarjana,6,11,1.8333333333333333,80,80,Tidak Ada
912,UNIVERSITAS MUSAMUS MERAUKE,Akademik,19121027,PENDIDIKAN EKONOMI,Sarjana,16,10,0.625,78,78,Tidak Ada
912,UNIVERSITAS MUSAMUS MERAUKE,Akademik,19121028,PERENCANAAN WILAYAH DAN KOTA,Sarjana,10,9,0.9,77,77,Tidak Ada
912,UNIVERSITAS MUSAMUS MERAUKE,Akademik,19121029,TEKNIK SISTEM PERKAPALAN,Sarjana,6,2,0.3333333333333333,80,80,Tidak Ada
912,UNIVERSITAS MUSAMUS MERAUKE,Akademik,19121030,ILMU POLITIK,Sarjana,8,0,0.0,79,79,Tidak Ada
912,UNIVERSITAS MUSAMUS MERAUKE,Akademik,19121031,PEMBANGUNAN SOSIAL,Sarjana,6,0,0.0,79,79,Tidak Ada
913,ISBI TANAH PAPUA,Akademik,19131001,DESAIN KOMUNIKASI VISUAL,Sarjana,8,3,0.375,81,81,"Seni Rupa, Desain, dan Kriya"
913,ISBI TANAH PAPUA,Akademik,19131002,SENI RUPA MURNI,Sarjana,8,0,0.0,81,81,"Seni Rupa, Desain, dan Kriya"
913,ISBI TANAH PAPUA,Akademik,19131003,SENI KRIYA,Sarjana,8,0,0.0,76,76,"Seni Rupa, Desain, dan Kriya"
913,ISBI TANAH PAPUA,Akademik,19131004,SENI MUSIK,Sarjana,8,0,0.0,79,79,Musik
913,ISBI TANAH PAPUA,Akademik,19131005,SENI TARI,Sarjana,8,1,0.125,76,76,Tari
921,UNIVERSITAS PAPUA,Akademik,19211001,TEKNOLOGI HASIL PERTANIAN,Sarjana,18,5,0.2777777777777778,82,82,Tidak Ada
921,UNIVERSITAS PAPUA,Akademik,19211002,MANAJEMEN SUMBERDAYA PERAIRAN,Sarjana,18,4,0.2222222222222222,80,80,Tidak Ada
921,UNIVERSITAS PAPUA,Akademik,19211003,ILMU KELAUTAN,Sarjana,18,13,0.7222222222222222,79,79,Tidak Ada
921,UNIVERSITAS PAPUA,Akademik,19211004,MATEMATIKA,Sarjana,18,6,0.3333333333333333,75,75,Tidak Ada
921,UNIVERSITAS PAPUA,Akademik,19211005,FISIKA,Sarjana,18,2,0.1111111111111111,79,79,Tidak Ada
921,UNIVERSITAS PAPUA,Akademik,19211006,BIOLOGI,Sarjana,24,12,0.5,82,82,Tidak Ada
921,UNIVERSITAS PAPUA,Akademik,19211007,KIMIA,Sarjana,18,6,0.3333333333333333,77,77,Tidak Ada
921,UNIVERSITAS PAPUA,Akademik,19211008,AGRIBISNIS,Sarjana,18,18,1.0,75,75,Tidak Ada
921,UNIVERSITAS PAPUA,Akademik,19211009,AGROTEKNOLOGI,Sarjana,18,6,0.3333333333333333,78,78,Tidak Ada
921,UNIVERSITAS PAPUA,Akademik,19211010,PETERNAKAN,Sarjana,18,6,0.3333333333333333,77,77,Tidak Ada
921,UNIVERSITAS PAPUA,Akademik,19211011,KEHUTANAN,Sarjana,41,31,0.7560975609756098,79,79,Tidak Ada
921,UNIVERSITAS PAPUA,Akademik,19211012,TEKNIK INFORMATIKA,Sarjana,24,132,5.5,85,85,Tidak Ada
921,UNIVERSITAS PAPUA,Akademik,19211013,TEKNIK PERTAMBANGAN,Sarjana,20,75,3.75,79,79,Tidak Ada
921,UNIVERSITAS PAPUA,Akademik,19211014,TEKNIK ELEKTRO,Sarjana,18,9,0.5,79,79,Tidak Ada
921,UNIVERSITAS PAPUA,Akademik,19211015,PENDIDIKAN BIOLOGI,Sarjana,30,12,0.4,81,81,Tidak Ada
921,UNIVERSITAS PAPUA,Akademik,19211016,PENDIDIKAN MATEMATIKA,Sarjana,30,9,0.3,75,75,Tidak Ada
921,UNIVERSITAS PAPUA,Akademik,19211017,PENDIDIKAN KIMIA,Sarjana,30,5,0.16666666666666666,77,77,Tidak Ada
921,UNIVERSITAS PAPUA,Akademik,19211018,TEKNIK GEOLOGI,Sarjana,18,17,0.9444444444444444,80,80,Tidak Ada
921,UNIVERSITAS PAPUA,Akademik,19211019,PENDIDIKAN FISIKA,Sarjana,18,0,0.0,75,75,Tidak Ada
921,UNIVERSITAS PAPUA,Akademik,19211020,ILMU TANAH,Sarjana,18,3,0.16666666666666666,79,79,Tidak Ada
921,UNIVERSITAS PAPUA,Akademik,19211021,NUTRISI DAN TEKNOLOGI PAKAN TERNAK,Sarjana,18,0,0.0,76,76,Tidak Ada
921,UNIVERSITAS PAPUA,Akademik,19211022,TEKNIK PERTANIAN DAN BIOSISTEM,Sarjana,18,3,0.16666666666666666,79,79,Tidak Ada
921,UNIVERSITAS PAPUA,Akademik,19211023,TEKNIK SIPIL,Sarjana,18,66,3.6666666666666665,80,80,Tidak Ada
921,UNIVERSITAS PAPUA,Akademik,19211024,EKONOMI PEMBANGUNAN,Sarjana,27,22,0.8148148148148148,75,75,Tidak Ada
921,UNIVERSITAS PAPUA,Akademik,19211025,SASTRA INGGRIS,Sarjana,12,15,1.25,75,75,Tidak Ada
921,UNIVERSITAS PAPUA,Akademik,19211026,ANTROPOLOGI,Sarjana,12,7,0.5833333333333334,78,78,Tidak Ada
921,UNIVERSITAS PAPUA,Akademik,19211027,MANAJEMEN,Sarjana,27,94,3.4814814814814814,80,80,Tidak Ada
921,UNIVERSITAS PAPUA,Akademik,19211028,AKUNTANSI,Sarjana,27,84,3.111111111111111,81,81,Tidak Ada
921,UNIVERSITAS PAPUA,Akademik,19211029,SASTRA INDONESIA,Sarjana,12,11,0.9166666666666666,81,81,Tidak Ada
921,UNIVERSITAS PAPUA,Akademik,19211030,PENDIDIKAN BAHASA INGGRIS,Sarjana,30,11,0.36666666666666664,79,79,Tidak Ada
921,UNIVERSITAS PAPUA,Akademik,19211046,TEKNIK PERMINYAKAN,Sarjana,24,29,1.2083333333333333,75,75,Tidak Ada
921,UNIVERSITAS PAPUA,Akademik,19211047,PENDIDKAN GURU SEKOLAH DASAR,Sarjana,30,61,2.033333333333333,75,75,Tidak Ada
921,UNIVERSITAS PAPUA,Akademik,19211048,KONSERVASI HUTAN,Sarjana,18,3,0.16666666666666666,82,82,Tidak Ada
921,UNIVERSITAS PAPUA,Akademik,19211049,TEKNOLOGI HASIL HUTAN,Sarjana,18,1,0.05555555555555555,78,78,Tidak Ada
921,UNIVERSITAS PAPUA,Akademik,19211050,ILMU LINGKUNGAN,Sarjana,18,7,0.3888888888888889,76,76,Tidak Ada
921,UNIVERSITAS PAPUA,Akademik,19211051,AKUAKULTUR,Sarjana,12,0,0.0,78,78,Tidak Ada
921,UNIVERSITAS PAPUA,Akademik,19211052,PENDIDIKAN BAHASA INDONESIA,Sarjana,30,0,0.0,75,75,Tidak Ada
921,UNIVERSITAS PAPUA,Akademik,19211053,KEWIRAUSAHAAN (KAMPUS KABUPATEN KAIMANA),Sarjana,18,0,0.0,79,79,Tidak Ada
921,UNIVERSITAS PAPUA,Akademik,19213033,KESEHATAN HEWAN,Diploma Tiga,12,5,0.4166666666666667,75,75,Tidak Ada
921,UNIVERSITAS PAPUA,Akademik,19213034,TEKNIK KOMPUTER,Diploma Tiga,18,12,0.6666666666666666,76,76,Tidak Ada
921,UNIVERSITAS PAPUA,Akademik,19213035,EKOWISATA,Diploma Tiga,12,0,0.0,77,77,Tidak Ada
921,UNIVERSITAS PAPUA,Akademik,19213037,TEKNIK LISTRIK,Diploma Tiga,12,0,0.0,78,78,Tidak Ada
921,UNIVERSITAS PAPUA,Akademik,19213039,BUDIDAYA TANAMAN PANGAN,Diploma Tiga,15,1,0.06666666666666667,77,77,Tidak Ada
921,UNIVERSITAS PAPUA,Akademik,19213041,KONSERVASI SUMBERDAYA HUTAN,Diploma Tiga,8,0,0.0,77,77,Tidak Ada
921,UNIVERSITAS PAPUA,Akademik,19213043,BUDIDAYA PERIKANAN,Diploma Tiga,12,0,0.0,77,77,Tidak Ada
921,UNIVERSITAS PAPUA,Akademik,19213044,BUDIDAYA TANAMAN PERKEBUNAN,Diploma Tiga,15,0,0.0,78,78,Tidak Ada
921,UNIVERSITAS PAPUA,Akademik,19213045,BUDIDAYA TERNAK,Diploma Tiga,12,1,0.08333333333333333,77,77,Tidak Ada
221,POLITEKNIK NEGERI LHOKSEUMAWE,Vokasi,22212001,TEKNOLOGI REKAYASA KONSTRUKSI JALAN DAN JEMBATAN,Sarjana Terapan,56,53,0.9464285714285714,76,76,Tidak Ada
221,POLITEKNIK NEGERI LHOKSEUMAWE,Vokasi,22212002,TEKNOLOGI REKAYASA KIMIA INDUSTRI,Sarjana Terapan,60,89,1.4833333333333334,77,77,Tidak Ada
221,POLITEKNIK NEGERI LHOKSEUMAWE,Vokasi,22212003,TEKNOLOGI REKAYASA MANUFAKTUR,Sarjana Terapan,30,32,1.0666666666666667,76,76,Tidak Ada
221,POLITEKNIK NEGERI LHOKSEUMAWE,Vokasi,22212004,TEKNOLOGI REKAYASA JARINGAN TELEKOMUNIKASI,Sarjana Terapan,28,29,1.0357142857142858,79,79,Tidak Ada
221,POLITEKNIK NEGERI LHOKSEUMAWE,Vokasi,22212005,TEKNOLOGI REKAYASA PEMBANGKIT ENERGI,Sarjana Terapan,24,50,2.0833333333333335,81,81,Tidak Ada
221,POLITEKNIK NEGERI LHOKSEUMAWE,Vokasi,22212006,TEKNOLOGI REKAYASA INSTRUMENTASI DAN KONTROL,Sarjana Terapan,28,51,1.8214285714285714,80,80,Tidak Ada
221,POLITEKNIK NEGERI LHOKSEUMAWE,Vokasi,22212007,TEKNIK INFORMATIKA,Sarjana Terapan,75,281,3.7466666666666666,76,76,Tidak Ada
221,POLITEKNIK NEGERI LHOKSEUMAWE,Vokasi,22212008,TEKNOLOGI REKAYASA KOMPUTER JARINGAN,Sarjana Terapan,60,83,1.3833333333333333,75,75,Tidak Ada
221,POLITEKNIK NEGERI LHOKSEUMAWE,Vokasi,22212009,TEKNOLOGI REKAYASA MULTIMEDIA,Sarjana Terapan,45,70,1.5555555555555556,80,80,Tidak Ada
221,POLITEKNIK NEGERI LHOKSEUMAWE,Vokasi,22212010,TEKNOLOGI REKAYASA PENGELASAN DAN FABRIKASI,Sarjana Terapan,30,49,1.6333333333333333,78,78,Tidak Ada
221,POLITEKNIK NEGERI LHOKSEUMAWE,Vokasi,22212011,TEKNOLOGI REKAYASA KONSTRUKSI BANGUNAN GEDUNG,Sarjana Terapan,42,36,0.8571428571428571,82,82,Tidak Ada
221,POLITEKNIK NEGERI LHOKSEUMAWE,Vokasi,22212012,AKUNTANSI LEMBAGA KEUANGAN SYARIAH,Sarjana Terapan,45,105,2.3333333333333335,80,80,Tidak Ada
221,POLITEKNIK NEGERI LHOKSEUMAWE,Vokasi,22212013,AKUNTANSI SEKTOR PUBLIK,Sarjana Terapan,45,82,1.8222222222222222,77,77,Tidak Ada
221,POLITEKNIK NEGERI LHOKSEUMAWE,Vokasi,22212014,MANAJEMEN KEUANGAN SEKTOR PUBLIK,Sarjana Terapan,45,133,2.9555555555555557,78,78,Tidak Ada
221,POLITEKNIK NEGERI LHOKSEUMAWE,Vokasi,22212028,TEKNOLOGI REKAYASA MEKATRONIKA,Sarjana Terapan,28,23,0.8214285714285714,77,77,Tidak Ada
221,POLITEKNIK NEGERI LHOKSEUMAWE,Vokasi,22213015,TEKNOLOGI INDUSTRI,Diploma Tiga,45,35,0.7777777777777778,76,76,Tidak Ada
221,POLITEKNIK NEGERI LHOKSEUMAWE,Vokasi,22213016,TEKNOLOGI KONSTRUKSI BANGUNAN AIR,Diploma Tiga,14,1,0.07142857142857142,82,82,Tidak Ada
221,POLITEKNIK NEGERI LHOKSEUMAWE,Vokasi,22213017,AKUNTANSI,Diploma Tiga,33,47,1.4242424242424243,76,76,Tidak Ada
221,POLITEKNIK NEGERI LHOKSEUMAWE,Vokasi,22213018,TEKNOLOGI ELEKTRONIKA,Diploma Tiga,28,32,1.1428571428571428,77,77,Tidak Ada
221,POLITEKNIK NEGERI LHOKSEUMAWE,Vokasi,22213019,TEKNOLOGI KONSTRUKSI JALAN DAN JEMBATAN,Diploma Tiga,14,7,0.5,76,76,Tidak Ada
221,POLITEKNIK NEGERI LHOKSEUMAWE,Vokasi,22213020,TEKNOLOGI PENGOLAHAN MINYAK DAN GAS,Diploma Tiga,15,152,10.133333333333333,90,90,Tidak Ada
221,POLITEKNIK NEGERI LHOKSEUMAWE,Vokasi,22213023,TEKNOLOGI MESIN,Diploma Tiga,45,117,2.6,80,80,Tidak Ada
221,POLITEKNIK NEGERI LHOKSEUMAWE,Vokasi,22213024,TEKNOLOGI TELEKOMUNIKASI,Diploma Tiga,28,8,0.2857142857142857,77,77,Tidak Ada
221,POLITEKNIK NEGERI LHOKSEUMAWE,Vokasi,22213025,ADMINISTRASI BISNIS,Diploma Tiga,33,74,2.242424242424242,77,77,Tidak Ada
221,POLITEKNIK NEGERI LHOKSEUMAWE,Vokasi,22213026,TEKNOLOGI LISTRIK,Diploma Tiga,24,35,1.4583333333333333,79,79,Tidak Ada
221,POLITEKNIK NEGERI LHOKSEUMAWE,Vokasi,22213027,TEKNOLOGI KIMIA,Diploma Tiga,45,21,0.4666666666666667,75,75,Tidak Ada
222,POLITEKNIK NEGERI MEDAN,Vokasi,22222001,TEKNIK PERANCANGAN JALAN DAN JEMBATAN,Sarjana Terapan,40,173,4.325,78,78,Tidak Ada
222,POLITEKNIK NEGERI MEDAN,Vokasi,22222002,MANAJEMEN REKAYASA KONSTRUKSI GEDUNG,Sarjana Terapan,42,112,2.6666666666666665,77,77,Tidak Ada
222,POLITEKNIK NEGERI MEDAN,Vokasi,22222003,TEKNIK REKAYASA PERANGKAT LUNAK,Sarjana Terapan,49,281,5.73469387755102,81,81,Tidak Ada
222,POLITEKNIK NEGERI MEDAN,Vokasi,22222004,TEKNIK REKAYASA MULTIMEDIA GRAFIS,Sarjana Terapan,52,241,4.634615384615385,76,76,Tidak Ada
222,POLITEKNIK NEGERI MEDAN,Vokasi,22222005,TEKNOLOGI REKAYASA JARINGAN TELEKOMUNIKASI,Sarjana Terapan,45,211,4.688888888888889,79,79,Tidak Ada
222,POLITEKNIK NEGERI MEDAN,Vokasi,22222006,TEKNOLOGI REKAYASA PENGELASAN DAN FABRIKASI,Sarjana Terapan,23,85,3.6956521739130435,75,75,Tidak Ada
222,POLITEKNIK NEGERI MEDAN,Vokasi,22222007,KEUANGAN DAN PERBANKAN SYARIAH,Sarjana Terapan,34,158,4.647058823529412,76,76,Tidak Ada
222,POLITEKNIK NEGERI MEDAN,Vokasi,22222008,AKUNTANSI KEUANGAN PUBLIK,Sarjana Terapan,49,433,8.83673469387755,84,84,Tidak Ada
222,POLITEKNIK NEGERI MEDAN,Vokasi,22222009,"MEETING, INCENTIVE, CONVENTION, EXHIBITION",Sarjana Terapan,40,128,3.2,81,81,Tidak Ada
222,POLITEKNIK NEGERI MEDAN,Vokasi,22222010,MANAJEMEN BISNIS,Sarjana Terapan,55,621,11.290909090909091,89,89,Tidak Ada
222,POLITEKNIK NEGERI MEDAN,Vokasi,22222022,TEKNOLOGI REKAYASA INSTALASI LISTRIK,Sarjana Terapan,21,83,3.9523809523809526,79,79,Tidak Ada
222,POLITEKNIK NEGERI MEDAN,Vokasi,22222023,TEKNOLOGI REKAYASA ENERGI TERBARUKAN,Sarjana Terapan,23,70,3.0434782608695654,76,76,Tidak Ada
222,POLITEKNIK NEGERI MEDAN,Vokasi,22222024,TEKNOLOGI REKAYASA OTOMASI,Sarjana Terapan,16,51,3.1875,80,80,Tidak Ada
222,POLITEKNIK NEGERI MEDAN,Vokasi,22222025,TEKNOLOGI REKAYASA MANUFAKTUR,Sarjana Terapan,23,33,1.434782608695652,75,75,Tidak Ada
222,POLITEKNIK NEGERI MEDAN,Vokasi,22222026,TEKNOLOGI REKAYASA KIMIA INDUSTRI,Sarjana Terapan,21,90,4.285714285714286,77,77,Tidak Ada
222,POLITEKNIK NEGERI MEDAN,Vokasi,22223011,KEUANGAN DAN PERBANKAN,Diploma Tiga,90,355,3.9444444444444446,82,82,Tidak Ada
222,POLITEKNIK NEGERI MEDAN,Vokasi,22223012,TEKNIK KOMPUTER,Diploma Tiga,59,354,6.0,83,83,Tidak Ada
222,POLITEKNIK NEGERI MEDAN,Vokasi,22223013,TEKNIK LISTRIK,Diploma Tiga,42,233,5.5476190476190474,86,86,Tidak Ada
222,POLITEKNIK NEGERI MEDAN,Vokasi,22223014,TEKNIK KONVERSI ENERGI,Diploma Tiga,45,67,1.488888888888889,77,77,Tidak Ada
222,POLITEKNIK NEGERI MEDAN,Vokasi,22223015,MANAJEMEN INFORMATIKA,Diploma Tiga,68,265,3.8970588235294117,81,81,Tidak Ada
222,POLITEKNIK NEGERI MEDAN,Vokasi,22223016,ADMINISTRASI BISNIS,Diploma Tiga,94,530,5.638297872340425,87,87,Tidak Ada
222,POLITEKNIK NEGERI MEDAN,Vokasi,22223017,TEKNIK MESIN,Diploma Tiga,79,539,6.822784810126582,80,80,Tidak Ada
222,POLITEKNIK NEGERI MEDAN,Vokasi,22223018,TEKNIK SIPIL,Diploma Tiga,59,358,6.067796610169491,86,86,Tidak Ada
222,POLITEKNIK NEGERI MEDAN,Vokasi,22223019,TEKNIK TELEKOMUNIKASI,Diploma Tiga,45,123,2.7333333333333334,75,75,Tidak Ada
222,POLITEKNIK NEGERI MEDAN,Vokasi,22223020,AKUNTANSI,Diploma Tiga,83,308,3.710843373493976,81,81,Tidak Ada
222,POLITEKNIK NEGERI MEDAN,Vokasi,22223021,ELEKTRONIKA,Diploma Tiga,42,143,3.4047619047619047,76,76,Tidak Ada
222,POLITEKNIK NEGERI MEDAN,Vokasi,22223027,BAHASA INGGRIS,Diploma Tiga,23,0,0.0,77,77,Tidak Ada
231,POLITEKNIK NEGERI BATAM,Vokasi,22312001,TEKNIK MEKATRONIKA,Sarjana Terapan,23,299,13.0,86,86,Tidak Ada
231,POLITEKNIK NEGERI BATAM,Vokasi,22312002,TEKNOLOGI REKAYASA ROBOTIKA,Sarjana Terapan,23,89,3.869565217391304,79,79,Tidak Ada
231,POLITEKNIK NEGERI BATAM,Vokasi,22312003,TEKNOLOGI REKAYASA PEMBANGKIT ENERGI,Sarjana Terapan,15,132,8.8,81,81,Tidak Ada
231,POLITEKNIK NEGERI BATAM,Vokasi,22312004,TEKNOLOGI REKAYASA MULTIMEDIA,Sarjana Terapan,30,243,8.1,82,82,Tidak Ada
231,POLITEKNIK NEGERI BATAM,Vokasi,22312005,ANIMASI,Sarjana Terapan,15,101,6.733333333333333,80,80,Tidak Ada
231,POLITEKNIK NEGERI BATAM,Vokasi,22312006,REKAYASA KEAMANAN SIBER,Sarjana Terapan,15,183,12.2,90,90,Tidak Ada
231,POLITEKNIK NEGERI BATAM,Vokasi,22312007,ADMINISTRASI BISNIS TERAPAN,Sarjana Terapan,30,896,29.866666666666667,93,93,Tidak Ada
231,POLITEKNIK NEGERI BATAM,Vokasi,22312008,AKUNTANSI MANAJERIAL,Sarjana Terapan,30,513,17.1,87,87,Tidak Ada
231,POLITEKNIK NEGERI BATAM,Vokasi,22312009,LOGISTIK PERDAGANGAN INTERNASIONAL,Sarjana Terapan,30,633,21.1,92,92,Tidak Ada
231,POLITEKNIK NEGERI BATAM,Vokasi,22312010,TEKNOLOGI REKAYASA ELEKTRONIKA,Sarjana Terapan,15,205,13.666666666666666,87,87,Tidak Ada
231,POLITEKNIK NEGERI BATAM,Vokasi,22312013,TEKNOLOGI REKAYASA KONSTRUKSI PERKAPALAN,Sarjana Terapan,23,279,12.130434782608695,87,87,Tidak Ada
231,POLITEKNIK NEGERI BATAM,Vokasi,22312019,TEKNOLOGI REKAYASA PENGELASAN DAN FABRIKASI,Sarjana Terapan,15,167,11.133333333333333,88,88,Tidak Ada
231,POLITEKNIK NEGERI BATAM,Vokasi,22312020,TEKNOLOGI REKAYASA PERANGKAT LUNAK,Sarjana Terapan,23,216,9.391304347826088,83,83,Tidak Ada
231,POLITEKNIK NEGERI BATAM,Vokasi,22312022,TEKNOLOGI REKAYASA METALURGI,Sarjana Terapan,15,135,9.0,85,85,Tidak Ada
231,POLITEKNIK NEGERI BATAM,Vokasi,22312023,TEKNOLOGI PERMAINAN,Sarjana Terapan,15,32,2.1333333333333333,78,78,Tidak Ada
231,POLITEKNIK NEGERI BATAM,Vokasi,22313011,TEKNIK INFORMATIKA,Diploma Tiga,30,275,9.166666666666666,85,85,Tidak Ada
231,POLITEKNIK NEGERI BATAM,Vokasi,22313012,TEKNIK ELEKTRONIKA MANUFAKTUR,Diploma Tiga,15,86,5.733333333333333,85,85,Tidak Ada
231,POLITEKNIK NEGERI BATAM,Vokasi,22313014,AKUNTANSI,Diploma Tiga,23,173,7.521739130434782,81,81,Tidak Ada
231,POLITEKNIK NEGERI BATAM,Vokasi,22313015,TEKNIK INSTRUMENTASI,Diploma Tiga,15,48,3.2,81,81,Tidak Ada
231,POLITEKNIK NEGERI BATAM,Vokasi,22313017,TEKNOLOGI GEOMATIKA,Diploma Tiga,23,57,2.4782608695652173,80,80,Tidak Ada
231,POLITEKNIK NEGERI BATAM,Vokasi,22313018,TEKNIK MESIN,Diploma Tiga,23,246,10.695652173913043,85,85,Tidak Ada
231,POLITEKNIK NEGERI BATAM,Vokasi,22313021,TEKNIK PERAWATAN PESAWAT UDARA,Diploma Tiga,24,81,3.375,82,82,Tidak Ada
232,POLITEKNIK NEGERI BENGKALIS,Vokasi,22322001,TEKNIK LISTRIK,Sarjana Terapan,64,109,1.703125,78,78,Tidak Ada
232,POLITEKNIK NEGERI BENGKALIS,Vokasi,22322002,TEKNIK MESIN PRODUKSI DAN PERAWATAN,Sarjana Terapan,48,75,1.5625,77,77,Tidak Ada
232,POLITEKNIK NEGERI BENGKALIS,Vokasi,22322003,TEKNIK PERANCANGAN JALAN DAN JEMBATAN,Sarjana Terapan,48,91,1.8958333333333333,78,78,Tidak Ada
232,POLITEKNIK NEGERI BENGKALIS,Vokasi,22322004,REKAYASA PERANGKAT LUNAK,Sarjana Terapan,42,127,3.0238095238095237,77,77,Tidak Ada
232,POLITEKNIK NEGERI BENGKALIS,Vokasi,22322005,TEKNOLOGI REKAYASA ARSITEKTUR PERKAPALAN,Sarjana Terapan,32,66,2.0625,77,77,Tidak Ada
232,POLITEKNIK NEGERI BENGKALIS,Vokasi,22322006,KEAMANAN SISTEM INFORMASI,Sarjana Terapan,36,84,2.3333333333333335,82,82,Tidak Ada
232,POLITEKNIK NEGERI BENGKALIS,Vokasi,22322007,ADMINISTRASI BISNIS INTERNASIONAL,Sarjana Terapan,48,155,3.2291666666666665,77,77,Tidak Ada
232,POLITEKNIK NEGERI BENGKALIS,Vokasi,22322008,AKUNTANSI KEUANGAN PUBLIK,Sarjana Terapan,48,132,2.75,82,82,Tidak Ada
232,POLITEKNIK NEGERI BENGKALIS,Vokasi,22322009,BAHASA INGGRIS UNTUK KOMUNIKASI BISNIS DAN PROFESIONAL,Sarjana Terapan,32,40,1.25,80,80,Tidak Ada
232,POLITEKNIK NEGERI BENGKALIS,Vokasi,22322010,BISNIS DIGITAL,Sarjana Terapan,48,124,2.5833333333333335,82,82,Tidak Ada
232,POLITEKNIK NEGERI BENGKALIS,Vokasi,22322021,BAHASA INGGRIS UNTUK INDUSTRI PARIWISATA,Sarjana Terapan,32,0,0.0,77,77,Tidak Ada
232,POLITEKNIK NEGERI BENGKALIS,Vokasi,22323012,TEKNIK MESIN,Diploma Tiga,36,37,1.0277777777777777,77,77,Tidak Ada
232,POLITEKNIK NEGERI BENGKALIS,Vokasi,22323013,TEKNIK PERKAPALAN,Diploma Tiga,32,34,1.0625,77,77,Tidak Ada
232,POLITEKNIK NEGERI BENGKALIS,Vokasi,22323014,NAUTIKA,Diploma Tiga,20,25,1.25,75,75,Tidak Ada
232,POLITEKNIK NEGERI BENGKALIS,Vokasi,22323015,KETATALAKSANAAN PELAYARAN NIAGA,Diploma Tiga,32,43,1.34375,77,77,Tidak Ada
232,POLITEKNIK NEGERI BENGKALIS,Vokasi,22323016,TEKNIK INFORMATIKA,Diploma Tiga,42,58,1.380952380952381,78,78,Tidak Ada
232,POLITEKNIK NEGERI BENGKALIS,Vokasi,22323019,TEKNIK ELEKTRONIKA,Diploma Tiga,32,19,0.59375,76,76,Tidak Ada
232,POLITEKNIK NEGERI BENGKALIS,Vokasi,22323020,TEKNIK SIPIL,Diploma Tiga,32,39,1.21875,80,80,Tidak Ada
241,POLITEKNIK NEGERI PADANG,Vokasi,22412001,TEKNIK ELEKTRONIKA INDUSTRI,Sarjana Terapan,26,180,6.923076923076923,82,82,Tidak Ada
241,POLITEKNIK NEGERI PADANG,Vokasi,22412002,TEKNIK TELEKOMUNIKASI,Sarjana Terapan,26,120,4.615384615384615,81,81,Tidak Ada
241,POLITEKNIK NEGERI PADANG,Vokasi,22412003,TEKNIK MANUFAKTUR,Sarjana Terapan,17,92,5.411764705882353,83,83,Tidak Ada
241,POLITEKNIK NEGERI PADANG,Vokasi,22412004,TEKNIK PERENCANAAN IRIGASI DAN RAWA,Sarjana Terapan,17,46,2.7058823529411766,82,82,Tidak Ada
241,POLITEKNIK NEGERI PADANG,Vokasi,22412005,PERANCANGAN JALAN DAN JEMBATAN,Sarjana Terapan,17,85,5.0,87,87,Tidak Ada
241,POLITEKNIK NEGERI PADANG,Vokasi,22412006,MANAJEMEN REKAYASA KONSTRUKSI,Sarjana Terapan,17,92,5.411764705882353,84,84,Tidak Ada
241,POLITEKNIK NEGERI PADANG,Vokasi,22412007,TEKNOLOGI REKAYASA PERANGKAT LUNAK,Sarjana Terapan,34,159,4.676470588235294,77,77,Tidak Ada
241,POLITEKNIK NEGERI PADANG,Vokasi,22412008,TEKNOLOGI REKAYASA INSTALASI LISTRIK,Sarjana Terapan,26,101,3.8846153846153846,81,81,Tidak Ada
241,POLITEKNIK NEGERI PADANG,Vokasi,22412009,REKAYASA PERANCANGAN MEKANIK,Sarjana Terapan,17,40,2.3529411764705883,76,76,Tidak Ada
241,POLITEKNIK NEGERI PADANG,Vokasi,22412010,AKUNTANSI,Sarjana Terapan,36,341,9.472222222222221,80,80,Tidak Ada
241,POLITEKNIK NEGERI PADANG,Vokasi,22412011,BAHASA INGGRIS UNTUK KOMUNIKASI BISNIS DAN PROFESIONAL,Sarjana Terapan,27,66,2.4444444444444446,78,78,Tidak Ada
241,POLITEKNIK NEGERI PADANG,Vokasi,22412012,DESTINASI PARIWISATA,Sarjana Terapan,18,90,5.0,80,80,Tidak Ada
241,POLITEKNIK NEGERI PADANG,Vokasi,22412013,USAHA PERJALANAN WISATA,Sarjana Terapan,27,87,3.2222222222222223,78,78,Tidak Ada
241,POLITEKNIK NEGERI PADANG,Vokasi,22412032,BISNIS DIGITAL,Sarjana Terapan,18,156,8.666666666666666,85,85,Tidak Ada
241,POLITEKNIK NEGERI PADANG,Vokasi,22412033,ANIMASI,Sarjana Terapan,17,42,2.4705882352941178,76,76,Tidak Ada
241,POLITEKNIK NEGERI PADANG,Vokasi,22412034,LOGISTIK PERDAGANGAN INTERNASIONAL,Sarjana Terapan,18,98,5.444444444444445,84,84,Tidak Ada
241,POLITEKNIK NEGERI PADANG,Vokasi,22413014,SISTEM INFORMASI (KAMPUS KAB. TANAH DATAR),Diploma Tiga,17,16,0.9411764705882353,81,81,Tidak Ada
241,POLITEKNIK NEGERI PADANG,Vokasi,22413016,TEKNIK KOMPUTER (KAMPUS KAB SOLOK SELATAN),Diploma Tiga,9,5,0.5555555555555556,78,78,Tidak Ada
241,POLITEKNIK NEGERI PADANG,Vokasi,22413017,AKUNTANSI (KAMPUS KAB SOLOK SELATAN),Diploma Tiga,9,3,0.3333333333333333,78,78,Tidak Ada
241,POLITEKNIK NEGERI PADANG,Vokasi,22413018,TEKNIK ALAT BERAT,Diploma Tiga,24,293,12.208333333333334,87,87,Tidak Ada
241,POLITEKNIK NEGERI PADANG,Vokasi,22413019,MANAJEMEN INFORMATIKA (KAMPUS KAB PELALAWAN),Diploma Tiga,9,6,0.6666666666666666,75,75,Tidak Ada
241,POLITEKNIK NEGERI PADANG,Vokasi,22413020,ADMINISTRASI BISNIS,Diploma Tiga,54,305,5.648148148148148,86,86,Tidak Ada
241,POLITEKNIK NEGERI PADANG,Vokasi,22413021,TEKNIK LISTRIK (KAMPUS KAB PELALAWAN),Diploma Tiga,9,2,0.2222222222222222,82,82,Tidak Ada
241,POLITEKNIK NEGERI PADANG,Vokasi,22413022,TEKNOLOGI SIPIL (KAMPUS KAB. TANAH DATAR),Diploma Tiga,9,5,0.5555555555555556,82,82,Tidak Ada
241,POLITEKNIK NEGERI PADANG,Vokasi,22413023,BAHASA INGGRIS,Diploma Tiga,27,28,1.037037037037037,78,78,Tidak Ada
241,POLITEKNIK NEGERI PADANG,Vokasi,22413024,TEKNIK LISTRIK,Diploma Tiga,34,137,4.029411764705882,81,81,Tidak Ada
241,POLITEKNIK NEGERI PADANG,Vokasi,22413025,TEKNIK TELEKOMUNIKASI,Diploma Tiga,34,66,1.9411764705882353,75,75,Tidak Ada
241,POLITEKNIK NEGERI PADANG,Vokasi,22413026,TEKNIK MESIN,Diploma Tiga,51,312,6.117647058823529,86,86,Tidak Ada
241,POLITEKNIK NEGERI PADANG,Vokasi,22413027,AKUNTANSI,Diploma Tiga,36,131,3.638888888888889,76,76,Tidak Ada
241,POLITEKNIK NEGERI PADANG,Vokasi,22413028,MANAJEMEN INFORMATIKA,Diploma Tiga,26,149,5.730769230769231,84,84,Tidak Ada
241,POLITEKNIK NEGERI PADANG,Vokasi,22413029,TEKNIK KOMPUTER,Diploma Tiga,17,118,6.9411764705882355,84,84,Tidak Ada
241,POLITEKNIK NEGERI PADANG,Vokasi,22413030,TEKNIK SIPIL,Diploma Tiga,34,219,6.4411764705882355,83,83,Tidak Ada
241,POLITEKNIK NEGERI PADANG,Vokasi,22413031,TEKNIK ELEKTRONIKA,Diploma Tiga,34,111,3.264705882352941,75,75,Tidak Ada
242,POLITEKNIK PERTANIAN NEGERI PAYAKUMBUH,Vokasi,22422001,PENGELOLAAN AGRIBISNIS,Sarjana Terapan,31,79,2.5483870967741935,81,81,Tidak Ada
242,POLITEKNIK PERTANIAN NEGERI PAYAKUMBUH,Vokasi,22422002,PENGELOLAAN PERKEBUNAN,Sarjana Terapan,21,67,3.1904761904761907,82,82,Tidak Ada
242,POLITEKNIK PERTANIAN NEGERI PAYAKUMBUH,Vokasi,22422003,TEKNOLOGI BENIH,Sarjana Terapan,21,14,0.6666666666666666,82,82,Tidak Ada
242,POLITEKNIK PERTANIAN NEGERI PAYAKUMBUH,Vokasi,22422004,TEKNOLOGI REKAYASA PANGAN,Sarjana Terapan,21,25,1.1904761904761905,75,75,Tidak Ada
242,POLITEKNIK PERTANIAN NEGERI PAYAKUMBUH,Vokasi,22422005,TEKNOLOGI REKAYASA KOMPUTER,Sarjana Terapan,21,45,2.142857142857143,80,80,Tidak Ada
242,POLITEKNIK PERTANIAN NEGERI PAYAKUMBUH,Vokasi,22422006,TEKNOLOGI PRODUKSI TERNAK,Sarjana Terapan,31,45,1.4516129032258065,78,78,Tidak Ada
242,POLITEKNIK PERTANIAN NEGERI PAYAKUMBUH,Vokasi,22422007,TEKNOLOGI PRODUKSI TANAMAN PANGAN,Sarjana Terapan,21,29,1.380952380952381,78,78,Tidak Ada
242,POLITEKNIK PERTANIAN NEGERI PAYAKUMBUH,Vokasi,22422017,TEKNOLOGI PRODUKSI TANAMAN PERKEBUNAN,Sarjana Terapan,21,40,1.9047619047619047,78,78,Tidak Ada
242,POLITEKNIK PERTANIAN NEGERI PAYAKUMBUH,Vokasi,22422018,SAINS DATA TERAPAN,Sarjana Terapan,11,0,0.0,79,79,Tidak Ada
242,POLITEKNIK PERTANIAN NEGERI PAYAKUMBUH,Vokasi,22423008,TEKNOLOGI MEKANISASI PERTANIAN,Diploma Tiga,21,16,0.7619047619047619,80,80,Tidak Ada
242,POLITEKNIK PERTANIAN NEGERI PAYAKUMBUH,Vokasi,22423010,TEKNOLOGI PANGAN,Diploma Tiga,21,14,0.6666666666666666,79,79,Tidak Ada
242,POLITEKNIK PERTANIAN NEGERI PAYAKUMBUH,Vokasi,22423011,AGRIBISNIS,Diploma Tiga,30,36,1.2,80,80,Tidak Ada
242,POLITEKNIK PERTANIAN NEGERI PAYAKUMBUH,Vokasi,22423013,TATA AIR PERTANIAN,Diploma Tiga,21,5,0.23809523809523808,81,81,Tidak Ada
242,POLITEKNIK PERTANIAN NEGERI PAYAKUMBUH,Vokasi,22423015,PARAMEDIK VETERINER,Diploma Tiga,21,34,1.619047619047619,78,78,Tidak Ada
242,POLITEKNIK PERTANIAN NEGERI PAYAKUMBUH,Vokasi,22423016,BUDI DAYA TANAMAN HORTIKULTURA,Diploma Tiga,21,12,0.5714285714285714,81,81,Tidak Ada
271,POLITEKNIK NEGERI SRIWIJAYA,Vokasi,22712001,PERANCANGAN JALAN DAN JEMBATAN,Sarjana Terapan,48,160,3.3333333333333335,77,77,Tidak Ada
271,POLITEKNIK NEGERI SRIWIJAYA,Vokasi,22712002,TEKNIK MESIN PRODUKSI DAN PERAWATAN,Sarjana Terapan,60,249,4.15,76,76,Tidak Ada
271,POLITEKNIK NEGERI SRIWIJAYA,Vokasi,22712003,TEKNIK ELEKTRO,Sarjana Terapan,24,511,21.291666666666668,94,94,Tidak Ada
271,POLITEKNIK NEGERI SRIWIJAYA,Vokasi,22712004,TEKNIK TELEKOMUNIKASI,Sarjana Terapan,32,160,5.0,81,81,Tidak Ada
271,POLITEKNIK NEGERI SRIWIJAYA,Vokasi,22712005,TEKNIK ENERGI,Sarjana Terapan,41,142,3.4634146341463414,80,80,Tidak Ada
271,POLITEKNIK NEGERI SRIWIJAYA,Vokasi,22712006,TEKNOLOGI KIMIA INDUSTRI,Sarjana Terapan,41,228,5.560975609756097,85,85,Tidak Ada
271,POLITEKNIK NEGERI SRIWIJAYA,Vokasi,22712007,TEKNOLOGI INFORMATIKA MULTIMEDIA DIGITAL,Sarjana Terapan,48,228,4.75,82,82,Tidak Ada
271,POLITEKNIK NEGERI SRIWIJAYA,Vokasi,22712009,TEKNIK MESIN PRODUKSI DAN PERAWATAN PSDKU SIAK,Sarjana Terapan,12,10,0.8333333333333334,79,79,Tidak Ada
271,POLITEKNIK NEGERI SRIWIJAYA,Vokasi,22712010,TEKNOLOGI PRODUKSI TANAMAN PERKEBUNAN,Sarjana Terapan,43,45,1.0465116279069768,80,80,Tidak Ada
271,POLITEKNIK NEGERI SRIWIJAYA,Vokasi,22712011,MANAJEMEN INFORMATIKA,Sarjana Terapan,66,400,6.0606060606060606,86,86,Tidak Ada
271,POLITEKNIK NEGERI SRIWIJAYA,Vokasi,22712013,AKUNTANSI SEKTOR PUBLIK,Sarjana Terapan,72,313,4.347222222222222,78,78,Tidak Ada
271,POLITEKNIK NEGERI SRIWIJAYA,Vokasi,22712015,USAHA PERJALANAN WISATA,Sarjana Terapan,32,122,3.8125,76,76,Tidak Ada
271,POLITEKNIK NEGERI SRIWIJAYA,Vokasi,22712016,MANAJEMEN BISNIS,Sarjana Terapan,38,582,15.31578947368421,90,90,Tidak Ada
271,POLITEKNIK NEGERI SRIWIJAYA,Vokasi,22712018,AKUNTANSI SEKTOR PUBLIK PSDKU SIAK,Sarjana Terapan,12,6,0.5,80,80,Tidak Ada
271,POLITEKNIK NEGERI SRIWIJAYA,Vokasi,22712034,BISNIS DIGITAL,Sarjana Terapan,32,135,4.21875,80,80,Tidak Ada
271,POLITEKNIK NEGERI SRIWIJAYA,Vokasi,22712035,ARSITEKTUR BANGUNAN GEDUNG,Sarjana Terapan,24,53,2.2083333333333335,75,75,Tidak Ada
271,POLITEKNIK NEGERI SRIWIJAYA,Vokasi,22712036,MANAJEMEN AGRIBISNIS,Sarjana Terapan,28,39,1.3928571428571428,81,81,Tidak Ada
271,POLITEKNIK NEGERI SRIWIJAYA,Vokasi,22712037,AGRIBISNIS PANGAN,Sarjana Terapan,28,35,1.25,80,80,Tidak Ada
271,POLITEKNIK NEGERI SRIWIJAYA,Vokasi,22712038,BAHASA INGGRIS UNTUK KOMUNIKASI BISNIS DAN PROFESIONAL,Sarjana Terapan,42,68,1.619047619047619,75,75,Tidak Ada
271,POLITEKNIK NEGERI SRIWIJAYA,Vokasi,22712039,TEKNOLOGI REKAYASA INSTALASI LISTRIK,Sarjana Terapan,21,41,1.9523809523809523,81,81,Tidak Ada
271,POLITEKNIK NEGERI SRIWIJAYA,Vokasi,22712041,TEKNOLOGI AKUAKULTUR,Sarjana Terapan,14,0,0.0,79,79,Tidak Ada
271,POLITEKNIK NEGERI SRIWIJAYA,Vokasi,22712042,TEKNOLOGI REKAYASA PANGAN,Sarjana Terapan,14,0,0.0,77,77,Tidak Ada
271,POLITEKNIK NEGERI SRIWIJAYA,Vokasi,22713019,TEKNIK KOMPUTER,Diploma Tiga,64,260,4.0625,78,78,Tidak Ada
271,POLITEKNIK NEGERI SRIWIJAYA,Vokasi,22713020,TEKNIK ELEKTRONIKA,Diploma Tiga,38,132,3.473684210526316,79,79,Tidak Ada
271,POLITEKNIK NEGERI SRIWIJAYA,Vokasi,22713021,TEKNIK KIMIA (KAMPUS KAB SIAK),Diploma Tiga,12,3,0.25,80,80,Tidak Ada
271,POLITEKNIK NEGERI SRIWIJAYA,Vokasi,22713022,TEKNIK MESIN,Diploma Tiga,72,410,5.694444444444445,80,80,Tidak Ada
271,POLITEKNIK NEGERI SRIWIJAYA,Vokasi,22713024,AKUNTANSI,Diploma Tiga,84,292,3.4761904761904763,80,80,Tidak Ada
271,POLITEKNIK NEGERI SRIWIJAYA,Vokasi,22713025,TEKNIK TELEKOMUNIKASI,Diploma Tiga,38,73,1.9210526315789473,79,79,Tidak Ada
271,POLITEKNIK NEGERI SRIWIJAYA,Vokasi,22713026,TEKNIK LISTRIK,Diploma Tiga,38,182,4.7894736842105265,82,82,Tidak Ada
271,POLITEKNIK NEGERI SRIWIJAYA,Vokasi,22713027,TEKNOLOGI PANGAN,Diploma Tiga,28,62,2.2142857142857144,76,76,Tidak Ada
271,POLITEKNIK NEGERI SRIWIJAYA,Vokasi,22713028,BAHASA INGGRIS,Diploma Tiga,48,58,1.2083333333333333,78,78,Tidak Ada
271,POLITEKNIK NEGERI SRIWIJAYA,Vokasi,22713029,MANAJEMEN INFORMATIKA,Diploma Tiga,72,165,2.2916666666666665,79,79,Tidak Ada
271,POLITEKNIK NEGERI SRIWIJAYA,Vokasi,22713030,TEKNIK SIPIL,Diploma Tiga,44,312,7.090909090909091,85,85,Tidak Ada
271,POLITEKNIK NEGERI SRIWIJAYA,Vokasi,22713031,TEKNIK KIMIA,Diploma Tiga,38,180,4.7368421052631575,79,79,Tidak Ada
271,POLITEKNIK NEGERI SRIWIJAYA,Vokasi,22713032,ADMINISTRASI BISNIS,Diploma Tiga,64,389,6.078125,86,86,Tidak Ada
271,POLITEKNIK NEGERI SRIWIJAYA,Vokasi,22713040,PEMELIHARAAN ALAT BERAT,Diploma Tiga,12,38,3.1666666666666665,78,78,Tidak Ada
281,POLITEKNIK MANUFAKTUR NEGERI BANGKA BELITUNG,Vokasi,22812001,TEKNIK MESIN DAN MANUFAKTUR,Sarjana Terapan,30,115,3.8333333333333335,78,78,Tidak Ada
281,POLITEKNIK MANUFAKTUR NEGERI BANGKA BELITUNG,Vokasi,22812002,TEKNIK ELEKTRONIKA,Sarjana Terapan,30,107,3.566666666666667,81,81,Tidak Ada
281,POLITEKNIK MANUFAKTUR NEGERI BANGKA BELITUNG,Vokasi,22812003,TEKNOLOGI REKAYASA PERANGKAT LUNAK,Sarjana Terapan,42,95,2.261904761904762,79,79,Tidak Ada
281,POLITEKNIK MANUFAKTUR NEGERI BANGKA BELITUNG,Vokasi,22812007,TEKNOLOGI REKAYASA PERANCANGAN MANUFAKTUR,Sarjana Terapan,18,13,0.7222222222222222,76,76,Tidak Ada
281,POLITEKNIK MANUFAKTUR NEGERI BANGKA BELITUNG,Vokasi,22812008,PERTANIAN PRESISI,Sarjana Terapan,30,40,1.3333333333333333,81,81,Tidak Ada
281,POLITEKNIK MANUFAKTUR NEGERI BANGKA BELITUNG,Vokasi,22812009,BISNIS DIGITAL,Sarjana Terapan,42,65,1.5476190476190477,79,79,Tidak Ada
281,POLITEKNIK MANUFAKTUR NEGERI BANGKA BELITUNG,Vokasi,22812010,PERBANKAN DAN KEUANGAN DIGITAL,Sarjana Terapan,36,0,0.0,82,82,Tidak Ada
281,POLITEKNIK MANUFAKTUR NEGERI BANGKA BELITUNG,Vokasi,22813004,TEKNIK PERAWATAN DAN PERBAIKAN MESIN,Diploma Tiga,36,51,1.4166666666666667,82,82,Tidak Ada
281,POLITEKNIK MANUFAKTUR NEGERI BANGKA BELITUNG,Vokasi,22813005,TEKNIK ELEKTRONIKA,Diploma Tiga,36,14,0.3888888888888889,81,81,Tidak Ada
281,POLITEKNIK MANUFAKTUR NEGERI BANGKA BELITUNG,Vokasi,22813006,TEKNIK PERANCANGAN MEKANIK,Diploma Tiga,18,13,0.7222222222222222,82,82,Tidak Ada
291,POLITEKNIK NEGERI LAMPUNG,Vokasi,22912001,TEKNOLOGI PERBENIHAN,Sarjana Terapan,42,15,0.35714285714285715,75,75,Tidak Ada
291,POLITEKNIK NEGERI LAMPUNG,Vokasi,22912002,TEKNOLOGI PRODUKSI TANAMAN HORTIKULTURA,Sarjana Terapan,56,21,0.375,75,75,Tidak Ada
291,POLITEKNIK NEGERI LAMPUNG,Vokasi,22912003,PRODUKSI DAN MANAJEMEN INDUSTRI PERKEBUNAN,Sarjana Terapan,70,58,0.8285714285714286,79,79,Tidak Ada
291,POLITEKNIK NEGERI LAMPUNG,Vokasi,22912004,TEKNOLOGI REKASAYA KIMIA INDUSTRI,Sarjana Terapan,42,30,0.7142857142857143,79,79,Tidak Ada
291,POLITEKNIK NEGERI LAMPUNG,Vokasi,22912005,TEKNOLOGI REKAYASA KONSTRUKSI JALAN DAN JEMBATAN,Sarjana Terapan,40,22,0.55,76,76,Tidak Ada
291,POLITEKNIK NEGERI LAMPUNG,Vokasi,22912006,PENGEMBANGAN PRODUK AGRO INDUSTRI,Sarjana Terapan,56,23,0.4107142857142857,77,77,Tidak Ada
291,POLITEKNIK NEGERI LAMPUNG,Vokasi,22912007,TEKNOLOGI PRODUKSI TERNAK,Sarjana Terapan,56,45,0.8035714285714286,81,81,Tidak Ada
291,POLITEKNIK NEGERI LAMPUNG,Vokasi,22912008,TEKNOLOGI PEMBENIHAN IKAN,Sarjana Terapan,56,23,0.4107142857142857,76,76,Tidak Ada
291,POLITEKNIK NEGERI LAMPUNG,Vokasi,22912009,AGRIBISNIS PANGAN,Sarjana Terapan,70,81,1.1571428571428573,77,77,Tidak Ada
291,POLITEKNIK NEGERI LAMPUNG,Vokasi,22912010,PENGELOLAAN PERKEBUNAN KOPI,Sarjana Terapan,28,8,0.2857142857142857,79,79,Tidak Ada
291,POLITEKNIK NEGERI LAMPUNG,Vokasi,22912011,PENGELOLAAN AGRIBISNIS,Sarjana Terapan,70,60,0.8571428571428571,81,81,Tidak Ada
291,POLITEKNIK NEGERI LAMPUNG,Vokasi,22912012,AKUNTANSI PERPAJAKAN,Sarjana Terapan,68,168,2.4705882352941178,82,82,Tidak Ada
291,POLITEKNIK NEGERI LAMPUNG,Vokasi,22912014,PENGELOLAAN PERHOTELAN,Sarjana Terapan,70,68,0.9714285714285714,81,81,Tidak Ada
291,POLITEKNIK NEGERI LAMPUNG,Vokasi,22912015,AKUNTANSI BISNIS DIGITAL,Sarjana Terapan,70,134,1.9142857142857144,75,75,Tidak Ada
291,POLITEKNIK NEGERI LAMPUNG,Vokasi,22912029,TEKNOLOGI PAKAN TERNAK,Sarjana Terapan,42,14,0.3333333333333333,76,76,Tidak Ada
291,POLITEKNIK NEGERI LAMPUNG,Vokasi,22912030,TEKNOLOGI REKAYASA INTERNET,Sarjana Terapan,70,46,0.6571428571428571,82,82,Tidak Ada
291,POLITEKNIK NEGERI LAMPUNG,Vokasi,22912032,TEKNOLOGI REKAYASA PERANGKAT LUNAK,Sarjana Terapan,56,62,1.1071428571428572,81,81,Tidak Ada
291,POLITEKNIK NEGERI LAMPUNG,Vokasi,22912033,TEKNOLOGI REKAYASA ELEKTRONIKA,Sarjana Terapan,28,11,0.39285714285714285,79,79,Tidak Ada
291,POLITEKNIK NEGERI LAMPUNG,Vokasi,22912034,TEKNOLOGI PRODUKSI TANAMAN PANGAN,Sarjana Terapan,42,23,0.5476190476190477,81,81,Tidak Ada
291,POLITEKNIK NEGERI LAMPUNG,Vokasi,22912035,AGRIBISNIS PETERNAKAN,Sarjana Terapan,54,41,0.7592592592592593,80,80,Tidak Ada
291,POLITEKNIK NEGERI LAMPUNG,Vokasi,22912036,PENGELOLAAN KONVENSI DAN ACARA,Sarjana Terapan,28,7,0.25,78,78,Tidak Ada
291,POLITEKNIK NEGERI LAMPUNG,Vokasi,22912037,KIMIA TERAPAN,Sarjana Terapan,28,4,0.14285714285714285,78,78,Tidak Ada
291,POLITEKNIK NEGERI LAMPUNG,Vokasi,22912038,PRODUKSI MEDIA,Sarjana Terapan,28,33,1.1785714285714286,79,79,Tidak Ada
291,POLITEKNIK NEGERI LAMPUNG,Vokasi,22912039,TEKNOLOGI REKAYASA OTOMOTIF,Sarjana Terapan,40,25,0.625,78,78,Tidak Ada
291,POLITEKNIK NEGERI LAMPUNG,Vokasi,22912040,BAHASA INGGRIS UNTUK KOMUNIKASI BISNIS DAN PROFESIONAL,Sarjana Terapan,28,0,0.0,77,77,Tidak Ada
291,POLITEKNIK NEGERI LAMPUNG,Vokasi,22912041,TEKNOLOGI AKUAKULTUR,Sarjana Terapan,24,0,0.0,76,76,Tidak Ada
291,POLITEKNIK NEGERI LAMPUNG,Vokasi,22912042,TEKNOLOGI CERDAS PENANGKAPAN IKAN,Sarjana Terapan,28,0,0.0,80,80,Tidak Ada
291,POLITEKNIK NEGERI LAMPUNG,Vokasi,22912043,TEKNOLOGI PRODUKSI TANAMAN PERKEBUNAN,Sarjana Terapan,28,0,0.0,79,79,Tidak Ada
291,POLITEKNIK NEGERI LAMPUNG,Vokasi,22912044,TEKNOLOGI PANGAN HALAL,Sarjana Terapan,14,0,0.0,77,77,Tidak Ada
291,POLITEKNIK NEGERI LAMPUNG,Vokasi,22912045,SAINS DATA TERAPAN,Sarjana Terapan,24,0,0.0,80,80,Tidak Ada
291,POLITEKNIK NEGERI LAMPUNG,Vokasi,22913016,PERJALANAN WISATA,Diploma Tiga,70,40,0.5714285714285714,75,75,Tidak Ada
291,POLITEKNIK NEGERI LAMPUNG,Vokasi,22913017,TEKNOLOGI PANGAN,Diploma Tiga,42,21,0.5,77,77,Tidak Ada
291,POLITEKNIK NEGERI LAMPUNG,Vokasi,22913018,TEKNIK SUMBERDAYA LAHAN DAN LINGKUNGAN,Diploma Tiga,28,7,0.25,78,78,Tidak Ada
291,POLITEKNIK NEGERI LAMPUNG,Vokasi,22913020,MEKANISASI PERTANIAN,Diploma Tiga,28,14,0.5,75,75,Tidak Ada
291,POLITEKNIK NEGERI LAMPUNG,Vokasi,22913022,PERIKANAN TANGKAP,Diploma Tiga,14,6,0.42857142857142855,79,79,Tidak Ada
291,POLITEKNIK NEGERI LAMPUNG,Vokasi,22913023,HORTIKULTURA,Diploma Tiga,42,2,0.047619047619047616,75,75,Tidak Ada
291,POLITEKNIK NEGERI LAMPUNG,Vokasi,22913024,MANAJEMEN INFORMATIKA,Diploma Tiga,70,43,0.6142857142857143,80,80,Tidak Ada
291,POLITEKNIK NEGERI LAMPUNG,Vokasi,22913025,PRODUKSI TANAMAN PERKEBUNAN,Diploma Tiga,56,19,0.3392857142857143,78,78,Tidak Ada
291,POLITEKNIK NEGERI LAMPUNG,Vokasi,22913026,BUDIDAYA PERIKANAN,Diploma Tiga,42,20,0.47619047619047616,78,78,Tidak Ada
421,POLITEKNIK NEGERI JAKARTA,Vokasi,24212001,TEKNIK KONSTRUKSI GEDUNG,Sarjana Terapan,18,313,17.38888888888889,88,88,Tidak Ada
421,POLITEKNIK NEGERI JAKARTA,Vokasi,24212002,TEKNIK PERANCANGAN JALAN DAN JEMBATAN,Sarjana Terapan,12,160,13.333333333333334,86,86,Tidak Ada
421,POLITEKNIK NEGERI JAKARTA,Vokasi,24212003,TEKNOLOGI REKAYASA MANUFAKTUR,Sarjana Terapan,12,194,16.166666666666668,85,85,Tidak Ada
421,POLITEKNIK NEGERI JAKARTA,Vokasi,24212004,TEKNOLOGI REKAYASA PEMBANGKIT ENERGI,Sarjana Terapan,12,161,13.416666666666666,85,85,Tidak Ada
421,POLITEKNIK NEGERI JAKARTA,Vokasi,24212005,TEKNIK OTOMASI LISTRIK INDUSTRI,Sarjana Terapan,10,325,32.5,89,89,Tidak Ada
421,POLITEKNIK NEGERI JAKARTA,Vokasi,24212006,INSTRUMENTASI DAN KONTROL INDUSTRI,Sarjana Terapan,10,181,18.1,86,86,Tidak Ada
421,POLITEKNIK NEGERI JAKARTA,Vokasi,24212007,BROADBAND MULTIMEDIA,Sarjana Terapan,10,146,14.6,90,90,Tidak Ada
421,POLITEKNIK NEGERI JAKARTA,Vokasi,24212008,TEKNIK INFORMATIKA,Sarjana Terapan,18,1008,56.0,92,92,Tidak Ada
421,POLITEKNIK NEGERI JAKARTA,Vokasi,24212009,TEKNIK MULTIMEDIA DAN JARINGAN,Sarjana Terapan,18,423,23.5,95,95,Tidak Ada
421,POLITEKNIK NEGERI JAKARTA,Vokasi,24212010,TEKNIK MULTIMEDIA DIGITAL,Sarjana Terapan,18,430,23.88888888888889,90,90,Tidak Ada
421,POLITEKNIK NEGERI JAKARTA,Vokasi,24212011,DESAIN GRAFIS,Sarjana Terapan,17,559,32.88235294117647,91,91,"Seni Rupa, Desain, dan Kriya"
421,POLITEKNIK NEGERI JAKARTA,Vokasi,24212012,TEKNOLOGI INDUSTRI CETAK KEMASAN,Sarjana Terapan,17,135,7.9411764705882355,85,85,Tidak Ada
421,POLITEKNIK NEGERI JAKARTA,Vokasi,24212014,TEKNOLOGI REKAYASA MANUFAKTUR (KAMPUS KOTA PEKALONGAN),Sarjana Terapan,6,4,0.6666666666666666,82,82,Tidak Ada
421,POLITEKNIK NEGERI JAKARTA,Vokasi,24212015,TEKNOLOGI REKAYASA KONVERSI ENERGI,Sarjana Terapan,15,223,14.866666666666667,90,90,Tidak Ada
421,POLITEKNIK NEGERI JAKARTA,Vokasi,24212016,TEKNOLOGI REKAYASA PEMELIHARAAN ALAT BERAT,Sarjana Terapan,15,297,19.8,90,90,Tidak Ada
421,POLITEKNIK NEGERI JAKARTA,Vokasi,24212017,AKUNTANSI KEUANGAN,Sarjana Terapan,12,619,51.583333333333336,93,93,Tidak Ada
421,POLITEKNIK NEGERI JAKARTA,Vokasi,24212018,KEUANGAN DAN PERBANKAN,Sarjana Terapan,12,390,32.5,89,89,Tidak Ada
421,POLITEKNIK NEGERI JAKARTA,Vokasi,24212019,KEUANGAN DAN PEBANKAN SYARIAH,Sarjana Terapan,12,222,18.5,88,88,Tidak Ada
421,POLITEKNIK NEGERI JAKARTA,Vokasi,24212020,MANAJEMEN KEUANGAN,Sarjana Terapan,12,390,32.5,93,93,Tidak Ada
421,POLITEKNIK NEGERI JAKARTA,Vokasi,24212021,"USAHA JASA KONVENSI, PERJALANAN INSENTIF DAN PAMERAN",Sarjana Terapan,21,291,13.857142857142858,89,89,Tidak Ada
421,POLITEKNIK NEGERI JAKARTA,Vokasi,24212022,ADMINISTRASI BISNIS TERAPAN,Sarjana Terapan,18,910,50.55555555555556,90,90,Tidak Ada
421,POLITEKNIK NEGERI JAKARTA,Vokasi,24212023,BAHASA INGGRIS UNTUK KOMUNIKASI BISNIS DAN PROFESIONAL,Sarjana Terapan,18,355,19.72222222222222,89,89,Tidak Ada
421,POLITEKNIK NEGERI JAKARTA,Vokasi,24212024,"USAHA JASA KONVENSI, PERJALANAN INSENTIF, DAN PAMERAN (KAMPUS KAB. DEMAK)",Sarjana Terapan,6,12,2.0,75,75,Tidak Ada
421,POLITEKNIK NEGERI JAKARTA,Vokasi,24212040,TEKNOLOGI REKAYASA CETAK DAN GRAFIS 3 DIMENSI,Sarjana Terapan,12,64,5.333333333333333,87,87,Tidak Ada
421,POLITEKNIK NEGERI JAKARTA,Vokasi,24213025,ADMINISTRASI BISNIS,Diploma Tiga,24,500,20.833333333333332,94,94,Tidak Ada
421,POLITEKNIK NEGERI JAKARTA,Vokasi,24213026,TEKNIK MESIN (KAMPUS KAB. DEMAK),Diploma Tiga,6,6,1.0,76,76,Tidak Ada
421,POLITEKNIK NEGERI JAKARTA,Vokasi,24213027,TEKNIK MESIN,Diploma Tiga,24,518,21.583333333333332,93,93,Tidak Ada
421,POLITEKNIK NEGERI JAKARTA,Vokasi,24213028,ELEKTRONIKA INDUSTRI,Diploma Tiga,20,181,9.05,80,80,Tidak Ada
421,POLITEKNIK NEGERI JAKARTA,Vokasi,24213029,PENERBITAN,Diploma Tiga,20,190,9.5,84,84,Tidak Ada
421,POLITEKNIK NEGERI JAKARTA,Vokasi,24213032,KONSTRUKSI GEDUNG,Diploma Tiga,12,80,6.666666666666667,80,80,Tidak Ada
421,POLITEKNIK NEGERI JAKARTA,Vokasi,24213033,TELEKOMUNIKASI,Diploma Tiga,20,166,8.3,82,82,Tidak Ada
421,POLITEKNIK NEGERI JAKARTA,Vokasi,24213034,TEKNIK LISTRIK,Diploma Tiga,20,238,11.9,89,89,Tidak Ada
421,POLITEKNIK NEGERI JAKARTA,Vokasi,24213035,KEUANGAN DAN PERBANKAN,Diploma Tiga,12,238,19.833333333333332,90,90,Tidak Ada
421,POLITEKNIK NEGERI JAKARTA,Vokasi,24213036,AKUNTANSI,Diploma Tiga,12,281,23.416666666666668,95,95,Tidak Ada
421,POLITEKNIK NEGERI JAKARTA,Vokasi,24213039,KONSTRUKSI SIPIL,Diploma Tiga,18,170,9.444444444444445,82,82,Tidak Ada
422,POLITEKNIK NEGERI MEDIA KREATIF,Vokasi,24222001,TEKNOLOGI REKAYASA MULTIMEDIA,Sarjana Terapan,64,505,7.890625,85,85,Tidak Ada
422,POLITEKNIK NEGERI MEDIA KREATIF,Vokasi,24222002,TEKNOLOGI PERMAINAN,Sarjana Terapan,38,177,4.657894736842105,75,75,Tidak Ada
422,POLITEKNIK NEGERI MEDIA KREATIF,Vokasi,24222003,DESAIN MODE,Sarjana Terapan,26,52,2.0,82,82,"Seni Rupa, Desain, dan Kriya"
422,POLITEKNIK NEGERI MEDIA KREATIF,Vokasi,24222004,PENGELOLAAN PERHOTELAN,Sarjana Terapan,38,347,9.131578947368421,84,84,Tidak Ada
422,POLITEKNIK NEGERI MEDIA KREATIF,Vokasi,24222005,ANIMASI,Sarjana Terapan,51,182,3.5686274509803924,78,78,"Seni Rupa, Desain, dan Kriya"
422,POLITEKNIK NEGERI MEDIA KREATIF,Vokasi,24222019,FILM DAN TELEVISI,Sarjana Terapan,38,197,5.184210526315789,84,84,Film dan Televisi
422,POLITEKNIK NEGERI MEDIA KREATIF,Vokasi,24222024,TEKNOLOGI REKAYASA PENGEMASAN,Sarjana Terapan,26,118,4.538461538461538,78,78,Tidak Ada
422,POLITEKNIK NEGERI MEDIA KREATIF,Vokasi,24223006,TEKNIK GRAFIKA (PSDKU MEDAN),Diploma Tiga,13,24,1.8461538461538463,77,77,Tidak Ada
422,POLITEKNIK NEGERI MEDIA KREATIF,Vokasi,24223007,PENYIARAN,Diploma Tiga,64,328,5.125,83,83,Tidak Ada
422,POLITEKNIK NEGERI MEDIA KREATIF,Vokasi,24223008,DESAIN GRAFIS (PSDKU MEDAN),Diploma Tiga,26,36,1.3846153846153846,82,82,"Seni Rupa, Desain, dan Kriya"
422,POLITEKNIK NEGERI MEDIA KREATIF,Vokasi,24223009,FOTOGRAFI,Diploma Tiga,38,138,3.6315789473684212,76,76,Fotografi
422,POLITEKNIK NEGERI MEDIA KREATIF,Vokasi,24223010,PEMELIHARAAN MESIN,Diploma Tiga,13,58,4.461538461538462,75,75,Tidak Ada
422,POLITEKNIK NEGERI MEDIA KREATIF,Vokasi,24223011,TEKNIK GRAFIKA,Diploma Tiga,38,65,1.7105263157894737,76,76,Tidak Ada
422,POLITEKNIK NEGERI MEDIA KREATIF,Vokasi,24223012,PENERBITAN,Diploma Tiga,38,98,2.5789473684210527,77,77,Tidak Ada
422,POLITEKNIK NEGERI MEDIA KREATIF,Vokasi,24223013,DESAIN GRAFIS (PSDKU MAKASSAR),Diploma Tiga,13,12,0.9230769230769231,75,75,"Seni Rupa, Desain, dan Kriya"
422,POLITEKNIK NEGERI MEDIA KREATIF,Vokasi,24223014,TEKNIK GRAFIKA (PSDKU MAKASSAR),Diploma Tiga,19,10,0.5263157894736842,75,75,Tidak Ada
422,POLITEKNIK NEGERI MEDIA KREATIF,Vokasi,24223015,DESAIN GRAFIS,Diploma Tiga,64,150,2.34375,75,75,"Seni Rupa, Desain, dan Kriya"
422,POLITEKNIK NEGERI MEDIA KREATIF,Vokasi,24223016,SENI KULINER,Diploma Tiga,26,243,9.346153846153847,82,82,Tidak Ada
422,POLITEKNIK NEGERI MEDIA KREATIF,Vokasi,24223017,PERIKLANAN,Diploma Tiga,51,237,4.647058823529412,78,78,Tidak Ada
422,POLITEKNIK NEGERI MEDIA KREATIF,Vokasi,24223020,PENERBITAN (PSDKU MAKASSAR),Diploma Tiga,13,2,0.15384615384615385,77,77,Tidak Ada
422,POLITEKNIK NEGERI MEDIA KREATIF,Vokasi,24223021,PERIKLANAN (PSDKU MAKASSAR),Diploma Tiga,13,3,0.23076923076923078,81,81,Tidak Ada
422,POLITEKNIK NEGERI MEDIA KREATIF,Vokasi,24223022,PENERBITAN (PSDKU MEDAN),Diploma Tiga,13,1,0.07692307692307693,75,75,Tidak Ada
422,POLITEKNIK NEGERI MEDIA KREATIF,Vokasi,24223023,PERIKLANAN (PSDKU MEDAN),Diploma Tiga,13,16,1.2307692307692308,81,81,Tidak Ada
431,POLITEKNIK NEGERI BANDUNG,Vokasi,24312001,TEKNIK PERANCANGAN JALAN DAN JEMBATAN,Sarjana Terapan,13,273,21.0,94,94,Tidak Ada
431,POLITEKNIK NEGERI BANDUNG,Vokasi,24312002,TEKNIK PERAWATAN DAN PERBAIKAN GEDUNG,Sarjana Terapan,13,217,16.692307692307693,90,90,Tidak Ada
431,POLITEKNIK NEGERI BANDUNG,Vokasi,24312003,TEKNIK PERANCANGAN DAN KONSTRUKSI MESIN,Sarjana Terapan,13,273,21.0,89,89,Tidak Ada
431,POLITEKNIK NEGERI BANDUNG,Vokasi,24312004,PROSES MANUFAKTUR,Sarjana Terapan,13,224,17.23076923076923,88,88,Tidak Ada
431,POLITEKNIK NEGERI BANDUNG,Vokasi,24312005,TEKNIK PENDINGIN DAN TATA UDARA,Sarjana Terapan,13,135,10.384615384615385,87,87,Tidak Ada
431,POLITEKNIK NEGERI BANDUNG,Vokasi,24312006,TEKNOLOGI PEMBANGKIT TENAGA LISTRIK,Sarjana Terapan,20,217,10.85,88,88,Tidak Ada
431,POLITEKNIK NEGERI BANDUNG,Vokasi,24312007,TEKNIK KONSERVASI ENERGI,Sarjana Terapan,13,232,17.846153846153847,86,86,Tidak Ada
431,POLITEKNIK NEGERI BANDUNG,Vokasi,24312008,TEKNIK ELEKTRONIKA,Sarjana Terapan,20,618,30.9,93,93,Tidak Ada
431,POLITEKNIK NEGERI BANDUNG,Vokasi,24312009,TEKNIK OTOMASI INDUSTRI,Sarjana Terapan,20,294,14.7,89,89,Tidak Ada
431,POLITEKNIK NEGERI BANDUNG,Vokasi,24312010,TEKNIK KIMIA PRODUKSI BERSIH,Sarjana Terapan,20,388,19.4,89,89,Tidak Ada
431,POLITEKNIK NEGERI BANDUNG,Vokasi,24312011,TEKNIK INFORMATIKA,Sarjana Terapan,26,1250,48.07692307692308,92,92,Tidak Ada
431,POLITEKNIK NEGERI BANDUNG,Vokasi,24312012,TEKNIK TELEKOMUNIKASI NIRKABEL,Sarjana Terapan,20,284,14.2,90,90,Tidak Ada
431,POLITEKNIK NEGERI BANDUNG,Vokasi,24312013,KEUANGAN SYARIAH,Sarjana Terapan,20,224,11.2,85,85,Tidak Ada
431,POLITEKNIK NEGERI BANDUNG,Vokasi,24312014,AKUNTANSI MANAGEMEN PEMERINTAHAN,Sarjana Terapan,16,366,22.875,91,91,Tidak Ada
431,POLITEKNIK NEGERI BANDUNG,Vokasi,24312015,AKUNTANSI,Sarjana Terapan,13,617,47.46153846153846,95,95,Tidak Ada
431,POLITEKNIK NEGERI BANDUNG,Vokasi,24312016,ADMINISTRASI BISNIS,Sarjana Terapan,13,775,59.61538461538461,91,91,Tidak Ada
431,POLITEKNIK NEGERI BANDUNG,Vokasi,24312017,MANAJEMEN ASET,Sarjana Terapan,20,426,21.3,93,93,Tidak Ada
431,POLITEKNIK NEGERI BANDUNG,Vokasi,24312018,MANAJEMEN PEMASARAN,Sarjana Terapan,13,401,30.846153846153847,89,89,Tidak Ada
431,POLITEKNIK NEGERI BANDUNG,Vokasi,24312037,DESTINASI PARIWISATA,Sarjana Terapan,13,421,32.38461538461539,94,94,Tidak Ada
431,POLITEKNIK NEGERI BANDUNG,Vokasi,24313019,TEKNIK PENDINGIN DAN TATA UDARA,Diploma Tiga,13,83,6.384615384615385,85,85,Tidak Ada
431,POLITEKNIK NEGERI BANDUNG,Vokasi,24313020,TEKNIK KONSTRUKSI SIPIL,Diploma Tiga,20,415,20.75,94,94,Tidak Ada
431,POLITEKNIK NEGERI BANDUNG,Vokasi,24313021,MANAJEMEN PEMASARAN,Diploma Tiga,13,187,14.384615384615385,86,86,Tidak Ada
431,POLITEKNIK NEGERI BANDUNG,Vokasi,24313022,TEKNIK KONSTRUKSI GEDUNG,Diploma Tiga,20,156,7.8,83,83,Tidak Ada
431,POLITEKNIK NEGERI BANDUNG,Vokasi,24313023,TEKNIK AERONAUTIKA,Diploma Tiga,15,173,11.533333333333333,90,90,Tidak Ada
431,POLITEKNIK NEGERI BANDUNG,Vokasi,24313024,KEUANGAN DAN PERBANKAN,Diploma Tiga,16,231,14.4375,90,90,Tidak Ada
431,POLITEKNIK NEGERI BANDUNG,Vokasi,24313025,TEKNIK INFORMATIKA,Diploma Tiga,13,335,25.76923076923077,90,90,Tidak Ada
431,POLITEKNIK NEGERI BANDUNG,Vokasi,24313026,ADMINISTRASI BISNIS,Diploma Tiga,13,291,22.384615384615383,89,89,Tidak Ada
431,POLITEKNIK NEGERI BANDUNG,Vokasi,24313027,TEKNIK MESIN,Diploma Tiga,20,591,29.55,88,88,Tidak Ada
431,POLITEKNIK NEGERI BANDUNG,Vokasi,24313028,AKUNTANSI,Diploma Tiga,20,326,16.3,87,87,Tidak Ada
431,POLITEKNIK NEGERI BANDUNG,Vokasi,24313029,ANALIS KIMIA,Diploma Tiga,13,296,22.76923076923077,94,94,Tidak Ada
431,POLITEKNIK NEGERI BANDUNG,Vokasi,24313030,TEKNIK KONVERSI ENERGI,Diploma Tiga,13,164,12.615384615384615,90,90,Tidak Ada
431,POLITEKNIK NEGERI BANDUNG,Vokasi,24313031,BAHASA INGGRIS,Diploma Tiga,20,209,10.45,85,85,Tidak Ada
431,POLITEKNIK NEGERI BANDUNG,Vokasi,24313032,USAHA PERJALANAN WISATA,Diploma Tiga,13,208,16.0,90,90,Tidak Ada
431,POLITEKNIK NEGERI BANDUNG,Vokasi,24313033,TEKNIK KIMIA,Diploma Tiga,26,408,15.692307692307692,90,90,Tidak Ada
431,POLITEKNIK NEGERI BANDUNG,Vokasi,24313034,TEKNIK TELEKOMUNIKASI,Diploma Tiga,13,159,12.23076923076923,88,88,Tidak Ada
431,POLITEKNIK NEGERI BANDUNG,Vokasi,24313035,TEKNIK ELEKTRONIKA,Diploma Tiga,13,163,12.538461538461538,89,89,Tidak Ada
431,POLITEKNIK NEGERI BANDUNG,Vokasi,24313036,TEKNIK LISTRIK,Diploma Tiga,13,168,12.923076923076923,90,90,Tidak Ada
432,POLITEKNIK MANUFAKTUR BANDUNG,Vokasi,24322001,TEKNOLOGI REKAYASA MANUFAKTUR,Sarjana Terapan,20,235,11.75,85,85,Tidak Ada
432,POLITEKNIK MANUFAKTUR BANDUNG,Vokasi,24322002,TEKNOLOGI REKAYASA PERANCANGAN MANUFAKTUR,Sarjana Terapan,19,124,6.526315789473684,83,83,Tidak Ada
432,POLITEKNIK MANUFAKTUR BANDUNG,Vokasi,24322003,TEKNOLOGI REKAYASA OTOMASI,Sarjana Terapan,17,177,10.411764705882353,85,85,Tidak Ada
432,POLITEKNIK MANUFAKTUR BANDUNG,Vokasi,24322004,TEKNOLOGI REKAYASA MATERIAL MAJU,Sarjana Terapan,16,68,4.25,81,81,Tidak Ada
432,POLITEKNIK MANUFAKTUR BANDUNG,Vokasi,24322005,REKAYASA PERANCANGAN MEKANIK,Sarjana Terapan,14,85,6.071428571428571,80,80,Tidak Ada
432,POLITEKNIK MANUFAKTUR BANDUNG,Vokasi,24322006,TEKNOLOGI REKAYASA MEKATRONIKA,Sarjana Terapan,17,201,11.823529411764707,87,87,Tidak Ada
432,POLITEKNIK MANUFAKTUR BANDUNG,Vokasi,24322014,MANAJEMEN TEKNOLOGI REKAYASA,Sarjana Terapan,19,121,6.368421052631579,82,82,Tidak Ada
432,POLITEKNIK MANUFAKTUR BANDUNG,Vokasi,24322015,TEKNOLOGI REKAYASA INFORMATIKA INDUSTRI,Sarjana Terapan,17,209,12.294117647058824,86,86,Tidak Ada
432,POLITEKNIK MANUFAKTUR BANDUNG,Vokasi,24322016,TEKNOLOGI REKAYASA SISTEM AERIAL NIRAWAK,Sarjana Terapan,7,36,5.142857142857143,86,86,Tidak Ada
432,POLITEKNIK MANUFAKTUR BANDUNG,Vokasi,24323007,PEMELIHARAAN MESIN,Diploma Tiga,16,108,6.75,84,84,Tidak Ada
432,POLITEKNIK MANUFAKTUR BANDUNG,Vokasi,24323008,TEKNOLOGI MANUFAKTUR,Diploma Tiga,16,141,8.8125,86,86,Tidak Ada
432,POLITEKNIK MANUFAKTUR BANDUNG,Vokasi,24323010,TEKNOLOGI PEMBUATAN PERKAKAS PRESISI,Diploma Tiga,16,60,3.75,77,77,Tidak Ada
432,POLITEKNIK MANUFAKTUR BANDUNG,Vokasi,24323011,TEKNOLOGI PERANCANGAN PERKAKAS PRESISI,Diploma Tiga,14,35,2.5,81,81,Tidak Ada
432,POLITEKNIK MANUFAKTUR BANDUNG,Vokasi,24323012,TEKNOLOGI PENGECORAN LOGAM,Diploma Tiga,25,131,5.24,83,83,Tidak Ada
433,POLITEKNIK NEGERI INDRAMAYU,Vokasi,24332001,PERANCANGAN MANUFAKTUR,Sarjana Terapan,60,134,2.2333333333333334,75,75,Tidak Ada
433,POLITEKNIK NEGERI INDRAMAYU,Vokasi,24332002,REKAYASA PERANGKAT LUNAK,Sarjana Terapan,60,165,2.75,80,80,Tidak Ada
433,POLITEKNIK NEGERI INDRAMAYU,Vokasi,24332007,SISTEM INFORMASI KOTA CERDAS,Sarjana Terapan,60,151,2.5166666666666666,82,82,Tidak Ada
433,POLITEKNIK NEGERI INDRAMAYU,Vokasi,24332008,TEKNOLOGI REKAYASA INSTRUMENTASI DAN KONTROL,Sarjana Terapan,60,86,1.4333333333333333,75,75,Tidak Ada
433,POLITEKNIK NEGERI INDRAMAYU,Vokasi,24332009,TEKNOLOGI REKAYASA KOMPUTER,Sarjana Terapan,15,0,0.0,79,79,Tidak Ada
433,POLITEKNIK NEGERI INDRAMAYU,Vokasi,24332010,TEKNOLOGI LABORATORIUM MEDIS,Sarjana Terapan,30,0,0.0,80,80,Tidak Ada
433,POLITEKNIK NEGERI INDRAMAYU,Vokasi,24332011,TEKNOLOGI REKAYASA ELEKTRO-MEDIS,Sarjana Terapan,30,0,0.0,79,79,Tidak Ada
433,POLITEKNIK NEGERI INDRAMAYU,Vokasi,24332012,TEKNOLOGI REKAYASA MATERIAL MAJU,Sarjana Terapan,15,0,0.0,82,82,Tidak Ada
433,POLITEKNIK NEGERI INDRAMAYU,Vokasi,24333003,KEPERAWATAN,Diploma Tiga,60,297,4.95,79,79,Tidak Ada
433,POLITEKNIK NEGERI INDRAMAYU,Vokasi,24333004,TEKNIK MESIN,Diploma Tiga,60,158,2.6333333333333333,81,81,Tidak Ada
433,POLITEKNIK NEGERI INDRAMAYU,Vokasi,24333005,TEKNIK INFORMATIKA,Diploma Tiga,60,212,3.533333333333333,82,82,Tidak Ada
433,POLITEKNIK NEGERI INDRAMAYU,Vokasi,24333006,TEKNIK PENDINGIN DAN TATA UDARA,Diploma Tiga,60,94,1.5666666666666667,81,81,Tidak Ada
434,POLITEKNIK NEGERI SUBANG,Vokasi,24342005,TEKNOLOGI REKAYASA PERANGKAT LUNAK,Sarjana Terapan,38,111,2.9210526315789473,76,76,Tidak Ada
434,POLITEKNIK NEGERI SUBANG,Vokasi,24342006,TEKNOLOGI REKAYASA MANUFAKTUR,Sarjana Terapan,26,87,3.3461538461538463,82,82,Tidak Ada
434,POLITEKNIK NEGERI SUBANG,Vokasi,24342007,TEKNOLOGI PRODUKSI TANAMAN PANGAN,Sarjana Terapan,32,101,3.15625,76,76,Tidak Ada
434,POLITEKNIK NEGERI SUBANG,Vokasi,24342008,PENGELOLAAN AGRIBISNIS,Sarjana Terapan,16,0,0.0,82,82,Tidak Ada
434,POLITEKNIK NEGERI SUBANG,Vokasi,24342009,BISNIS DIGITAL,Sarjana Terapan,32,0,0.0,79,79,Tidak Ada
434,POLITEKNIK NEGERI SUBANG,Vokasi,24342010,TEKNOLOGI REKAYASA PERANCANGAN MANUFAKTUR,Sarjana Terapan,13,0,0.0,77,77,Tidak Ada
434,POLITEKNIK NEGERI SUBANG,Vokasi,24343001,AGROINDUSTRI,Diploma Tiga,32,83,2.59375,76,76,Tidak Ada
434,POLITEKNIK NEGERI SUBANG,Vokasi,24343002,PEMELIHARAAN MESIN,Diploma Tiga,26,77,2.9615384615384617,76,76,Tidak Ada
434,POLITEKNIK NEGERI SUBANG,Vokasi,24343003,SISTEM INFORMASI,Diploma Tiga,32,106,3.3125,80,80,Tidak Ada
434,POLITEKNIK NEGERI SUBANG,Vokasi,24343004,KEPERAWATAN,Diploma Tiga,58,282,4.862068965517241,77,77,Tidak Ada
452,POLITEKNIK NEGERI SEMARANG,Vokasi,24522001,TEKNIK PERAWATAN DAN PERBAIKAN GEDUNG,Sarjana Terapan,24,215,8.958333333333334,83,83,Tidak Ada
452,POLITEKNIK NEGERI SEMARANG,Vokasi,24522002,PERANCANGAN JALAN DAN JEMBATAN,Sarjana Terapan,16,133,8.3125,85,85,Tidak Ada
452,POLITEKNIK NEGERI SEMARANG,Vokasi,24522003,TEKNIK MESIN PRODUKSI DAN PERAWATAN,Sarjana Terapan,22,213,9.681818181818182,85,85,Tidak Ada
452,POLITEKNIK NEGERI SEMARANG,Vokasi,24522004,TEKNOLOGI REKAYASA PEMBANGKIT ENERGI,Sarjana Terapan,22,158,7.181818181818182,85,85,Tidak Ada
452,POLITEKNIK NEGERI SEMARANG,Vokasi,24522005,TEKNIK TELEKOMUNIKASI,Sarjana Terapan,36,260,7.222222222222222,80,80,Tidak Ada
452,POLITEKNIK NEGERI SEMARANG,Vokasi,24522006,TEKNOLOGI REKAYASA INSTALASI LISTRIK,Sarjana Terapan,22,154,7.0,87,87,Tidak Ada
452,POLITEKNIK NEGERI SEMARANG,Vokasi,24522007,TEKNOLOGI REKAYASA KOMPUTER,Sarjana Terapan,24,225,9.375,87,87,Tidak Ada
452,POLITEKNIK NEGERI SEMARANG,Vokasi,24522008,KOMPUTERISASI AKUNTANSI,Sarjana Terapan,36,263,7.305555555555555,84,84,Tidak Ada
452,POLITEKNIK NEGERI SEMARANG,Vokasi,24522009,TEKNOLOGI REKAYASA ELEKTRONIKA,Sarjana Terapan,32,226,7.0625,82,82,Tidak Ada
452,POLITEKNIK NEGERI SEMARANG,Vokasi,24522010,PERBANKAN SYARIAH,Sarjana Terapan,36,175,4.861111111111111,81,81,Tidak Ada
452,POLITEKNIK NEGERI SEMARANG,Vokasi,24522011,ANALISIS KEUANGAN,Sarjana Terapan,36,267,7.416666666666667,80,80,Tidak Ada
452,POLITEKNIK NEGERI SEMARANG,Vokasi,24522012,AKUNTANSI MANAJERIAL,Sarjana Terapan,36,274,7.611111111111111,86,86,Tidak Ada
452,POLITEKNIK NEGERI SEMARANG,Vokasi,24522013,MANAJEMEN BISNIS INTERNASIONAL,Sarjana Terapan,36,296,8.222222222222221,87,87,Tidak Ada
452,POLITEKNIK NEGERI SEMARANG,Vokasi,24522014,ADMINISTRASI BISNIS TERAPAN,Sarjana Terapan,36,410,11.38888888888889,88,88,Tidak Ada
452,POLITEKNIK NEGERI SEMARANG,Vokasi,24523015,MANAJEMEN PEMASARAN/MARKETING,Diploma Tiga,36,205,5.694444444444445,83,83,Tidak Ada
452,POLITEKNIK NEGERI SEMARANG,Vokasi,24523016,ADMINISTRASI BISNIS,Diploma Tiga,36,317,8.805555555555555,85,85,Tidak Ada
452,POLITEKNIK NEGERI SEMARANG,Vokasi,24523017,TEKNIK INFORMATIKA,Diploma Tiga,32,317,9.90625,87,87,Tidak Ada
452,POLITEKNIK NEGERI SEMARANG,Vokasi,24523018,KEUANGAN DAN PERBANKAN,Diploma Tiga,36,210,5.833333333333333,81,81,Tidak Ada
452,POLITEKNIK NEGERI SEMARANG,Vokasi,24523019,TEKNIK MESIN,Diploma Tiga,58,533,9.189655172413794,84,84,Tidak Ada
452,POLITEKNIK NEGERI SEMARANG,Vokasi,24523020,TEKNIK LISTRIK,Diploma Tiga,29,177,6.103448275862069,85,85,Tidak Ada
452,POLITEKNIK NEGERI SEMARANG,Vokasi,24523021,KONSTRUKSI SIPIL,Diploma Tiga,32,218,6.8125,86,86,Tidak Ada
452,POLITEKNIK NEGERI SEMARANG,Vokasi,24523022,TEKNIK KONVERSI ENERGI,Diploma Tiga,36,120,3.3333333333333335,80,80,Tidak Ada
452,POLITEKNIK NEGERI SEMARANG,Vokasi,24523023,AKUNTANSI,Diploma Tiga,54,319,5.907407407407407,86,86,Tidak Ada
452,POLITEKNIK NEGERI SEMARANG,Vokasi,24523024,TEKNIK ELEKTRONIKA,Diploma Tiga,32,217,6.78125,84,84,Tidak Ada
452,POLITEKNIK NEGERI SEMARANG,Vokasi,24523025,TEKNIK TELEKOMUNIKASI,Diploma Tiga,29,96,3.310344827586207,77,77,Tidak Ada
452,POLITEKNIK NEGERI SEMARANG,Vokasi,24523026,KONSTRUKSI GEDUNG,Diploma Tiga,32,131,4.09375,82,82,Tidak Ada
453,POLITEKNIK NEGERI CILACAP,Vokasi,24532001,TEKNIK PENGENDALIAN PENCEMARAN LINGKUNGAN,Sarjana Terapan,45,134,2.977777777777778,80,80,Tidak Ada
453,POLITEKNIK NEGERI CILACAP,Vokasi,24532002,PENGEMBANGAN PRODUK AGROINDUSTRI,Sarjana Terapan,34,87,2.5588235294117645,78,78,Tidak Ada
453,POLITEKNIK NEGERI CILACAP,Vokasi,24532007,REKAYASA KEAMANAN SIBER,Sarjana Terapan,34,89,2.6176470588235294,76,76,Tidak Ada
453,POLITEKNIK NEGERI CILACAP,Vokasi,24532008,AKUNTANSI LEMBAGA KEUANGAN SYARIAH,Sarjana Terapan,34,86,2.5294117647058822,80,80,Tidak Ada
453,POLITEKNIK NEGERI CILACAP,Vokasi,24532009,TEKNOLOGI REKAYASA MEKATRONIKA,Sarjana Terapan,26,58,2.230769230769231,76,76,Tidak Ada
453,POLITEKNIK NEGERI CILACAP,Vokasi,24532010,TEKNOLOGI REKAYASA MULTIMEDIA,Sarjana Terapan,34,78,2.2941176470588234,81,81,Tidak Ada
453,POLITEKNIK NEGERI CILACAP,Vokasi,24532011,TEKNOLOGI REKAYASA ENERGI TERBARUKAN,Sarjana Terapan,23,52,2.260869565217391,82,82,Tidak Ada
453,POLITEKNIK NEGERI CILACAP,Vokasi,24532012,TEKNOLOGI REKAYASA KIMIA INDUSTRI,Sarjana Terapan,12,18,1.5,75,75,Tidak Ada
453,POLITEKNIK NEGERI CILACAP,Vokasi,24532013,TEKNOLOGI REKAYASA PERANGKAT LUNAK,Sarjana Terapan,23,28,1.2173913043478262,82,82,Tidak Ada
453,POLITEKNIK NEGERI CILACAP,Vokasi,24533003,TEKNIK LISTRIK,Diploma Tiga,34,84,2.4705882352941178,76,76,Tidak Ada
453,POLITEKNIK NEGERI CILACAP,Vokasi,24533004,TEKNIK INFORMATIKA,Diploma Tiga,45,179,3.977777777777778,79,79,Tidak Ada
453,POLITEKNIK NEGERI CILACAP,Vokasi,24533005,TEKNIK ELEKTRONIKA,Diploma Tiga,34,88,2.588235294117647,80,80,Tidak Ada
453,POLITEKNIK NEGERI CILACAP,Vokasi,24533006,TEKNIK MESIN,Diploma Tiga,34,157,4.617647058823529,78,78,Tidak Ada
454,POLITEKNIK MARITIM NEGERI INDONESIA,Vokasi,24542004,TRANSPORTASI LAUT,Sarjana Terapan,83,128,1.5421686746987953,76,76,Tidak Ada
454,POLITEKNIK MARITIM NEGERI INDONESIA,Vokasi,24542005,NAUTIKA,Sarjana Terapan,40,127,3.175,82,82,Tidak Ada
454,POLITEKNIK MARITIM NEGERI INDONESIA,Vokasi,24542006,TEKNOLOGI REKAYASA PERMESINAN KAPAL,Sarjana Terapan,40,34,0.85,80,80,Tidak Ada
454,POLITEKNIK MARITIM NEGERI INDONESIA,Vokasi,24542007,TEKNOLOGI REKAYASA MEKATRONIKA,Sarjana Terapan,50,5,0.1,79,79,Tidak Ada
454,POLITEKNIK MARITIM NEGERI INDONESIA,Vokasi,24542008,BISNIS DAN LOGISTIK MARITIM,Sarjana Terapan,66,88,1.3333333333333333,81,81,Tidak Ada
454,POLITEKNIK MARITIM NEGERI INDONESIA,Vokasi,24543009,NAUTIKA,Diploma Tiga,26,17,0.6538461538461539,78,78,Tidak Ada
454,POLITEKNIK MARITIM NEGERI INDONESIA,Vokasi,24543010,TEKNIKA,Diploma Tiga,40,48,1.2,76,76,Tidak Ada
471,POLITEKNIK NEGERI BANYUWANGI,Vokasi,24712001,AGRIBISNIS,Sarjana Terapan,75,113,1.5066666666666666,79,79,Tidak Ada
471,POLITEKNIK NEGERI BANYUWANGI,Vokasi,24712002,TEKNOLOGI PENGOLAHAN HASIL TERNAK,Sarjana Terapan,45,27,0.6,77,77,Tidak Ada
471,POLITEKNIK NEGERI BANYUWANGI,Vokasi,24712003,TEKNIK MANUFAKTUR KAPAL,Sarjana Terapan,30,36,1.2,78,78,Tidak Ada
471,POLITEKNIK NEGERI BANYUWANGI,Vokasi,24712004,MANAJEMEN BISNIS PARIWISATA,Sarjana Terapan,60,218,3.6333333333333333,81,81,Tidak Ada
471,POLITEKNIK NEGERI BANYUWANGI,Vokasi,24712005,TEKNOLOGI REKAYASA MANUFAKTUR,Sarjana Terapan,45,44,0.9777777777777777,78,78,Tidak Ada
471,POLITEKNIK NEGERI BANYUWANGI,Vokasi,24712006,TEKNOLOGI REKAYASA PERANGKAT LUNAK,Sarjana Terapan,75,117,1.56,79,79,Tidak Ada
471,POLITEKNIK NEGERI BANYUWANGI,Vokasi,24712008,TEKNOLOGI REKAYASA KOMPUTER,Sarjana Terapan,37,63,1.7027027027027026,75,75,Tidak Ada
471,POLITEKNIK NEGERI BANYUWANGI,Vokasi,24712009,BISNIS DIGITAL,Sarjana Terapan,45,151,3.3555555555555556,75,75,Tidak Ada
471,POLITEKNIK NEGERI BANYUWANGI,Vokasi,24712010,TEKNOLOGI REKAYASA KONSTRUKSI JALAN DAN JEMBATAN,Sarjana Terapan,30,21,0.7,82,82,Tidak Ada
471,POLITEKNIK NEGERI BANYUWANGI,Vokasi,24712011,TEKNOLOGI PRODUKSI TERNAK,Sarjana Terapan,30,13,0.43333333333333335,80,80,Tidak Ada
471,POLITEKNIK NEGERI BANYUWANGI,Vokasi,24712012,PENGEMBANGAN PRODUK AGROINDUSTRI,Sarjana Terapan,30,16,0.5333333333333333,78,78,Tidak Ada
471,POLITEKNIK NEGERI BANYUWANGI,Vokasi,24712013,TEKNOLOGI BUDI DAYA PERIKANAN/TEKNOLOGI AKUAKULTUR,Sarjana Terapan,30,21,0.7,76,76,Tidak Ada
471,POLITEKNIK NEGERI BANYUWANGI,Vokasi,24712014,TEKNOLOGI PRODUKSI TANAMAN PANGAN,Sarjana Terapan,30,36,1.2,76,76,Tidak Ada
471,POLITEKNIK NEGERI BANYUWANGI,Vokasi,24712015,PENGELOLAAN PERHOTELAN,Sarjana Terapan,30,81,2.7,80,80,Tidak Ada
471,POLITEKNIK NEGERI BANYUWANGI,Vokasi,24712016,DESTINASI PARIWISATA,Sarjana Terapan,30,72,2.4,77,77,Tidak Ada
471,POLITEKNIK NEGERI BANYUWANGI,Vokasi,24712017,MANAJEMEN KONSTRUKSI,Sarjana Terapan,15,10,0.6666666666666666,76,76,Tidak Ada
471,POLITEKNIK NEGERI BANYUWANGI,Vokasi,24712018,TEKNOLOGI REKAYASA KONSTRUKSI BANGUNAN GEDUNG,Sarjana Terapan,15,13,0.8666666666666667,80,80,Tidak Ada
471,POLITEKNIK NEGERI BANYUWANGI,Vokasi,24712019,TEKNOLOGI REKAYASA OTOMOTIF,Sarjana Terapan,30,0,0.0,76,76,Tidak Ada
471,POLITEKNIK NEGERI BANYUWANGI,Vokasi,24713007,TEKNIK SIPIL,Diploma Tiga,60,52,0.8666666666666667,80,80,Tidak Ada
472,POLITEKNIK NEGERI JEMBER,Vokasi,24722001,GIZI KLINIK,Sarjana Terapan,83,316,3.8072289156626504,75,75,Tidak Ada
472,POLITEKNIK NEGERI JEMBER,Vokasi,24722002,MANAJEMEN AGROINDUSTRI,Sarjana Terapan,99,128,1.292929292929293,82,82,Tidak Ada
472,POLITEKNIK NEGERI JEMBER,Vokasi,24722003,TEKNIK ENERGI TERBARUKAN,Sarjana Terapan,66,99,1.5,82,82,Tidak Ada
472,POLITEKNIK NEGERI JEMBER,Vokasi,24722004,TEKNIK PRODUKSI TANAMAN PANGAN,Sarjana Terapan,50,82,1.64,78,78,Tidak Ada
472,POLITEKNIK NEGERI JEMBER,Vokasi,24722005,MANAGEMEN BISNIS UNGGAS,Sarjana Terapan,66,49,0.7424242424242424,77,77,Tidak Ada
472,POLITEKNIK NEGERI JEMBER,Vokasi,24722006,TEKNIK INFORMATIKA,Sarjana Terapan,99,339,3.4242424242424243,75,75,Tidak Ada
472,POLITEKNIK NEGERI JEMBER,Vokasi,24722007,TEKNIK PRODUKSI BENIH,Sarjana Terapan,50,44,0.88,82,82,Tidak Ada
472,POLITEKNIK NEGERI JEMBER,Vokasi,24722008,MANAJEMEN INFORMASI KESEHATAN,Sarjana Terapan,99,285,2.878787878787879,75,75,Tidak Ada
472,POLITEKNIK NEGERI JEMBER,Vokasi,24722009,MESIN OTOMOTIF,Sarjana Terapan,66,149,2.257575757575758,75,75,Tidak Ada
472,POLITEKNIK NEGERI JEMBER,Vokasi,24722010,BUDIDAYA TANAMAN PERKEBUNAN,Sarjana Terapan,50,57,1.14,75,75,Tidak Ada
472,POLITEKNIK NEGERI JEMBER,Vokasi,24722011,TEKNOLOGI REKAYASA PANGAN,Sarjana Terapan,66,93,1.4090909090909092,82,82,Tidak Ada
472,POLITEKNIK NEGERI JEMBER,Vokasi,24722012,PENGELOLAAN PERKEBUNAN KOPI,Sarjana Terapan,33,27,0.8181818181818182,82,82,Tidak Ada
472,POLITEKNIK NEGERI JEMBER,Vokasi,24722013,TEKNOLOGI REKAYASA MEKATRONIKA,Sarjana Terapan,66,88,1.3333333333333333,76,76,Tidak Ada
472,POLITEKNIK NEGERI JEMBER,Vokasi,24722014,PSDKU TEKNIK INFORMATIKA KAB. NGANJUK,Sarjana Terapan,50,67,1.34,78,78,Tidak Ada
472,POLITEKNIK NEGERI JEMBER,Vokasi,24722015,TEKNOLOGI PAKAN TERNAK,Sarjana Terapan,50,50,1.0,78,78,Tidak Ada
472,POLITEKNIK NEGERI JEMBER,Vokasi,24722016,PSDKU MANAJEMEN AGROINDUSTRI KAB. SIDOARJO,Sarjana Terapan,33,13,0.3939393939393939,79,79,Tidak Ada
472,POLITEKNIK NEGERI JEMBER,Vokasi,24722017,PSDKU TEKNIK INFORMATIKA KAB. SIDOARJO,Sarjana Terapan,50,35,0.7,75,75,Tidak Ada
472,POLITEKNIK NEGERI JEMBER,Vokasi,24722018,PROMOSI KESEHATAN,Sarjana Terapan,66,89,1.3484848484848484,81,81,Tidak Ada
472,POLITEKNIK NEGERI JEMBER,Vokasi,24722019,BISNIS DIGITAL,Sarjana Terapan,66,132,2.0,76,76,Tidak Ada
472,POLITEKNIK NEGERI JEMBER,Vokasi,24722020,AKUNTANSI SEKTOR PUBLIK,Sarjana Terapan,83,144,1.7349397590361446,77,77,Tidak Ada
472,POLITEKNIK NEGERI JEMBER,Vokasi,24722021,MANAJEMEN PEMASARAN INTERNASIONAL,Sarjana Terapan,83,135,1.6265060240963856,77,77,Tidak Ada
472,POLITEKNIK NEGERI JEMBER,Vokasi,24722022,DESTINASI PARIWISATA,Sarjana Terapan,66,111,1.6818181818181819,80,80,Tidak Ada
472,POLITEKNIK NEGERI JEMBER,Vokasi,24722033,PSDKU MANAJEMEN AGRIBISNIS KAB. NGAWI,Sarjana Terapan,33,29,0.8787878787878788,79,79,Tidak Ada
472,POLITEKNIK NEGERI JEMBER,Vokasi,24722034,PSDKU MANAJEMEN INFORMASI KESEHATAN KAB. NGAWI,Sarjana Terapan,33,60,1.8181818181818181,78,78,Tidak Ada
472,POLITEKNIK NEGERI JEMBER,Vokasi,24722035,PRODUKSI MEDIA KAMPUS BONDOWOSO,Sarjana Terapan,33,26,0.7878787878787878,82,82,Tidak Ada
472,POLITEKNIK NEGERI JEMBER,Vokasi,24722036,PSDKU TEKNOLOGI REKAYASA PERANGKAT LUNAK KAB. SABU RAIJUA,Sarjana Terapan,33,0,0.0,82,82,Tidak Ada
472,POLITEKNIK NEGERI JEMBER,Vokasi,24722037,TEKNOLOGI REKAYASA KOMPUTER,Sarjana Terapan,50,0,0.0,79,79,Tidak Ada
472,POLITEKNIK NEGERI JEMBER,Vokasi,24722038,MANAJEMEN AGRIBISNIS KAMPUS BONDOWOSO,Sarjana Terapan,33,0,0.0,76,76,Tidak Ada
472,POLITEKNIK NEGERI JEMBER,Vokasi,24722039,TEKNOLOGI REKAYASA PENGEMASAN,Sarjana Terapan,33,0,0.0,80,80,Tidak Ada
472,POLITEKNIK NEGERI JEMBER,Vokasi,24723023,MANAJEMEN AGRIBISNIS,Diploma Tiga,66,85,1.2878787878787878,82,82,Tidak Ada
472,POLITEKNIK NEGERI JEMBER,Vokasi,24723024,PRODUKSI TANAMAN HORTIKULTURA,Diploma Tiga,33,16,0.48484848484848486,78,78,Tidak Ada
472,POLITEKNIK NEGERI JEMBER,Vokasi,24723025,PRODUKSI TANAMAN PERKEBUNAN,Diploma Tiga,33,16,0.48484848484848486,77,77,Tidak Ada
472,POLITEKNIK NEGERI JEMBER,Vokasi,24723026,TEKNOLOGI INDUSTRI PANGAN,Diploma Tiga,66,42,0.6363636363636364,78,78,Tidak Ada
472,POLITEKNIK NEGERI JEMBER,Vokasi,24723027,BAHASA INGGRIS,Diploma Tiga,50,24,0.48,82,82,Tidak Ada
472,POLITEKNIK NEGERI JEMBER,Vokasi,24723028,PRODUKSI TERNAK,Diploma Tiga,50,45,0.9,79,79,Tidak Ada
472,POLITEKNIK NEGERI JEMBER,Vokasi,24723029,MANAJEMEN INFORMATIKA,Diploma Tiga,83,97,1.1686746987951808,80,80,Tidak Ada
472,POLITEKNIK NEGERI JEMBER,Vokasi,24723030,MANAJEMEN AGRIBISNIS (KAMPUS KAB. NGANJUK),Diploma Tiga,33,28,0.8484848484848485,82,82,Tidak Ada
472,POLITEKNIK NEGERI JEMBER,Vokasi,24723031,KETEKNIKAN PERTANIAN,Diploma Tiga,50,39,0.78,76,76,Tidak Ada
472,POLITEKNIK NEGERI JEMBER,Vokasi,24723032,TEKNIK KOMPUTER,Diploma Tiga,83,74,0.891566265060241,77,77,Tidak Ada
473,POLITEKNIK NEGERI MADIUN,Vokasi,24732001,PERKERETAAPIAN,Sarjana Terapan,36,582,16.166666666666668,88,88,Tidak Ada
473,POLITEKNIK NEGERI MADIUN,Vokasi,24732006,AKUNTANSI PERPAJAKAN,Sarjana Terapan,41,249,6.073170731707317,87,87,Tidak Ada
473,POLITEKNIK NEGERI MADIUN,Vokasi,24732009,TEKNOLOGI REKAYASA OTOMOTIF,Sarjana Terapan,36,138,3.8333333333333335,82,82,Tidak Ada
473,POLITEKNIK NEGERI MADIUN,Vokasi,24732010,TEKNOLOGI REKAYASA PERANGKAT LUNAK,Sarjana Terapan,23,83,3.608695652173913,81,81,Tidak Ada
473,POLITEKNIK NEGERI MADIUN,Vokasi,24732011,AKUNTANSI SEKTOR PUBLIK,Sarjana Terapan,32,134,4.1875,80,80,Tidak Ada
473,POLITEKNIK NEGERI MADIUN,Vokasi,24732012,PEMASARAN DIGITAL,Sarjana Terapan,23,134,5.826086956521739,86,86,Tidak Ada
473,POLITEKNIK NEGERI MADIUN,Vokasi,24732013,TEKNOLOGI REKAYASA ELEKTRONIKA,Sarjana Terapan,18,57,3.1666666666666665,81,81,Tidak Ada
473,POLITEKNIK NEGERI MADIUN,Vokasi,24732014,TEKNOLOGI REKAYASA OTOMASI,Sarjana Terapan,18,35,1.9444444444444444,80,80,Tidak Ada
473,POLITEKNIK NEGERI MADIUN,Vokasi,24732015,BAHASA INGGRIS UNTUK KOMUNIKASI BISNIS DAN PROFESIONAL,Sarjana Terapan,18,70,3.888888888888889,79,79,Tidak Ada
473,POLITEKNIK NEGERI MADIUN,Vokasi,24733002,AKUNTANSI,Diploma Tiga,41,136,3.317073170731707,77,77,Tidak Ada
473,POLITEKNIK NEGERI MADIUN,Vokasi,24733003,TEKNOLOGI INFORMASI,Diploma Tiga,36,120,3.3333333333333335,77,77,Tidak Ada
473,POLITEKNIK NEGERI MADIUN,Vokasi,24733004,TEKNIK KOMPUTER KONTROL,Diploma Tiga,36,65,1.8055555555555556,79,79,Tidak Ada
473,POLITEKNIK NEGERI MADIUN,Vokasi,24733005,BAHASA INGGRIS,Diploma Tiga,18,43,2.388888888888889,80,80,Tidak Ada
473,POLITEKNIK NEGERI MADIUN,Vokasi,24733007,TEKNIK LISTRIK,Diploma Tiga,36,100,2.7777777777777777,79,79,Tidak Ada
473,POLITEKNIK NEGERI MADIUN,Vokasi,24733008,ADMINISTRASI BISNIS,Diploma Tiga,36,243,6.75,83,83,Tidak Ada
474,POLITEKNIK NEGERI MALANG,Vokasi,24742001,TEKNIK JARINGAN TELEKOMUNIKASI DIGITAL,Sarjana Terapan,46,241,5.239130434782608,83,83,Tidak Ada
474,POLITEKNIK NEGERI MALANG,Vokasi,24742002,MANAJEMEN REKAYASA KONSTRUKSI,Sarjana Terapan,46,185,4.021739130434782,78,78,Tidak Ada
474,POLITEKNIK NEGERI MALANG,Vokasi,24742003,SISTEM KELISTRIKAN,Sarjana Terapan,40,217,5.425,86,86,Tidak Ada
474,POLITEKNIK NEGERI MALANG,Vokasi,24742004,TEKNIK ELEKTRONIKA,Sarjana Terapan,58,427,7.362068965517241,83,83,Tidak Ada
474,POLITEKNIK NEGERI MALANG,Vokasi,24742005,TEKNIK INFORMATIKA,Sarjana Terapan,82,700,8.536585365853659,81,81,Tidak Ada
474,POLITEKNIK NEGERI MALANG,Vokasi,24742006,TEKNOLOGI KIMIA INDUSTRI,Sarjana Terapan,53,284,5.3584905660377355,86,86,Tidak Ada
474,POLITEKNIK NEGERI MALANG,Vokasi,24742007,TEKNIK MESIN PRODUKSI DAN PERAWATAN,Sarjana Terapan,53,385,7.264150943396227,83,83,Tidak Ada
474,POLITEKNIK NEGERI MALANG,Vokasi,24742008,TEKNIK OTOMOTIF ELEKTRONIK,Sarjana Terapan,43,158,3.6744186046511627,75,75,Tidak Ada
474,POLITEKNIK NEGERI MALANG,Vokasi,24742009,TEKNOLOGI REKAYASA KONSTRUKSI JALAN DAN JEMBATAN,Sarjana Terapan,19,136,7.157894736842105,84,84,Tidak Ada
474,POLITEKNIK NEGERI MALANG,Vokasi,24742010,TEKNIK ELEKTRONIKA (PSDKU KEDIRI),Sarjana Terapan,24,131,5.458333333333333,87,87,Tidak Ada
474,POLITEKNIK NEGERI MALANG,Vokasi,24742011,TEKNIK MESIN PRODUKSI DAN PERAWATAN (PSDKU KEDIRI),Sarjana Terapan,36,153,4.25,80,80,Tidak Ada
474,POLITEKNIK NEGERI MALANG,Vokasi,24742012,TEKNOLOGI REKAYASA OTOMOTIF (PSDKU LUMAJANG),Sarjana Terapan,24,36,1.5,79,79,Tidak Ada
474,POLITEKNIK NEGERI MALANG,Vokasi,24742013,TEKNIK OTOMOTIF ELEKTRONIK (PSDKU PAMEKASAN),Sarjana Terapan,10,4,0.4,81,81,Tidak Ada
474,POLITEKNIK NEGERI MALANG,Vokasi,24742014,AKUNTANSI MANAJEMEN,Sarjana Terapan,77,459,5.961038961038961,81,81,Tidak Ada
474,POLITEKNIK NEGERI MALANG,Vokasi,24742015,KEUANGAN,Sarjana Terapan,29,186,6.413793103448276,80,80,Tidak Ada
474,POLITEKNIK NEGERI MALANG,Vokasi,24742016,MANAJEMEN PEMASARAN,Sarjana Terapan,67,306,4.567164179104478,80,80,Tidak Ada
474,POLITEKNIK NEGERI MALANG,Vokasi,24742017,BAHASA INGGRIS UNTUK KOMUNIKASI BISNIS DAN PROFESIONAL,Sarjana Terapan,29,162,5.586206896551724,83,83,Tidak Ada
474,POLITEKNIK NEGERI MALANG,Vokasi,24742018,PENGELOLAAN ARSIP DAN REKAMAN INFORMASI,Sarjana Terapan,19,140,7.368421052631579,87,87,Tidak Ada
474,POLITEKNIK NEGERI MALANG,Vokasi,24742019,USAHA PERJALANAN WISATA,Sarjana Terapan,19,77,4.052631578947368,76,76,Tidak Ada
474,POLITEKNIK NEGERI MALANG,Vokasi,24742020,KEUANGAN (PSDKU KEDIRI),Sarjana Terapan,36,239,6.638888888888889,86,86,Tidak Ada
474,POLITEKNIK NEGERI MALANG,Vokasi,24742021,AKUNTANSI MANAJEMEN (PSDKU PAMEKASAN),Sarjana Terapan,10,12,1.2,80,80,Tidak Ada
474,POLITEKNIK NEGERI MALANG,Vokasi,24742035,SISTEM INFORMASI BISNIS,Sarjana Terapan,62,295,4.758064516129032,76,76,Tidak Ada
474,POLITEKNIK NEGERI MALANG,Vokasi,24742039,BAHASA INGGRIS UNTUK INDUSTRI PARIWISATA,Sarjana Terapan,19,101,5.315789473684211,84,84,Tidak Ada
474,POLITEKNIK NEGERI MALANG,Vokasi,24743022,TEKNOLOGI PERTAMBANGAN,Diploma Tiga,29,248,8.551724137931034,84,84,Tidak Ada
474,POLITEKNIK NEGERI MALANG,Vokasi,24743023,TEKNIK KIMIA,Diploma Tiga,43,144,3.3488372093023258,79,79,Tidak Ada
474,POLITEKNIK NEGERI MALANG,Vokasi,24743024,"TEKNOLOGI KONSTRUKSI JALAN, JEMBATAN, DAN BANGUNAN AIR",Diploma Tiga,29,58,2.0,77,77,Tidak Ada
474,POLITEKNIK NEGERI MALANG,Vokasi,24743025,TEKNOLOGI SIPIL (KAMPUS KAB LUMAJANG),Diploma Tiga,31,42,1.3548387096774193,76,76,Tidak Ada
474,POLITEKNIK NEGERI MALANG,Vokasi,24743026,TEKNOLOGI INFORMASI (KAMPUS KAB LUMAJANG),Diploma Tiga,36,57,1.5833333333333333,79,79,Tidak Ada
474,POLITEKNIK NEGERI MALANG,Vokasi,24743027,TEKNIK LISTRIK,Diploma Tiga,31,112,3.6129032258064515,80,80,Tidak Ada
474,POLITEKNIK NEGERI MALANG,Vokasi,24743028,"AKUNTANSI, KAMPUS KEDIRI",Diploma Tiga,60,209,3.4833333333333334,81,81,Tidak Ada
474,POLITEKNIK NEGERI MALANG,Vokasi,24743029,"TEKNIK MESIN, KAMPUS KEDIRI",Diploma Tiga,52,118,2.269230769230769,80,80,Tidak Ada
474,POLITEKNIK NEGERI MALANG,Vokasi,24743030,MANAJEMEN INFORMATIKA (KAMPUS KAB PAMEKASAN),Diploma Tiga,10,11,1.1,82,82,Tidak Ada
474,POLITEKNIK NEGERI MALANG,Vokasi,24743031,AKUNTANSI (KAMPUS KAB LUMAJANG),Diploma Tiga,36,48,1.3333333333333333,76,76,Tidak Ada
474,POLITEKNIK NEGERI MALANG,Vokasi,24743032,ADMINISTRASI BISNIS,Diploma Tiga,58,248,4.275862068965517,75,75,Tidak Ada
474,POLITEKNIK NEGERI MALANG,Vokasi,24743033,AKUNTANSI,Diploma Tiga,48,155,3.2291666666666665,79,79,Tidak Ada
474,POLITEKNIK NEGERI MALANG,Vokasi,24743034,"MANAJEMEN INFORMATIKA, KAMPUS KEDIRI",Diploma Tiga,60,179,2.9833333333333334,80,80,Tidak Ada
474,POLITEKNIK NEGERI MALANG,Vokasi,24743036,TEKNIK MESIN,Diploma Tiga,67,386,5.7611940298507465,83,83,Tidak Ada
474,POLITEKNIK NEGERI MALANG,Vokasi,24743037,TEKNIK SIPIL,Diploma Tiga,30,222,7.4,82,82,Tidak Ada
474,POLITEKNIK NEGERI MALANG,Vokasi,24743038,TEKNIK ELEKTRONIKA,Diploma Tiga,46,96,2.0869565217391304,77,77,Tidak Ada
474,POLITEKNIK NEGERI MALANG,Vokasi,24743041,TEKNIK TELEKOMUNIKASI,Diploma Tiga,32,65,2.03125,82,82,Tidak Ada
474,POLITEKNIK NEGERI MALANG,Vokasi,24743042,TEKNOLOGI PEMELIHARAAN PESAWAT UDARA,Diploma Tiga,15,0,0.0,78,78,Tidak Ada
481,POLITEKNIK PERKAPALAN NEGERI SURABAYA,Vokasi,24812001,TEKNIK KESELAMATAN DAN KESEHATAN KERJA,Sarjana Terapan,94,966,10.27659574468085,87,87,Tidak Ada
481,POLITEKNIK PERKAPALAN NEGERI SURABAYA,Vokasi,24812002,TEKNIK DESAIN DAN MANUFAKTUR,Sarjana Terapan,36,150,4.166666666666667,75,75,Tidak Ada
481,POLITEKNIK PERKAPALAN NEGERI SURABAYA,Vokasi,24812003,TEKNIK PENGELASAN,Sarjana Terapan,36,298,8.277777777777779,83,83,Tidak Ada
481,POLITEKNIK PERKAPALAN NEGERI SURABAYA,Vokasi,24812004,TEKNIK PERPIPAAN,Sarjana Terapan,49,149,3.0408163265306123,76,76,Tidak Ada
481,POLITEKNIK PERKAPALAN NEGERI SURABAYA,Vokasi,24812005,TEKNIK OTOMASI,Sarjana Terapan,49,178,3.63265306122449,76,76,Tidak Ada
481,POLITEKNIK PERKAPALAN NEGERI SURABAYA,Vokasi,24812006,TEKNIK PENGOLAHAN LIMBAH,Sarjana Terapan,49,227,4.63265306122449,77,77,Tidak Ada
481,POLITEKNIK PERKAPALAN NEGERI SURABAYA,Vokasi,24812008,TEKNIK PERANCANGAN DAN KONSTRUKSI KAPAL,Sarjana Terapan,41,162,3.951219512195122,77,77,Tidak Ada
481,POLITEKNIK PERKAPALAN NEGERI SURABAYA,Vokasi,24812009,TEKNIK PERMESINAN KAPAL,Sarjana Terapan,41,276,6.7317073170731705,83,83,Tidak Ada
481,POLITEKNIK PERKAPALAN NEGERI SURABAYA,Vokasi,24812010,TEKNIK KELISTRIKAN KAPAL,Sarjana Terapan,41,199,4.853658536585366,82,82,Tidak Ada
481,POLITEKNIK PERKAPALAN NEGERI SURABAYA,Vokasi,24812011,MANAJEMEN BISNIS,Sarjana Terapan,75,289,3.8533333333333335,81,81,Tidak Ada
481,POLITEKNIK PERKAPALAN NEGERI SURABAYA,Vokasi,24812016,TEKNOLOGI REKAYASA ENERGI BERKELANJUTAN,Sarjana Terapan,22,84,3.8181818181818183,77,77,Tidak Ada
481,POLITEKNIK PERKAPALAN NEGERI SURABAYA,Vokasi,24812017,TEKNOLOGI REKAYASA KONSTRUKSI PERKAPALAN,Sarjana Terapan,22,47,2.1363636363636362,76,76,Tidak Ada
481,POLITEKNIK PERKAPALAN NEGERI SURABAYA,Vokasi,24812018,TEKNOLOGI REKAYASA INSTRUMENTASI,Sarjana Terapan,9,0,0.0,80,80,Tidak Ada
481,POLITEKNIK PERKAPALAN NEGERI SURABAYA,Vokasi,24813012,TEKNIK KELISTRIKAN KAPAL,Diploma Tiga,27,34,1.2592592592592593,81,81,Tidak Ada
481,POLITEKNIK PERKAPALAN NEGERI SURABAYA,Vokasi,24813013,TEKNIK PERMESINAN KAPAL,Diploma Tiga,27,57,2.111111111111111,82,82,Tidak Ada
481,POLITEKNIK PERKAPALAN NEGERI SURABAYA,Vokasi,24813014,TEKNIK PERANCANGAN DAN KONSTRUKSI KAPAL,Diploma Tiga,27,30,1.1111111111111112,77,77,Tidak Ada
481,POLITEKNIK PERKAPALAN NEGERI SURABAYA,Vokasi,24813015,TEKNIK BANGUNAN KAPAL,Diploma Tiga,27,35,1.2962962962962963,77,77,Tidak Ada
482,POLITEKNIK ELEKTRONIKA NEGERI SURABAYA (PENS),Vokasi,24822001,TEKNIK ELEKTRONIKA,Sarjana Terapan,45,436,9.688888888888888,81,81,Tidak Ada
482,POLITEKNIK ELEKTRONIKA NEGERI SURABAYA (PENS),Vokasi,24822002,TEKNIK TELEKOMUNIKASI,Sarjana Terapan,36,183,5.083333333333333,87,87,Tidak Ada
482,POLITEKNIK ELEKTRONIKA NEGERI SURABAYA (PENS),Vokasi,24822003,TEKNIK ELEKTRO INDUSTRI,Sarjana Terapan,36,482,13.38888888888889,87,87,Tidak Ada
482,POLITEKNIK ELEKTRONIKA NEGERI SURABAYA (PENS),Vokasi,24822004,TEKNIK INFORMATIKA,Sarjana Terapan,36,548,15.222222222222221,88,88,Tidak Ada
482,POLITEKNIK ELEKTRONIKA NEGERI SURABAYA (PENS),Vokasi,24822005,TEKNIK KOMPUTER,Sarjana Terapan,36,303,8.416666666666666,80,80,Tidak Ada
482,POLITEKNIK ELEKTRONIKA NEGERI SURABAYA (PENS),Vokasi,24822006,TEKNIK MEKATRONIKA,Sarjana Terapan,36,236,6.555555555555555,84,84,Tidak Ada
482,POLITEKNIK ELEKTRONIKA NEGERI SURABAYA (PENS),Vokasi,24822007,SISTEM PEMBANGKIT ENERGI,Sarjana Terapan,36,216,6.0,86,86,Tidak Ada
482,POLITEKNIK ELEKTRONIKA NEGERI SURABAYA (PENS),Vokasi,24822008,TEKNOLOGI GAME,Sarjana Terapan,36,161,4.472222222222222,75,75,Tidak Ada
482,POLITEKNIK ELEKTRONIKA NEGERI SURABAYA (PENS),Vokasi,24822009,TEKNOLOGI REKAYASA INTERNET,Sarjana Terapan,31,179,5.774193548387097,86,86,Tidak Ada
482,POLITEKNIK ELEKTRONIKA NEGERI SURABAYA (PENS),Vokasi,24822010,TEKNOLOGI REKAYASA MULTIMEDIA,Sarjana Terapan,31,162,5.225806451612903,81,81,Tidak Ada
482,POLITEKNIK ELEKTRONIKA NEGERI SURABAYA (PENS),Vokasi,24822011,SAINS DATA TERAPAN,Sarjana Terapan,31,211,6.806451612903226,83,83,Tidak Ada
482,POLITEKNIK ELEKTRONIKA NEGERI SURABAYA (PENS),Vokasi,24822022,BISNIS DIGITAL,Sarjana Terapan,27,0,0.0,81,81,Tidak Ada
482,POLITEKNIK ELEKTRONIKA NEGERI SURABAYA (PENS),Vokasi,24822023,TEKNOLOGI REKAYASA PERANCANGAN MANUFAKTUR,Sarjana Terapan,18,0,0.0,79,79,Tidak Ada
482,POLITEKNIK ELEKTRONIKA NEGERI SURABAYA (PENS),Vokasi,24822024,TEKNOLOGI REKAYASA KESELAMATAN,Sarjana Terapan,18,0,0.0,80,80,Tidak Ada
482,POLITEKNIK ELEKTRONIKA NEGERI SURABAYA (PENS),Vokasi,24823012,TEKNOLOGI MULTIMEDIA BROADCASTING (KAMPUS KAB LAMONGAN),Diploma Tiga,13,12,0.9230769230769231,80,80,Tidak Ada
482,POLITEKNIK ELEKTRONIKA NEGERI SURABAYA (PENS),Vokasi,24823013,TEKNIK ELEKTRO INDUSTRI,Diploma Tiga,22,83,3.772727272727273,82,82,Tidak Ada
482,POLITEKNIK ELEKTRONIKA NEGERI SURABAYA (PENS),Vokasi,24823015,TEKNIK INFORMATIKA (KAMPUS KAB SUMENEP),Diploma Tiga,9,9,1.0,81,81,Tidak Ada
482,POLITEKNIK ELEKTRONIKA NEGERI SURABAYA (PENS),Vokasi,24823016,TEKNIK ELEKTRONIKA,Diploma Tiga,18,63,3.5,77,77,Tidak Ada
482,POLITEKNIK ELEKTRONIKA NEGERI SURABAYA (PENS),Vokasi,24823017,TEKNOLOGI MULTIMEDIA BROADCASTING (KAMPUS KAB. SUMENEP),Diploma Tiga,9,8,0.8888888888888888,75,75,Tidak Ada
482,POLITEKNIK ELEKTRONIKA NEGERI SURABAYA (PENS),Vokasi,24823018,TEKNIK INFORMATIKA (KAMPUS KAB LAMONGAN),Diploma Tiga,18,28,1.5555555555555556,82,82,Tidak Ada
482,POLITEKNIK ELEKTRONIKA NEGERI SURABAYA (PENS),Vokasi,24823019,TEKNOLOGI MULTIMEDIA DAN BROADCASTING,Diploma Tiga,18,77,4.277777777777778,76,76,Tidak Ada
482,POLITEKNIK ELEKTRONIKA NEGERI SURABAYA (PENS),Vokasi,24823020,TEKNIK INFORMATIKA,Diploma Tiga,18,94,5.222222222222222,84,84,Tidak Ada
482,POLITEKNIK ELEKTRONIKA NEGERI SURABAYA (PENS),Vokasi,24823021,TEKNIK TELEKOMUNIKASI,Diploma Tiga,18,32,1.7777777777777777,79,79,Tidak Ada
483,POLITEKNIK NEGERI MADURA,Vokasi,24832005,TEKNOLOGI REKAYASA KESELAMATAN,Sarjana Terapan,35,58,1.6571428571428573,78,78,Tidak Ada
483,POLITEKNIK NEGERI MADURA,Vokasi,24832006,TEKNOLOGI REKAYASA OTOMASI,Sarjana Terapan,15,7,0.4666666666666667,81,81,Tidak Ada
483,POLITEKNIK NEGERI MADURA,Vokasi,24832007,PROMOSI KESEHATAN,Sarjana Terapan,35,90,2.5714285714285716,77,77,Tidak Ada
483,POLITEKNIK NEGERI MADURA,Vokasi,24832008,TEKNOLOGI REKAYASA INFORMATIKA INDUSTRI,Sarjana Terapan,30,0,0.0,76,76,Tidak Ada
483,POLITEKNIK NEGERI MADURA,Vokasi,24833001,TEKNIK MESIN ALAT BERAT,Diploma Tiga,35,60,1.7142857142857142,77,77,Tidak Ada
483,POLITEKNIK NEGERI MADURA,Vokasi,24833002,TEKNIK LISTRIK INDUSTRI,Diploma Tiga,30,38,1.2666666666666666,82,82,Tidak Ada
483,POLITEKNIK NEGERI MADURA,Vokasi,24833003,TEKNIK BANGUNAN KAPAL,Diploma Tiga,30,24,0.8,75,75,Tidak Ada
483,POLITEKNIK NEGERI MADURA,Vokasi,24833004,KEPERAWATAN,Diploma Tiga,75,259,3.453333333333333,82,82,Tidak Ada
515,POLITEKNIK NEGERI PONTIANAK,Vokasi,25152001,PERENCANAAN PERUMAHAN & PEMUKIMAN,Sarjana Terapan,35,75,2.142857142857143,75,75,Tidak Ada
515,POLITEKNIK NEGERI PONTIANAK,Vokasi,25152002,TEKNIK MESIN,Sarjana Terapan,23,114,4.956521739130435,76,76,Tidak Ada
515,POLITEKNIK NEGERI PONTIANAK,Vokasi,25152003,MANAJEMEN PERKEBUNAN,Sarjana Terapan,24,61,2.5416666666666665,82,82,Tidak Ada
515,POLITEKNIK NEGERI PONTIANAK,Vokasi,25152004,BUDIDAYA TANAMAN PERKEBUNAN,Sarjana Terapan,24,43,1.7916666666666667,77,77,Tidak Ada
515,POLITEKNIK NEGERI PONTIANAK,Vokasi,25152005,DESAIN KAWASAN BINAAN,Sarjana Terapan,15,7,0.4666666666666667,80,80,Tidak Ada
515,POLITEKNIK NEGERI PONTIANAK,Vokasi,25152006,ARSITEKTUR BANGUNAN GEDUNG,Sarjana Terapan,30,29,0.9666666666666667,75,75,Tidak Ada
515,POLITEKNIK NEGERI PONTIANAK,Vokasi,25152007,ADMINISTRASI NEGARA,Sarjana Terapan,45,294,6.533333333333333,81,81,Tidak Ada
515,POLITEKNIK NEGERI PONTIANAK,Vokasi,25152008,ADMINISTRASI BISNIS OTOMOTIF,Sarjana Terapan,23,41,1.7826086956521738,80,80,Tidak Ada
515,POLITEKNIK NEGERI PONTIANAK,Vokasi,25152009,AKUNTANSI SEKTOR PUBLIK,Sarjana Terapan,55,134,2.4363636363636365,81,81,Tidak Ada
515,POLITEKNIK NEGERI PONTIANAK,Vokasi,25152013,PENGOLAHAN HASIL PERKEBUNAN TERPADU,Sarjana Terapan,30,34,1.1333333333333333,77,77,Tidak Ada
515,POLITEKNIK NEGERI PONTIANAK,Vokasi,25152027,TEKNOLOGI REKAYASA SISTEM ELEKTRONIKA,Sarjana Terapan,21,51,2.4285714285714284,80,80,Tidak Ada
515,POLITEKNIK NEGERI PONTIANAK,Vokasi,25152028,PENGELOLAAN USAHA REKREASI,Sarjana Terapan,15,12,0.8,76,76,Tidak Ada
515,POLITEKNIK NEGERI PONTIANAK,Vokasi,25152029,TEKNOLOGI REKAYASA KONSTRUKSI JALAN DAN JEMBATAN,Sarjana Terapan,20,20,1.0,82,82,Tidak Ada
515,POLITEKNIK NEGERI PONTIANAK,Vokasi,25152032,AKUNTANSI SEKTOR PUBLIK (KAMPUS KAB.SUKAMARA),Sarjana Terapan,15,1,0.06666666666666667,76,76,Tidak Ada
515,POLITEKNIK NEGERI PONTIANAK,Vokasi,25152033,PENGOLAHAN DAN PENYIMPANAN HASIL PERIKANAN,Sarjana Terapan,12,10,0.8333333333333334,82,82,Tidak Ada
515,POLITEKNIK NEGERI PONTIANAK,Vokasi,25152034,AKUNTANSI PERPAJAKAN,Sarjana Terapan,18,93,5.166666666666667,82,82,Tidak Ada
515,POLITEKNIK NEGERI PONTIANAK,Vokasi,25152035,PERBANKAN DAN KEUANGAN DIGITAL,Sarjana Terapan,18,47,2.611111111111111,78,78,Tidak Ada
515,POLITEKNIK NEGERI PONTIANAK,Vokasi,25153010,BUDIDAYA PERIKANAN,Diploma Tiga,18,11,0.6111111111111112,76,76,Tidak Ada
515,POLITEKNIK NEGERI PONTIANAK,Vokasi,25153011,TEKNOLOGI BUDIDAYA PERIKANAN K. KAB. KAPUAS HULU,Diploma Tiga,6,3,0.5,79,79,Tidak Ada
515,POLITEKNIK NEGERI PONTIANAK,Vokasi,25153012,PENGELOLAAN HASIL PERKEBUNAN (KAMPUS KAB. SANGGAU),Diploma Tiga,15,9,0.6,81,81,Tidak Ada
515,POLITEKNIK NEGERI PONTIANAK,Vokasi,25153014,TEKNIK INFORMATIKA,Diploma Tiga,37,161,4.351351351351352,78,78,Tidak Ada
515,POLITEKNIK NEGERI PONTIANAK,Vokasi,25153015,TEKNIK LISTRIK,Diploma Tiga,21,80,3.8095238095238093,76,76,Tidak Ada
515,POLITEKNIK NEGERI PONTIANAK,Vokasi,25153016,ADMINISTRASI BISNIS,Diploma Tiga,45,242,5.377777777777778,82,82,Tidak Ada
515,POLITEKNIK NEGERI PONTIANAK,Vokasi,25153017,TEKNIK MESIN,Diploma Tiga,23,56,2.4347826086956523,75,75,Tidak Ada
515,POLITEKNIK NEGERI PONTIANAK,Vokasi,25153018,ARSITEKTUR,Diploma Tiga,30,42,1.4,80,80,Tidak Ada
515,POLITEKNIK NEGERI PONTIANAK,Vokasi,25153019,AKUNTANSI (KAMPUS KAB. SANGGAU),Diploma Tiga,23,18,0.782608695652174,80,80,Tidak Ada
515,POLITEKNIK NEGERI PONTIANAK,Vokasi,25153020,AKUNTANSI,Diploma Tiga,52,139,2.673076923076923,81,81,Tidak Ada
515,POLITEKNIK NEGERI PONTIANAK,Vokasi,25153021,TEKNIK SIPIL,Diploma Tiga,38,101,2.6578947368421053,82,82,Tidak Ada
515,POLITEKNIK NEGERI PONTIANAK,Vokasi,25153022,TEKNIK SIPIL K. KAB. KAPUAS HULU,Diploma Tiga,23,5,0.21739130434782608,79,79,Tidak Ada
515,POLITEKNIK NEGERI PONTIANAK,Vokasi,25153023,"TEKNOLOGI PENGOLAHAN HASIL PERKEBUNAN K, KAB KAPUAS HULU",Diploma Tiga,15,5,0.3333333333333333,78,78,Tidak Ada
515,POLITEKNIK NEGERI PONTIANAK,Vokasi,25153025,TEKNOLOGI PENANGKAPAN IKAN,Diploma Tiga,12,3,0.25,75,75,Tidak Ada
515,POLITEKNIK NEGERI PONTIANAK,Vokasi,25153026,TEKNOLOGI MESIN (KAMPUS KAB. SANGGAU),Diploma Tiga,8,3,0.375,81,81,Tidak Ada
515,POLITEKNIK NEGERI PONTIANAK,Vokasi,25153030,BUDI DAYA IKAN (KAMPUS KAB.SUKAMARA),Diploma Tiga,6,2,0.3333333333333333,77,77,Tidak Ada
515,POLITEKNIK NEGERI PONTIANAK,Vokasi,25153031,TEKNOLOGI INFORMASI (KAMPUS KAB.SUKAMARA),Diploma Tiga,10,2,0.2,78,78,Tidak Ada
516,POLITEKNIK NEGERI KETAPANG,Vokasi,25162001,TEKNOLOGI PRODUKSI TANAMAN PERKEBUNAN,Sarjana Terapan,18,68,3.7777777777777777,78,78,Tidak Ada
516,POLITEKNIK NEGERI KETAPANG,Vokasi,25162002,TEKNOLOGI REKAYASA KONSTRUKSI JALAN DAN JEMBATAN,Sarjana Terapan,27,32,1.1851851851851851,78,78,Tidak Ada
516,POLITEKNIK NEGERI KETAPANG,Vokasi,25162009,MANAJEMEN AGRIBISNIS,Sarjana Terapan,27,89,3.2962962962962963,80,80,Tidak Ada
516,POLITEKNIK NEGERI KETAPANG,Vokasi,25163003,TEKNOLOGI HASIL PERKEBUNAN,Diploma Tiga,18,22,1.2222222222222223,82,82,Tidak Ada
516,POLITEKNIK NEGERI KETAPANG,Vokasi,25163004,PEMELIHARAAN MESIN,Diploma Tiga,18,27,1.5,81,81,Tidak Ada
516,POLITEKNIK NEGERI KETAPANG,Vokasi,25163005,TEKNOLOGI LISTRIK,Diploma Tiga,18,25,1.3888888888888888,82,82,Tidak Ada
516,POLITEKNIK NEGERI KETAPANG,Vokasi,25163006,TEKNOLOGI PERTAMBANGAN,Diploma Tiga,18,63,3.5,79,79,Tidak Ada
516,POLITEKNIK NEGERI KETAPANG,Vokasi,25163007,TEKNOLOGI INFORMASI,Diploma Tiga,27,96,3.5555555555555554,78,78,Tidak Ada
516,POLITEKNIK NEGERI KETAPANG,Vokasi,25163008,AGROINDUSTRI,Diploma Tiga,18,22,1.2222222222222223,77,77,Tidak Ada
517,POLITEKNIK NEGERI SAMBAS,Vokasi,25172001,AGROINDUSTRI PANGAN,Sarjana Terapan,36,96,2.6666666666666665,77,77,Tidak Ada
517,POLITEKNIK NEGERI SAMBAS,Vokasi,25172002,TEKNIK MULTIMEDIA,Sarjana Terapan,36,153,4.25,79,79,Tidak Ada
517,POLITEKNIK NEGERI SAMBAS,Vokasi,25172003,TEKNIK MESIN PERTANIAN,Sarjana Terapan,20,34,1.7,76,76,Tidak Ada
517,POLITEKNIK NEGERI SAMBAS,Vokasi,25172004,AGRIBISNIS PERIKANAN DAN KELAUTAN,Sarjana Terapan,24,38,1.5833333333333333,78,78,Tidak Ada
517,POLITEKNIK NEGERI SAMBAS,Vokasi,25172005,MANAJEMEN BISNIS PARIWISATA,Sarjana Terapan,36,103,2.861111111111111,76,76,Tidak Ada
517,POLITEKNIK NEGERI SAMBAS,Vokasi,25172006,AKUNTANSI KEUANGAN PERUSAHAAN,Sarjana Terapan,36,182,5.055555555555555,80,80,Tidak Ada
517,POLITEKNIK NEGERI SAMBAS,Vokasi,25172010,AKUNTANSI SEKTOR PUBLIK,Sarjana Terapan,36,115,3.1944444444444446,80,80,Tidak Ada
517,POLITEKNIK NEGERI SAMBAS,Vokasi,25172011,PENGELOLAAN PERKEBUNAN,Sarjana Terapan,24,57,2.375,75,75,Tidak Ada
517,POLITEKNIK NEGERI SAMBAS,Vokasi,25173007,AGROBISNIS,Diploma Tiga,26,59,2.269230769230769,75,75,Tidak Ada
517,POLITEKNIK NEGERI SAMBAS,Vokasi,25173008,MANAJEMEN INFORMATIKA,Diploma Tiga,36,104,2.888888888888889,80,80,Tidak Ada
517,POLITEKNIK NEGERI SAMBAS,Vokasi,25173009,TEKNIK MESIN,Diploma Tiga,24,42,1.75,81,81,Tidak Ada
536,POLITEKNIK NEGERI BANJARMASIN,Vokasi,25362001,TEKNIK BANGUNAN RAWA,Sarjana Terapan,12,12,1.0,81,81,Tidak Ada
536,POLITEKNIK NEGERI BANJARMASIN,Vokasi,25362002,TEKNOLOGI REKAYASA KONSTRUKSI JALAN DAN JEMBATAN,Sarjana Terapan,24,26,1.0833333333333333,77,77,Tidak Ada
536,POLITEKNIK NEGERI BANJARMASIN,Vokasi,25362003,TEKNOLOGI REKAYASA PEMBANGKIT ENERGI,Sarjana Terapan,24,21,0.875,81,81,Tidak Ada
536,POLITEKNIK NEGERI BANJARMASIN,Vokasi,25362004,SISTEM INFORMASI KOTA CERDAS,Sarjana Terapan,24,31,1.2916666666666667,80,80,Tidak Ada
536,POLITEKNIK NEGERI BANJARMASIN,Vokasi,25362005,AKUNTANSI LEMBAGA KEUANGAN SYARIAH,Sarjana Terapan,24,34,1.4166666666666667,77,77,Tidak Ada
536,POLITEKNIK NEGERI BANJARMASIN,Vokasi,25362006,BISNIS DIGITAL,Sarjana Terapan,60,106,1.7666666666666666,77,77,Tidak Ada
536,POLITEKNIK NEGERI BANJARMASIN,Vokasi,25362007,TEKNOLOGI REKAYASA GEOMATIKA DAN SURVEI,Sarjana Terapan,36,37,1.0277777777777777,81,81,Tidak Ada
536,POLITEKNIK NEGERI BANJARMASIN,Vokasi,25362013,TEKNOLOGI REKAYASA OTOMOTIF,Sarjana Terapan,36,15,0.4166666666666667,82,82,Tidak Ada
536,POLITEKNIK NEGERI BANJARMASIN,Vokasi,25362020,TEKNOLOGI REKAYASA OTOMASI,Sarjana Terapan,24,8,0.3333333333333333,82,82,Tidak Ada
536,POLITEKNIK NEGERI BANJARMASIN,Vokasi,25362021,TEKNOLOGI REKAYASA PEMELIHARAAN ALAT BERAT,Sarjana Terapan,20,0,0.0,77,77,Tidak Ada
536,POLITEKNIK NEGERI BANJARMASIN,Vokasi,25363008,SISTEM INFORMASI AKUNTANSI,Diploma Tiga,24,13,0.5416666666666666,76,76,Tidak Ada
536,POLITEKNIK NEGERI BANJARMASIN,Vokasi,25363009,TEKNIK LISTRIK,Diploma Tiga,48,52,1.0833333333333333,77,77,Tidak Ada
536,POLITEKNIK NEGERI BANJARMASIN,Vokasi,25363010,SISTEM INFORMASI,Diploma Tiga,60,49,0.8166666666666667,79,79,Tidak Ada
536,POLITEKNIK NEGERI BANJARMASIN,Vokasi,25363011,ADMINISTRASI BISNIS,Diploma Tiga,72,155,2.1527777777777777,81,81,Tidak Ada
536,POLITEKNIK NEGERI BANJARMASIN,Vokasi,25363012,TEKNIK MESIN,Diploma Tiga,36,64,1.7777777777777777,76,76,Tidak Ada
536,POLITEKNIK NEGERI BANJARMASIN,Vokasi,25363014,AKUNTANSI,Diploma Tiga,36,75,2.0833333333333335,80,80,Tidak Ada
536,POLITEKNIK NEGERI BANJARMASIN,Vokasi,25363015,TEKNIK SIPIL,Diploma Tiga,60,109,1.8166666666666667,79,79,Tidak Ada
536,POLITEKNIK NEGERI BANJARMASIN,Vokasi,25363016,TEKNIK PERTAMBANGAN,Diploma Tiga,72,246,3.4166666666666665,80,80,Tidak Ada
536,POLITEKNIK NEGERI BANJARMASIN,Vokasi,25363017,ALAT BERAT,Diploma Tiga,25,95,3.8,77,77,Tidak Ada
536,POLITEKNIK NEGERI BANJARMASIN,Vokasi,25363018,TEKNIK INFORMATIKA,Diploma Tiga,60,124,2.066666666666667,76,76,Tidak Ada
536,POLITEKNIK NEGERI BANJARMASIN,Vokasi,25363019,ELEKTRONIKA,Diploma Tiga,24,27,1.125,81,81,Tidak Ada
537,POLITEKNIK NEGERI TANAH LAUT,Vokasi,25372001,TEKNOLOGI REKAYASA KOMPUTER JARINGAN,Sarjana Terapan,32,64,2.0,77,77,Tidak Ada
537,POLITEKNIK NEGERI TANAH LAUT,Vokasi,25372002,TEKNOLOGI REKAYASA KONSTRUKSI JALAN DAN JEMBATAN,Sarjana Terapan,27,28,1.037037037037037,82,82,Tidak Ada
537,POLITEKNIK NEGERI TANAH LAUT,Vokasi,25372003,TEKNOLOGI PAKAN TERNAK,Sarjana Terapan,21,21,1.0,78,78,Tidak Ada
537,POLITEKNIK NEGERI TANAH LAUT,Vokasi,25372008,TEKNOLOGI REKAYASA PEMELIHARAAN ALAT BERAT,Sarjana Terapan,23,45,1.9565217391304348,80,80,Tidak Ada
537,POLITEKNIK NEGERI TANAH LAUT,Vokasi,25372009,AKUNTANSI PERPAJAKAN,Sarjana Terapan,41,91,2.2195121951219514,81,81,Tidak Ada
537,POLITEKNIK NEGERI TANAH LAUT,Vokasi,25372010,PENGEMBANGAN PRODUK AGROINDUSTRI,Sarjana Terapan,27,64,2.3703703703703702,81,81,Tidak Ada
537,POLITEKNIK NEGERI TANAH LAUT,Vokasi,25373004,TEKNOLOGI INFORMASI,Diploma Tiga,42,78,1.8571428571428572,78,78,Tidak Ada
537,POLITEKNIK NEGERI TANAH LAUT,Vokasi,25373005,TEKNOLOGI OTOMOTIF,Diploma Tiga,18,20,1.1111111111111112,78,78,Tidak Ada
537,POLITEKNIK NEGERI TANAH LAUT,Vokasi,25373006,AKUNTANSI,Diploma Tiga,42,100,2.380952380952381,80,80,Tidak Ada
537,POLITEKNIK NEGERI TANAH LAUT,Vokasi,25373007,AGROINDUSTRI,Diploma Tiga,36,46,1.2777777777777777,75,75,Tidak Ada
552,POLITEKNIK NEGERI NUNUKAN,Vokasi,25523001,ADMINISTRASI BISNIS,Diploma Tiga,35,25,0.7142857142857143,79,79,Tidak Ada
552,POLITEKNIK NEGERI NUNUKAN,Vokasi,25523002,TEKNIK ALAT BERAT,Diploma Tiga,15,14,0.9333333333333333,80,80,Tidak Ada
552,POLITEKNIK NEGERI NUNUKAN,Vokasi,25523003,TEKNIK SIPIL INFRASTRUKTUR PERKOTAAN,Diploma Tiga,15,9,0.6,77,77,Tidak Ada
552,POLITEKNIK NEGERI NUNUKAN,Vokasi,25523004,TEKNOLOGI HASIL PERIKANAN,Diploma Tiga,15,15,1.0,77,77,Tidak Ada
561,POLITEKNIK PERTANIAN NEGERI SAMARINDA,Vokasi,25612001,PENGELOLAAN PERKEBUNAN,Sarjana Terapan,28,35,1.25,82,82,Tidak Ada
561,POLITEKNIK PERTANIAN NEGERI SAMARINDA,Vokasi,25612002,TEKNOLOGI REKAYASA PERANGKAT LUNAK,Sarjana Terapan,22,15,0.6818181818181818,76,76,Tidak Ada
561,POLITEKNIK PERTANIAN NEGERI SAMARINDA,Vokasi,25612003,REKAYASA KAYU,Sarjana Terapan,9,0,0.0,77,77,Tidak Ada
561,POLITEKNIK PERTANIAN NEGERI SAMARINDA,Vokasi,25612010,TEKNOLOGI REKAYASA GEOMATIKA DAN SURVEI,Sarjana Terapan,21,24,1.1428571428571428,77,77,Tidak Ada
561,POLITEKNIK PERTANIAN NEGERI SAMARINDA,Vokasi,25612012,TEKNOLOGI PRODUKSI TANAMAN PANGAN,Sarjana Terapan,12,18,1.5,82,82,Tidak Ada
561,POLITEKNIK PERTANIAN NEGERI SAMARINDA,Vokasi,25612013,TEKNOLOGI REKAYASA PENGENDALIAN PENCEMARAN LINGKUNGAN,Sarjana Terapan,9,4,0.4444444444444444,79,79,Tidak Ada
561,POLITEKNIK PERTANIAN NEGERI SAMARINDA,Vokasi,25612014,TEKNOLOGI REKAYASA PANGAN,Sarjana Terapan,9,8,0.8888888888888888,80,80,Tidak Ada
561,POLITEKNIK PERTANIAN NEGERI SAMARINDA,Vokasi,25613004,BUDIDAYA TANAMAN PERKEBUNAN,Diploma Tiga,18,12,0.6666666666666666,77,77,Tidak Ada
561,POLITEKNIK PERTANIAN NEGERI SAMARINDA,Vokasi,25613005,TEKNOLOGI HASIL PERKEBUNAN,Diploma Tiga,18,3,0.16666666666666666,75,75,Tidak Ada
561,POLITEKNIK PERTANIAN NEGERI SAMARINDA,Vokasi,25613006,PENGOLAHAN HASIL HUTAN,Diploma Tiga,18,1,0.05555555555555555,80,80,Tidak Ada
561,POLITEKNIK PERTANIAN NEGERI SAMARINDA,Vokasi,25613007,TEKNOLOGI GEOMATIKA,Diploma Tiga,15,14,0.9333333333333333,80,80,Tidak Ada
561,POLITEKNIK PERTANIAN NEGERI SAMARINDA,Vokasi,25613008,PENGELOLAAN LINGKUNGAN,Diploma Tiga,12,7,0.5833333333333334,76,76,Tidak Ada
561,POLITEKNIK PERTANIAN NEGERI SAMARINDA,Vokasi,25613009,PENGELOLAAN HUTAN,Diploma Tiga,18,8,0.4444444444444444,79,79,Tidak Ada
561,POLITEKNIK PERTANIAN NEGERI SAMARINDA,Vokasi,25613011,SISTEM INFORMASI AKUNTANSI,Diploma Tiga,12,5,0.4166666666666667,78,78,Tidak Ada
562,POLITEKNIK NEGERI SAMARINDA,Vokasi,25622001,TEKNIK MESIN PRODUKSI DAN PERAWATAN,Sarjana Terapan,36,198,5.5,81,81,Tidak Ada
562,POLITEKNIK NEGERI SAMARINDA,Vokasi,25622002,TEKNIK LISTRIK,Sarjana Terapan,23,105,4.565217391304348,79,79,Tidak Ada
562,POLITEKNIK NEGERI SAMARINDA,Vokasi,25622003,TEKNOLOGI KIMIA INDUSTRI,Sarjana Terapan,27,96,3.5555555555555554,81,81,Tidak Ada
562,POLITEKNIK NEGERI SAMARINDA,Vokasi,25622004,REKAYASA JALAN & JEMBATAN,Sarjana Terapan,23,77,3.347826086956522,78,78,Tidak Ada
562,POLITEKNIK NEGERI SAMARINDA,Vokasi,25622005,TEKNIK INFORMATIKA MULTIMEDIA,Sarjana Terapan,27,164,6.074074074074074,81,81,Tidak Ada
562,POLITEKNIK NEGERI SAMARINDA,Vokasi,25622006,TEKNOLOGI REKAYASA KOMPUTER,Sarjana Terapan,27,74,2.740740740740741,75,75,Tidak Ada
562,POLITEKNIK NEGERI SAMARINDA,Vokasi,25622007,USAHA PERJALANAN WISATA,Sarjana Terapan,15,46,3.066666666666667,81,81,Tidak Ada
562,POLITEKNIK NEGERI SAMARINDA,Vokasi,25622008,AKUNTANSI MANAJERIAL,Sarjana Terapan,31,215,6.935483870967742,86,86,Tidak Ada
562,POLITEKNIK NEGERI SAMARINDA,Vokasi,25622009,KEUANGAN DAN PERBANKAN,Sarjana Terapan,31,165,5.32258064516129,85,85,Tidak Ada
562,POLITEKNIK NEGERI SAMARINDA,Vokasi,25622010,MANAJEMEN PEMASARAN,Sarjana Terapan,29,177,6.103448275862069,84,84,Tidak Ada
562,POLITEKNIK NEGERI SAMARINDA,Vokasi,25622029,ARSITEKTUR BANGUNAN GEDUNG,Sarjana Terapan,25,70,2.8,82,82,Tidak Ada
562,POLITEKNIK NEGERI SAMARINDA,Vokasi,25622030,BISNIS DIGITAL,Sarjana Terapan,29,191,6.586206896551724,83,83,Tidak Ada
562,POLITEKNIK NEGERI SAMARINDA,Vokasi,25622031,DESAIN PRODUK KAYU DAN SERAT,Sarjana Terapan,17,24,1.411764705882353,82,82,"Seni Rupa, Desain, dan Kriya"
562,POLITEKNIK NEGERI SAMARINDA,Vokasi,25622032,TEKNOLOGI REKAYASA KONSTRUKSI BANGUNAN GEDUNG,Sarjana Terapan,23,91,3.9565217391304346,78,78,Tidak Ada
562,POLITEKNIK NEGERI SAMARINDA,Vokasi,25622033,TEKNOLOGI REKAYASA KONSTRUKSI BANGUNAN AIR,Sarjana Terapan,7,9,1.2857142857142858,75,75,Tidak Ada
562,POLITEKNIK NEGERI SAMARINDA,Vokasi,25623011,TEKNIK INFORMATIKA,Diploma Tiga,27,97,3.5925925925925926,81,81,Tidak Ada
562,POLITEKNIK NEGERI SAMARINDA,Vokasi,25623014,PETRO DAN OLEO KIMIA,Diploma Tiga,18,41,2.2777777777777777,79,79,Tidak Ada
562,POLITEKNIK NEGERI SAMARINDA,Vokasi,25623015,PERAWATAN DAN PERBAIKAN MESIN,Diploma Tiga,36,119,3.3055555555555554,81,81,Tidak Ada
562,POLITEKNIK NEGERI SAMARINDA,Vokasi,25623017,NAUTIKA,Diploma Tiga,30,38,1.2666666666666666,77,77,Tidak Ada
562,POLITEKNIK NEGERI SAMARINDA,Vokasi,25623018,TEKNIK KOMPUTER,Diploma Tiga,27,36,1.3333333333333333,78,78,Tidak Ada
562,POLITEKNIK NEGERI SAMARINDA,Vokasi,25623019,TEKNIKA,Diploma Tiga,30,27,0.9,76,76,Tidak Ada
562,POLITEKNIK NEGERI SAMARINDA,Vokasi,25623021,PARIWISATA,Diploma Tiga,30,88,2.933333333333333,82,82,Tidak Ada
562,POLITEKNIK NEGERI SAMARINDA,Vokasi,25623022,TEKNIK LISTRIK,Diploma Tiga,15,36,2.4,77,77,Tidak Ada
562,POLITEKNIK NEGERI SAMARINDA,Vokasi,25623024,TEKNIK ALAT BERAT,Diploma Tiga,34,252,7.411764705882353,87,87,Tidak Ada
562,POLITEKNIK NEGERI SAMARINDA,Vokasi,25623026,KETATALAKSANAAN PELAYARAN NIAGA DAN KEPELABUHAN,Diploma Tiga,36,48,1.3333333333333333,75,75,Tidak Ada
562,POLITEKNIK NEGERI SAMARINDA,Vokasi,25623027,AKUNTANSI,Diploma Tiga,31,96,3.096774193548387,81,81,Tidak Ada
563,POLITEKNIK NEGERI BALIKPAPAN,Vokasi,25632001,TEKNOLOGI REKAYASA KONSTRUKSI JALAN DAN JEMBATAN,Sarjana Terapan,40,29,0.725,77,77,Tidak Ada
563,POLITEKNIK NEGERI BALIKPAPAN,Vokasi,25632002,AKUNTANSI PERPAJAKAN,Sarjana Terapan,48,144,3.0,81,81,Tidak Ada
563,POLITEKNIK NEGERI BALIKPAPAN,Vokasi,25632005,PENGELOLAAN PERHOTELAN,Sarjana Terapan,40,53,1.325,81,81,Tidak Ada
563,POLITEKNIK NEGERI BALIKPAPAN,Vokasi,25632009,PERBANKAN DAN KEUANGAN DIGITAL,Sarjana Terapan,50,130,2.6,79,79,Tidak Ada
563,POLITEKNIK NEGERI BALIKPAPAN,Vokasi,25632010,TEKNOLOGI REKAYASA MANUFAKTUR,Sarjana Terapan,40,28,0.7,82,82,Tidak Ada
563,POLITEKNIK NEGERI BALIKPAPAN,Vokasi,25632011,SISTEM INFORMASI KOTA CERDAS,Sarjana Terapan,24,0,0.0,80,80,Tidak Ada
563,POLITEKNIK NEGERI BALIKPAPAN,Vokasi,25632012,TEKNOLOGI REKAYASA KONSTRUKSI BANGUNAN AIR,Sarjana Terapan,24,0,0.0,78,78,Tidak Ada
563,POLITEKNIK NEGERI BALIKPAPAN,Vokasi,25633003,TEKNOLOGI LISTRIK,Diploma Tiga,30,28,0.9333333333333333,77,77,Tidak Ada
563,POLITEKNIK NEGERI BALIKPAPAN,Vokasi,25633004,TEKNIK ELEKTRONIKA,Diploma Tiga,52,45,0.8653846153846154,76,76,Tidak Ada
563,POLITEKNIK NEGERI BALIKPAPAN,Vokasi,25633006,ALAT BERAT,Diploma Tiga,52,102,1.9615384615384615,77,77,Tidak Ada
563,POLITEKNIK NEGERI BALIKPAPAN,Vokasi,25633007,TEKNIK SIPIL,Diploma Tiga,52,50,0.9615384615384616,76,76,Tidak Ada
563,POLITEKNIK NEGERI BALIKPAPAN,Vokasi,25633008,TATA BOGA,Diploma Tiga,60,76,1.2666666666666666,82,82,Tidak Ada
617,POLITEKNIK NEGERI BALI,Vokasi,26172001,MANAJEMEN PROYEK KONSTRUKSI,Sarjana Terapan,38,53,1.394736842105263,80,80,Tidak Ada
617,POLITEKNIK NEGERI BALI,Vokasi,26172002,TEKNOLOGI REKAYASA UTILITAS,Sarjana Terapan,15,29,1.9333333333333333,76,76,Tidak Ada
617,POLITEKNIK NEGERI BALI,Vokasi,26172003,TEKNIK OTOMASI,Sarjana Terapan,23,34,1.4782608695652173,82,82,Tidak Ada
617,POLITEKNIK NEGERI BALI,Vokasi,26172004,TEKNOLOGI REKAYASA PERANGKAT LUNAK,Sarjana Terapan,38,63,1.6578947368421053,80,80,Tidak Ada
617,POLITEKNIK NEGERI BALI,Vokasi,26172005,TEKNOLOGI REKAYASA KONSTRUKSI BANGUNAN GEDUNG,Sarjana Terapan,15,25,1.6666666666666667,75,75,Tidak Ada
617,POLITEKNIK NEGERI BALI,Vokasi,26172006,AKUNTANSI PERPAJAKAN,Sarjana Terapan,45,183,4.066666666666666,78,78,Tidak Ada
617,POLITEKNIK NEGERI BALI,Vokasi,26172007,AKUNTANSI MANAJERIAL,Sarjana Terapan,53,206,3.8867924528301887,77,77,Tidak Ada
617,POLITEKNIK NEGERI BALI,Vokasi,26172008,MANAJEMEN BISNIS INTERNASIONAL,Sarjana Terapan,53,172,3.2452830188679247,77,77,Tidak Ada
617,POLITEKNIK NEGERI BALI,Vokasi,26172009,MANAJEMEN BISNIS PARIWISATA,Sarjana Terapan,60,365,6.083333333333333,85,85,Tidak Ada
617,POLITEKNIK NEGERI BALI,Vokasi,26172010,BISNIS DIGITAL,Sarjana Terapan,38,162,4.2631578947368425,77,77,Tidak Ada
617,POLITEKNIK NEGERI BALI,Vokasi,26172024,TEKNOLOGI REKAYASA KONSTRUKSI BANGUNAN AIR,Sarjana Terapan,8,2,0.25,78,78,Tidak Ada
617,POLITEKNIK NEGERI BALI,Vokasi,26172025,REKAYASA PERANCANGAN MEKANIK,Sarjana Terapan,8,16,2.0,81,81,Tidak Ada
617,POLITEKNIK NEGERI BALI,Vokasi,26172026,BAHASA INGGRIS UNTUK KOMUNIKASI BISNIS DAN PROFESIONAL,Sarjana Terapan,15,29,1.9333333333333333,75,75,Tidak Ada
617,POLITEKNIK NEGERI BALI,Vokasi,26172027,TEKNOLOGI REKAYASA ENERGI TERBARUKAN,Sarjana Terapan,15,11,0.7333333333333333,75,75,Tidak Ada
617,POLITEKNIK NEGERI BALI,Vokasi,26172028,AKUNTANSI BISNIS DIGITAL,Sarjana Terapan,23,28,1.2173913043478262,77,77,Tidak Ada
617,POLITEKNIK NEGERI BALI,Vokasi,26173011,ADMINISTRASI BISNIS,Diploma Tiga,60,146,2.433333333333333,77,77,Tidak Ada
617,POLITEKNIK NEGERI BALI,Vokasi,26173012,AKUNTANSI,Diploma Tiga,53,136,2.5660377358490565,77,77,Tidak Ada
617,POLITEKNIK NEGERI BALI,Vokasi,26173013,TEKNIK SIPIL,Diploma Tiga,38,52,1.368421052631579,75,75,Tidak Ada
617,POLITEKNIK NEGERI BALI,Vokasi,26173014,TEKNIK LISTRIK,Diploma Tiga,38,67,1.763157894736842,76,76,Tidak Ada
617,POLITEKNIK NEGERI BALI,Vokasi,26173015,PERHOTELAN (KAMPUS KAB. KARANGASEM),Diploma Tiga,15,18,1.2,81,81,Tidak Ada
617,POLITEKNIK NEGERI BALI,Vokasi,26173016,PERHOTELAN (KAMPUS KAB. JEMBRANA),Diploma Tiga,15,9,0.6,82,82,Tidak Ada
617,POLITEKNIK NEGERI BALI,Vokasi,26173017,USAHA PERJALANAN WISATA,Diploma Tiga,23,34,1.4782608695652173,80,80,Tidak Ada
617,POLITEKNIK NEGERI BALI,Vokasi,26173018,TEKNIK MESIN,Diploma Tiga,45,135,3.0,81,81,Tidak Ada
617,POLITEKNIK NEGERI BALI,Vokasi,26173020,TEKNIK PENDINGIN DAN TATA UDARA,Diploma Tiga,23,53,2.3043478260869565,80,80,Tidak Ada
617,POLITEKNIK NEGERI BALI,Vokasi,26173021,MANAJEMEN INFORMATIKA,Diploma Tiga,30,53,1.7666666666666666,82,82,Tidak Ada
617,POLITEKNIK NEGERI BALI,Vokasi,26173022,PERHOTELAN,Diploma Tiga,98,353,3.6020408163265305,79,79,Tidak Ada
617,POLITEKNIK NEGERI BALI,Vokasi,26173023,ADMINISTRASI BISNIS (KAMPUS KAB. KARANGASEM),Diploma Tiga,15,13,0.8666666666666667,79,79,Tidak Ada
641,POLITEKNIK NEGERI KUPANG,Vokasi,26412001,PERANCANGAN JALAN DAN JEMBATAN,Sarjana Terapan,21,71,3.380952380952381,80,80,Tidak Ada
641,POLITEKNIK NEGERI KUPANG,Vokasi,26412002,TEKNIK PERANCANGAN IRIGASI DAN PENANGANAN PANTAI,Sarjana Terapan,21,18,0.8571428571428571,77,77,Tidak Ada
641,POLITEKNIK NEGERI KUPANG,Vokasi,26412003,TEKNIK MESIN PRODUKSI DAN PERAWATAN,Sarjana Terapan,12,31,2.5833333333333335,78,78,Tidak Ada
641,POLITEKNIK NEGERI KUPANG,Vokasi,26412004,TEKNIK INSTALASI LISTRIK,Sarjana Terapan,18,70,3.888888888888889,79,79,Tidak Ada
641,POLITEKNIK NEGERI KUPANG,Vokasi,26412005,MANAJEMEN PERUSAHAAN,Sarjana Terapan,49,196,4.0,79,79,Tidak Ada
641,POLITEKNIK NEGERI KUPANG,Vokasi,26412006,AKUNTANSI SEKTOR PUBLIK,Sarjana Terapan,42,136,3.238095238095238,79,79,Tidak Ada
641,POLITEKNIK NEGERI KUPANG,Vokasi,26412007,PERHOTELAN,Sarjana Terapan,35,121,3.4571428571428573,75,75,Tidak Ada
641,POLITEKNIK NEGERI KUPANG,Vokasi,26412008,USAHA PERJALANAN WISATA,Sarjana Terapan,35,121,3.4571428571428573,82,82,Tidak Ada
641,POLITEKNIK NEGERI KUPANG,Vokasi,26413009,TEKNIK SIPIL,Diploma Tiga,17,55,3.235294117647059,79,79,Tidak Ada
641,POLITEKNIK NEGERI KUPANG,Vokasi,26413010,TEKNIK ELEKTRONIKA,Diploma Tiga,12,35,2.9166666666666665,75,75,Tidak Ada
641,POLITEKNIK NEGERI KUPANG,Vokasi,26413011,TEKNIK LISTRIK,Diploma Tiga,18,34,1.8888888888888888,75,75,Tidak Ada
641,POLITEKNIK NEGERI KUPANG,Vokasi,26413012,MESIN OTOMOTIF,Diploma Tiga,12,26,2.1666666666666665,82,82,Tidak Ada
641,POLITEKNIK NEGERI KUPANG,Vokasi,26413013,TEKNIK KOMPUTER DAN JARINGAN,Diploma Tiga,30,108,3.6,77,77,Tidak Ada
641,POLITEKNIK NEGERI KUPANG,Vokasi,26413014,ADMINISTRASI BISNIS,Diploma Tiga,18,49,2.7222222222222223,79,79,Tidak Ada
641,POLITEKNIK NEGERI KUPANG,Vokasi,26413015,TEKNIK MESIN,Diploma Tiga,12,32,2.6666666666666665,78,78,Tidak Ada
641,POLITEKNIK NEGERI KUPANG,Vokasi,26413016,AKUNTANSI,Diploma Tiga,24,63,2.625,80,80,Tidak Ada
642,POLITEKNIK PERTANIAN NEGERI KUPANG,Vokasi,26422001,PENYULUHAN PERTANIAN LAHAN KERING,Sarjana Terapan,30,23,0.7666666666666667,78,78,Tidak Ada
642,POLITEKNIK PERTANIAN NEGERI KUPANG,Vokasi,26422002,TEKNOLOGI INDUSTRI HORTIKULTURA,Sarjana Terapan,18,15,0.8333333333333334,79,79,Tidak Ada
642,POLITEKNIK PERTANIAN NEGERI KUPANG,Vokasi,26422003,TEKNOLOGI PAKAN TERNAK,Sarjana Terapan,36,35,0.9722222222222222,77,77,Tidak Ada
642,POLITEKNIK PERTANIAN NEGERI KUPANG,Vokasi,26422004,PENGELOLAAN HUTAN,Sarjana Terapan,27,19,0.7037037037037037,80,80,Tidak Ada
642,POLITEKNIK PERTANIAN NEGERI KUPANG,Vokasi,26422005,AGRIBISNIS PERIKANAN,Sarjana Terapan,18,5,0.2777777777777778,75,75,Tidak Ada
642,POLITEKNIK PERTANIAN NEGERI KUPANG,Vokasi,26422006,TEKNOLOGI REKAYASA PANGAN,Sarjana Terapan,9,8,0.8888888888888888,79,79,Tidak Ada
642,POLITEKNIK PERTANIAN NEGERI KUPANG,Vokasi,26422010,PENGELOLAAN AGRIBISNIS,Sarjana Terapan,27,22,0.8148148148148148,82,82,Tidak Ada
642,POLITEKNIK PERTANIAN NEGERI KUPANG,Vokasi,26422015,TEKNOLOGI BUDIDAYA PERIKANAN,Sarjana Terapan,18,0,0.0,76,76,Tidak Ada
642,POLITEKNIK PERTANIAN NEGERI KUPANG,Vokasi,26422016,TEKNOLOGI PRODUKSI TERNAK,Sarjana Terapan,18,0,0.0,79,79,Tidak Ada
642,POLITEKNIK PERTANIAN NEGERI KUPANG,Vokasi,26423007,TANAMAN PANGAN DAN HORTIKULTURA,Diploma Tiga,6,3,0.5,79,79,Tidak Ada
642,POLITEKNIK PERTANIAN NEGERI KUPANG,Vokasi,26423008,MANAJEMEN SUMBER DAYA HUTAN,Diploma Tiga,11,6,0.5454545454545454,75,75,Tidak Ada
642,POLITEKNIK PERTANIAN NEGERI KUPANG,Vokasi,26423011,TEKNOLOGI BUDIDAYA PERIKANAN,Diploma Tiga,6,3,0.5,81,81,Tidak Ada
642,POLITEKNIK PERTANIAN NEGERI KUPANG,Vokasi,26423012,PRODUKSI TERNAK,Diploma Tiga,12,9,0.75,76,76,Tidak Ada
642,POLITEKNIK PERTANIAN NEGERI KUPANG,Vokasi,26423013,MANAJEMEN PERTANIAN LAHAN KERING,Diploma Tiga,11,2,0.18181818181818182,76,76,Tidak Ada
642,POLITEKNIK PERTANIAN NEGERI KUPANG,Vokasi,26423014,KESEHATAN HEWAN,Diploma Tiga,23,45,1.9565217391304348,78,78,Tidak Ada
716,POLITEKNIK NEGERI UJUNG PANDANG,Vokasi,27162001,PERANCANGAN BANGUNAN GEDUNG,Sarjana Terapan,23,83,3.608695652173913,80,80,Tidak Ada
716,POLITEKNIK NEGERI UJUNG PANDANG,Vokasi,27162002,JASA KONSTRUKSI,Sarjana Terapan,23,67,2.9130434782608696,81,81,Tidak Ada
716,POLITEKNIK NEGERI UJUNG PANDANG,Vokasi,27162003,TEKNIK PEMBANGKIT ENERGI,Sarjana Terapan,23,34,1.4782608695652173,75,75,Tidak Ada
716,POLITEKNIK NEGERI UJUNG PANDANG,Vokasi,27162004,TEKNOLOGI KIMIA INDUSTRI,Sarjana Terapan,30,112,3.7333333333333334,76,76,Tidak Ada
716,POLITEKNIK NEGERI UJUNG PANDANG,Vokasi,27162005,TEKNIK MEKATRONIKA,Sarjana Terapan,30,46,1.5333333333333334,80,80,Tidak Ada
716,POLITEKNIK NEGERI UJUNG PANDANG,Vokasi,27162006,TEKNIK MANUFAKTUR,Sarjana Terapan,23,43,1.8695652173913044,76,76,Tidak Ada
716,POLITEKNIK NEGERI UJUNG PANDANG,Vokasi,27162007,TEKNIK MULTIMEDIA & JARINGAN,Sarjana Terapan,30,89,2.966666666666667,81,81,Tidak Ada
716,POLITEKNIK NEGERI UJUNG PANDANG,Vokasi,27162008,TEKNIK KOMPUTER & JARINGAN,Sarjana Terapan,30,251,8.366666666666667,83,83,Tidak Ada
716,POLITEKNIK NEGERI UJUNG PANDANG,Vokasi,27162009,TEKNIK LISTRIK,Sarjana Terapan,23,125,5.434782608695652,86,86,Tidak Ada
716,POLITEKNIK NEGERI UJUNG PANDANG,Vokasi,27162010,TEKNOLOGI REKAYASA JARINGAN TELEKOMUNIKASI,Sarjana Terapan,23,37,1.608695652173913,81,81,Tidak Ada
716,POLITEKNIK NEGERI UJUNG PANDANG,Vokasi,27162011,AKUNTANSI MANAJERIAL,Sarjana Terapan,38,133,3.5,82,82,Tidak Ada
716,POLITEKNIK NEGERI UJUNG PANDANG,Vokasi,27162012,ADMINISTRASI BISNIS,Sarjana Terapan,38,183,4.815789473684211,78,78,Tidak Ada
716,POLITEKNIK NEGERI UJUNG PANDANG,Vokasi,27162015,TEKNOLOGI REKAYASA KIMIA,Sarjana Terapan,23,26,1.1304347826086956,79,79,Tidak Ada
716,POLITEKNIK NEGERI UJUNG PANDANG,Vokasi,27162030,TEKNOLOGI REKAYASA ENERGI TERBARUKAN,Sarjana Terapan,8,14,1.75,80,80,Tidak Ada
716,POLITEKNIK NEGERI UJUNG PANDANG,Vokasi,27162031,TEKNOLOGI REKAYASA KONSTRUKSI BANGUNAN AIR,Sarjana Terapan,23,5,0.21739130434782608,82,82,Tidak Ada
716,POLITEKNIK NEGERI UJUNG PANDANG,Vokasi,27162032,AKUNTANSI MANAJERIAL KAMPUS KABUPATEN KOLAKA,Sarjana Terapan,8,1,0.125,75,75,Tidak Ada
716,POLITEKNIK NEGERI UJUNG PANDANG,Vokasi,27162033,TEKNOLOGI REKAYASA SISTEM ELEKTRONIKA,Sarjana Terapan,15,9,0.6,76,76,Tidak Ada
716,POLITEKNIK NEGERI UJUNG PANDANG,Vokasi,27162034,ADMINISTRASI PERKANTORAN DIGITAL,Sarjana Terapan,15,56,3.7333333333333334,81,81,Tidak Ada
716,POLITEKNIK NEGERI UJUNG PANDANG,Vokasi,27162035,BAHASA INGGRIS UNTUK KOMUNIKASI BISNIS DAN PROFESIONAL,Sarjana Terapan,8,5,0.625,79,79,Tidak Ada
716,POLITEKNIK NEGERI UJUNG PANDANG,Vokasi,27162036,AKUNTANSI LEMBAGA KEUANGAN SYARIAH,Sarjana Terapan,15,12,0.8,79,79,Tidak Ada
716,POLITEKNIK NEGERI UJUNG PANDANG,Vokasi,27162037,BISNIS DIGITAL,Sarjana Terapan,8,28,3.5,81,81,Tidak Ada
716,POLITEKNIK NEGERI UJUNG PANDANG,Vokasi,27162038,TEKNOLOGI REKAYASA KIMIA INDUSTRI PSDKU KAB. KOLAKA,Sarjana Terapan,8,0,0.0,81,81,Tidak Ada
716,POLITEKNIK NEGERI UJUNG PANDANG,Vokasi,27162039,TEKNOLOGI REKAYASA MULTIMEDIA PSDKU KAB. KOLAKA,Sarjana Terapan,8,0,0.0,81,81,Tidak Ada
716,POLITEKNIK NEGERI UJUNG PANDANG,Vokasi,27163013,ADMINISTRASI BISNIS,Diploma Tiga,30,29,0.9666666666666667,77,77,Tidak Ada
716,POLITEKNIK NEGERI UJUNG PANDANG,Vokasi,27163014,TEKNIK KONSTRUKSI SIPIL,Diploma Tiga,15,75,5.0,81,81,Tidak Ada
716,POLITEKNIK NEGERI UJUNG PANDANG,Vokasi,27163016,ANALISIS KIMIA,Diploma Tiga,23,29,1.2608695652173914,81,81,Tidak Ada
716,POLITEKNIK NEGERI UJUNG PANDANG,Vokasi,27163017,TEKNIK KONSTRUKSI GEDUNG,Diploma Tiga,15,13,0.8666666666666667,78,78,Tidak Ada
716,POLITEKNIK NEGERI UJUNG PANDANG,Vokasi,27163018,TEKNOLOGI KONVERSI ENERGI (KAMPUS KAB. KOLAKA),Diploma Tiga,8,0,0.0,77,77,Tidak Ada
716,POLITEKNIK NEGERI UJUNG PANDANG,Vokasi,27163019,AKUNTANSI,Diploma Tiga,30,58,1.9333333333333333,78,78,Tidak Ada
716,POLITEKNIK NEGERI UJUNG PANDANG,Vokasi,27163020,TEKNIK ELEKTRONIKA,Diploma Tiga,15,39,2.6,81,81,Tidak Ada
716,POLITEKNIK NEGERI UJUNG PANDANG,Vokasi,27163022,TEKNIK TELEKOMUNIKASI,Diploma Tiga,23,18,0.782608695652174,76,76,Tidak Ada
716,POLITEKNIK NEGERI UJUNG PANDANG,Vokasi,27163023,TEKNIK MESIN,Diploma Tiga,23,90,3.9130434782608696,81,81,Tidak Ada
716,POLITEKNIK NEGERI UJUNG PANDANG,Vokasi,27163024,TEKNIK OTOMOTIF,Diploma Tiga,15,42,2.8,77,77,Tidak Ada
716,POLITEKNIK NEGERI UJUNG PANDANG,Vokasi,27163025,TEKNIK LISTRIK,Diploma Tiga,23,36,1.565217391304348,75,75,Tidak Ada
716,POLITEKNIK NEGERI UJUNG PANDANG,Vokasi,27163026,PERAWATAN ALAT BERAT,Diploma Tiga,30,59,1.9666666666666666,76,76,Tidak Ada
716,POLITEKNIK NEGERI UJUNG PANDANG,Vokasi,27163029,TEKNIK KONVERSI ENERGI,Diploma Tiga,23,7,0.30434782608695654,78,78,Tidak Ada
717,POLITEKNIK PERTANIAN NEGERI PANGKAJENE KEPULAUAN,Vokasi,27172001,AGROINDUSTRI,Sarjana Terapan,28,45,1.6071428571428572,81,81,Tidak Ada
717,POLITEKNIK PERTANIAN NEGERI PANGKAJENE KEPULAUAN,Vokasi,27172002,PENGELOLAAN PELABUHAN PERIKANAN,Sarjana Terapan,14,26,1.8571428571428572,80,80,Tidak Ada
717,POLITEKNIK PERTANIAN NEGERI PANGKAJENE KEPULAUAN,Vokasi,27172003,AGRIBISNIS PETERNAKAN,Sarjana Terapan,14,10,0.7142857142857143,81,81,Tidak Ada
717,POLITEKNIK PERTANIAN NEGERI PANGKAJENE KEPULAUAN,Vokasi,27172004,TEKNOLOGI PEMBENIHAN IKAN,Sarjana Terapan,20,7,0.35,81,81,Tidak Ada
717,POLITEKNIK PERTANIAN NEGERI PANGKAJENE KEPULAUAN,Vokasi,27172005,TEKNOLOGI PRODUKSI TANAMAN PANGAN,Sarjana Terapan,17,15,0.8823529411764706,77,77,Tidak Ada
717,POLITEKNIK PERTANIAN NEGERI PANGKAJENE KEPULAUAN,Vokasi,27172006,TEKNOLOGI PAKAN TERNAK,Sarjana Terapan,14,2,0.14285714285714285,78,78,Tidak Ada
717,POLITEKNIK PERTANIAN NEGERI PANGKAJENE KEPULAUAN,Vokasi,27172007,TEKNOLOGI PRODUKSI TANAMAN HORTIKULTURA,Sarjana Terapan,14,9,0.6428571428571429,75,75,Tidak Ada
717,POLITEKNIK PERTANIAN NEGERI PANGKAJENE KEPULAUAN,Vokasi,27172008,PENGELOLAAN PERKEBUNAN KOPI,Sarjana Terapan,17,6,0.35294117647058826,76,76,Tidak Ada
717,POLITEKNIK PERTANIAN NEGERI PANGKAJENE KEPULAUAN,Vokasi,27172009,TEKNOLOGI BUDIDAYA PERIKANAN,Sarjana Terapan,28,23,0.8214285714285714,78,78,Tidak Ada
717,POLITEKNIK PERTANIAN NEGERI PANGKAJENE KEPULAUAN,Vokasi,27172010,TEKNOLOGI PRODUKSI TANAMAN PERKEBUNAN,Sarjana Terapan,14,24,1.7142857142857142,79,79,Tidak Ada
717,POLITEKNIK PERTANIAN NEGERI PANGKAJENE KEPULAUAN,Vokasi,27172011,PENGOLAHAN DAN PENYIMPANAN HASIL PERIKANAN,Sarjana Terapan,24,17,0.7083333333333334,81,81,Tidak Ada
717,POLITEKNIK PERTANIAN NEGERI PANGKAJENE KEPULAUAN,Vokasi,27172012,AGRIBISNIS PERIKANAN,Sarjana Terapan,28,38,1.3571428571428572,81,81,Tidak Ada
717,POLITEKNIK PERTANIAN NEGERI PANGKAJENE KEPULAUAN,Vokasi,27172013,ADMINISTRASI BISNIS INTERNASIONAL,Sarjana Terapan,30,70,2.3333333333333335,80,80,Tidak Ada
717,POLITEKNIK PERTANIAN NEGERI PANGKAJENE KEPULAUAN,Vokasi,27172020,AKUNTANSI BISNIS DIGITAL,Sarjana Terapan,14,20,1.4285714285714286,80,80,Tidak Ada
717,POLITEKNIK PERTANIAN NEGERI PANGKAJENE KEPULAUAN,Vokasi,27173017,PENANGKAPAN IKAN,Diploma Tiga,6,7,1.1666666666666667,77,77,Tidak Ada
717,POLITEKNIK PERTANIAN NEGERI PANGKAJENE KEPULAUAN,Vokasi,27173018,TEKNIK KELAUTAN,Diploma Tiga,14,8,0.5714285714285714,78,78,Tidak Ada
727,POLITEKNIK NEGERI MANADO,Vokasi,27272001,KONSTRUKSI BANGUNAN GEDUNG,Sarjana Terapan,20,19,0.95,80,80,Tidak Ada
727,POLITEKNIK NEGERI MANADO,Vokasi,27272002,TEKNIK JALAN JEMBATAN,Sarjana Terapan,20,22,1.1,81,81,Tidak Ada
727,POLITEKNIK NEGERI MANADO,Vokasi,27272003,TEKNIK LISTRIK,Sarjana Terapan,25,49,1.96,75,75,Tidak Ada
727,POLITEKNIK NEGERI MANADO,Vokasi,27272004,TEKNIK INFORMATIKA,Sarjana Terapan,40,123,3.075,80,80,Tidak Ada
727,POLITEKNIK NEGERI MANADO,Vokasi,27272005,TEKNIK MESIN PRODUKSI DAN PERAWATAN,Sarjana Terapan,30,25,0.8333333333333334,76,76,Tidak Ada
727,POLITEKNIK NEGERI MANADO,Vokasi,27272006,AKUNTANSI KEUANGAN,Sarjana Terapan,30,80,2.6666666666666665,79,79,Tidak Ada
727,POLITEKNIK NEGERI MANADO,Vokasi,27272007,MANAJEMEN BISNIS,Sarjana Terapan,40,97,2.425,79,79,Tidak Ada
727,POLITEKNIK NEGERI MANADO,Vokasi,27272008,PERHOTELAN,Sarjana Terapan,25,39,1.56,75,75,Tidak Ada
727,POLITEKNIK NEGERI MANADO,Vokasi,27272011,AKUNTANSI PERPAJAKAN,Sarjana Terapan,20,53,2.65,82,82,Tidak Ada
727,POLITEKNIK NEGERI MANADO,Vokasi,27272013,TEKNOLOGI REKAYASA MEKATRONIKA,Sarjana Terapan,20,5,0.25,79,79,Tidak Ada
727,POLITEKNIK NEGERI MANADO,Vokasi,27272020,MANAJEMEN PARIWISATA GLOBAL,Sarjana Terapan,20,22,1.1,80,80,Tidak Ada
727,POLITEKNIK NEGERI MANADO,Vokasi,27273009,TEKNIK SIPIL,Diploma Tiga,10,29,2.9,75,75,Tidak Ada
727,POLITEKNIK NEGERI MANADO,Vokasi,27273010,PARIWISATA,Diploma Tiga,10,37,3.7,75,75,Tidak Ada
727,POLITEKNIK NEGERI MANADO,Vokasi,27273012,ADMINISTRASI BISNIS,Diploma Tiga,10,15,1.5,80,80,Tidak Ada
727,POLITEKNIK NEGERI MANADO,Vokasi,27273014,TEKNIK KOMPUTER,Diploma Tiga,15,24,1.6,78,78,Tidak Ada
727,POLITEKNIK NEGERI MANADO,Vokasi,27273015,MANAJEMEN PEMASARAN,Diploma Tiga,10,3,0.3,82,82,Tidak Ada
727,POLITEKNIK NEGERI MANADO,Vokasi,27273016,EKOWISATA BAWAH LAUT,Diploma Tiga,5,2,0.4,77,77,Tidak Ada
727,POLITEKNIK NEGERI MANADO,Vokasi,27273017,USAHA PERJALANAN WISATA,Diploma Tiga,5,3,0.6,76,76,Tidak Ada
727,POLITEKNIK NEGERI MANADO,Vokasi,27273018,TEKNIK LISTRIK,Diploma Tiga,15,16,1.0666666666666667,77,77,Tidak Ada
727,POLITEKNIK NEGERI MANADO,Vokasi,27273019,AKUNTANSI,Diploma Tiga,10,19,1.9,76,76,Tidak Ada
728,POLITEKNIK NEGERI NUSA UTARA,Vokasi,27282007,PENGOLAHAN DAN PENYIMPANAN HASIL PERIKANAN,Sarjana Terapan,9,1,0.1111111111111111,76,76,Tidak Ada
728,POLITEKNIK NEGERI NUSA UTARA,Vokasi,27283001,KEPERAWATAN,Diploma Tiga,24,9,0.375,82,82,Tidak Ada
728,POLITEKNIK NEGERI NUSA UTARA,Vokasi,27283002,TEKNOLOGI PENANGKAPAN IKAN,Diploma Tiga,8,3,0.375,80,80,Tidak Ada
728,POLITEKNIK NEGERI NUSA UTARA,Vokasi,27283003,TEKNOLOGI BUDIDAYA IKAN,Diploma Tiga,8,2,0.25,75,75,Tidak Ada
728,POLITEKNIK NEGERI NUSA UTARA,Vokasi,27283004,SISTEM INFORMASI,Diploma Tiga,9,9,1.0,81,81,Tidak Ada
831,POLITEKNIK NEGERI AMBON,Vokasi,28312001,TEKNIK INFORMATIKA,Sarjana Terapan,27,62,2.2962962962962963,80,80,Tidak Ada
831,POLITEKNIK NEGERI AMBON,Vokasi,28312002,MANAJEMEN PROYEK KONSTRUKSI,Sarjana Terapan,27,8,0.2962962962962963,79,79,Tidak Ada
831,POLITEKNIK NEGERI AMBON,Vokasi,28312003,TEKNIK KONSTRUKSI JALAN DAN JEMBATAN,Sarjana Terapan,27,8,0.2962962962962963,80,80,Tidak Ada
831,POLITEKNIK NEGERI AMBON,Vokasi,28312004,TEKNIK PRODUKSI MIGAS,Sarjana Terapan,18,26,1.4444444444444444,79,79,Tidak Ada
831,POLITEKNIK NEGERI AMBON,Vokasi,28312005,TEKNOLOGI REKAYASA SISTEM KELISTRIKAN MINYAK DAN GAS,Sarjana Terapan,18,30,1.6666666666666667,77,77,Tidak Ada
831,POLITEKNIK NEGERI AMBON,Vokasi,28312006,TEKNOLOGI REKAYASA SISTEM MEKANIKAL MINYAK DAN GAS,Sarjana Terapan,27,12,0.4444444444444444,79,79,Tidak Ada
831,POLITEKNIK NEGERI AMBON,Vokasi,28312007,ADMINISTRASI BISNIS TERAPAN,Sarjana Terapan,36,8,0.2222222222222222,80,80,Tidak Ada
831,POLITEKNIK NEGERI AMBON,Vokasi,28312013,AKUNTANSI SEKTOR PUBLIK,Sarjana Terapan,36,1,0.027777777777777776,80,80,Tidak Ada
831,POLITEKNIK NEGERI AMBON,Vokasi,28312014,AKUNTANSI PERPAJAKAN,Sarjana Terapan,18,7,0.3888888888888889,82,82,Tidak Ada
831,POLITEKNIK NEGERI AMBON,Vokasi,28312015,DESTINASI PARIWISATA,Sarjana Terapan,18,0,0.0,78,78,Tidak Ada
831,POLITEKNIK NEGERI AMBON,Vokasi,28313008,AKUNTANSI,Diploma Tiga,45,7,0.15555555555555556,79,79,Tidak Ada
831,POLITEKNIK NEGERI AMBON,Vokasi,28313009,ADMINISTRASI BISNIS,Diploma Tiga,27,5,0.18518518518518517,75,75,Tidak Ada
831,POLITEKNIK NEGERI AMBON,Vokasi,28313010,TEKNIK SIPIL,Diploma Tiga,27,17,0.6296296296296297,78,78,Tidak Ada
831,POLITEKNIK NEGERI AMBON,Vokasi,28313011,TEKNIK MESIN,Diploma Tiga,27,11,0.4074074074074074,78,78,Tidak Ada
831,POLITEKNIK NEGERI AMBON,Vokasi,28313012,TEKNIK LISTRIK,Diploma Tiga,27,17,0.6296296296296297,80,80,Tidak Ada
832,POLITEKNIK PERIKANAN NEGERI TUAL,Vokasi,28322001,TEKNOLOGI KELAUTAN,Sarjana Terapan,18,17,0.9444444444444444,77,77,Tidak Ada
832,POLITEKNIK PERIKANAN NEGERI TUAL,Vokasi,28322002,BIOTEKNOLOGI PERIKANAN,Sarjana Terapan,12,5,0.4166666666666667,80,80,Tidak Ada
832,POLITEKNIK PERIKANAN NEGERI TUAL,Vokasi,28322003,MANAJEMEN REKAYASA PERIKANAN TANGKAP,Sarjana Terapan,15,5,0.3333333333333333,79,79,Tidak Ada
832,POLITEKNIK PERIKANAN NEGERI TUAL,Vokasi,28322004,REKAYASA BUDIDAYA LAUT,Sarjana Terapan,18,11,0.6111111111111112,75,75,Tidak Ada
832,POLITEKNIK PERIKANAN NEGERI TUAL,Vokasi,28322005,MANAJEMEN REKAYASA PENGOLAHAN HASIL PERIKANAN,Sarjana Terapan,15,10,0.6666666666666666,80,80,Tidak Ada
832,POLITEKNIK PERIKANAN NEGERI TUAL,Vokasi,28322006,AGROWISATA BAHARI,Sarjana Terapan,18,18,1.0,82,82,Tidak Ada
832,POLITEKNIK PERIKANAN NEGERI TUAL,Vokasi,28323007,AGRIBISNIS PERIKANAN,Diploma Tiga,15,9,0.6,75,75,Tidak Ada
832,POLITEKNIK PERIKANAN NEGERI TUAL,Vokasi,28323008,TEKNOLOGI PENANGKAPAN IKAN,Diploma Tiga,9,5,0.5555555555555556,82,82,Tidak Ada
832,POLITEKNIK PERIKANAN NEGERI TUAL,Vokasi,28323009,TEKNOLOGI BUDIDAYA PERIKANAN,Diploma Tiga,9,7,0.7777777777777778,75,75,Tidak Ada
832,POLITEKNIK PERIKANAN NEGERI TUAL,Vokasi,28323010,TEKNOLOGI HASIL PERIKANAN,Diploma Tiga,15,13,0.8666666666666667,75,75,Tidak Ada
931,POLITEKNIK NEGERI FAKFAK,Vokasi,29312001,TEKNOLOGI REKAYASA KONSTRUKSI JALAN DAN JEMBATAN,Sarjana Terapan,24,12,0.5,77,77,Tidak Ada
931,POLITEKNIK NEGERI FAKFAK,Vokasi,29312007,AKUNTANSI SEKTOR PUBLIK,Sarjana Terapan,10,21,2.1,81,81,Tidak Ada
931,POLITEKNIK NEGERI FAKFAK,Vokasi,29312008,PENGELOLAAN AGRIBISNIS PERKEBUNAN,Sarjana Terapan,10,5,0.5,77,77,Tidak Ada
931,POLITEKNIK NEGERI FAKFAK,Vokasi,29313002,TEKNIK LISTRIK,Diploma Tiga,24,7,0.2916666666666667,77,77,Tidak Ada
931,POLITEKNIK NEGERI FAKFAK,Vokasi,29313003,TEKNIK SIPIL,Diploma Tiga,48,10,0.20833333333333334,81,81,Tidak Ada
931,POLITEKNIK NEGERI FAKFAK,Vokasi,29313004,MANAJEMEN INFORMATIKA,Diploma Tiga,48,44,0.9166666666666666,81,81,Tidak Ada
931,POLITEKNIK NEGERI FAKFAK,Vokasi,29313005,AGRO INDUSTRI,Diploma Tiga,36,3,0.08333333333333333,75,75,Tidak Ada
931,POLITEKNIK NEGERI FAKFAK,Vokasi,29313006,TEKNIK PERAWATAN DAN PERBAIKAN MESIN,Diploma Tiga,36,3,0.08333333333333333,82,82,Tidak Ada
116,UIN AR-RANIRY,PTKIN,11161001,PENDIDIKAN TEKNIK ELEKTRO,Sarjana,20,17,0.85,76,76,Tidak Ada
116,UIN AR-RANIRY,PTKIN,11161002,PENDIDIKAN TEKNOLOGI INFORMASI,Sarjana,60,90,1.5,80,80,Tidak Ada
116,UIN AR-RANIRY,PTKIN,11161003,ARSITEKTUR,Sarjana,40,58,1.45,80,80,Tidak Ada
116,UIN AR-RANIRY,PTKIN,11161004,TEKNIK LINGKUNGAN,Sarjana,40,57,1.425,78,78,Tidak Ada
116,UIN AR-RANIRY,PTKIN,11161005,BIOLOGI,Sarjana,10,22,2.2,76,76,Tidak Ada
116,UIN AR-RANIRY,PTKIN,11161006,KIMIA,Sarjana,10,10,1.0,82,82,Tidak Ada
116,UIN AR-RANIRY,PTKIN,11161007,TEKNOLOGI INFORMASI,Sarjana,80,186,2.325,79,79,Tidak Ada
116,UIN AR-RANIRY,PTKIN,11161008,ILMU HUKUM,Sarjana,98,152,1.5510204081632653,80,80,Tidak Ada
116,UIN AR-RANIRY,PTKIN,11161009,BIMBINGAN KONSELING,Sarjana,70,281,4.014285714285714,77,77,Tidak Ada
116,UIN AR-RANIRY,PTKIN,11161010,ILMU PERPUSTAKAAN,Sarjana,42,133,3.1666666666666665,79,79,Tidak Ada
116,UIN AR-RANIRY,PTKIN,11161013,ILMU EKONOMI,Sarjana,70,114,1.6285714285714286,81,81,Tidak Ada
116,UIN AR-RANIRY,PTKIN,11161014,ILMU POLITIK,Sarjana,14,22,1.5714285714285714,75,75,Tidak Ada
116,UIN AR-RANIRY,PTKIN,11161015,ILMU ADMINISTRASI NEGARA,Sarjana,70,115,1.6428571428571428,79,79,Tidak Ada
116,UIN AR-RANIRY,PTKIN,11161016,PSIKOLOGI,Sarjana,80,232,2.9,75,75,Tidak Ada
116,UIN AR-RANIRY,PTKIN,11161017,KESEJAHTERAAN SOSIAL,Sarjana,26,29,1.1153846153846154,82,82,Tidak Ada
116,UIN AR-RANIRY,PTKIN,11161018,TEKNIK FISIKA,Sarjana,10,2,0.2,82,82,Tidak Ada
123,UIN SUMATERA UTARA,PTKIN,11231001,ILMU KOMPUTER,Sarjana,72,583,8.097222222222221,83,83,Tidak Ada
123,UIN SUMATERA UTARA,PTKIN,11231002,SISTEM INFORMASI,Sarjana,76,458,6.026315789473684,81,81,Tidak Ada
123,UIN SUMATERA UTARA,PTKIN,11231003,MATEMATIKA,Sarjana,12,86,7.166666666666667,86,86,Tidak Ada
123,UIN SUMATERA UTARA,PTKIN,11231004,BIOLOGI,Sarjana,18,94,5.222222222222222,81,81,Tidak Ada
123,UIN SUMATERA UTARA,PTKIN,11231005,FISIKA,Sarjana,12,29,2.4166666666666665,77,77,Tidak Ada
123,UIN SUMATERA UTARA,PTKIN,11231006,ILMU KESEHATAN MASYARAKAT,Sarjana,124,813,6.556451612903226,83,83,Tidak Ada
123,UIN SUMATERA UTARA,PTKIN,11231007,ILMU PERPUSTAKAAN,Sarjana,34,189,5.5588235294117645,80,80,Tidak Ada
123,UIN SUMATERA UTARA,PTKIN,11231008,ILMU KOMUNIKASI,Sarjana,61,397,6.508196721311475,82,82,Tidak Ada
123,UIN SUMATERA UTARA,PTKIN,11231009,MANAJEMEN,Sarjana,84,753,8.964285714285714,82,82,Tidak Ada
123,UIN SUMATERA UTARA,PTKIN,11231010,HUKUM,Sarjana,56,356,6.357142857142857,84,84,Tidak Ada
123,UIN SUMATERA UTARA,PTKIN,11231011,GIZI,Sarjana,44,294,6.681818181818182,81,81,Tidak Ada
123,UIN SUMATERA UTARA,PTKIN,11231012,SAINS DATA,Sarjana,12,0,0.0,78,78,Tidak Ada
124,UIN SYEKH ALI HASAN AHMAD ADDARY PADANGSIDIMPUAN,PTKIN,11241001,BISNIS DIGITAL,Sarjana,40,48,1.2,79,79,Tidak Ada
124,UIN SYEKH ALI HASAN AHMAD ADDARY PADANGSIDIMPUAN,PTKIN,11241002,DESAIN KOMUNIKASI VISUAL,Sarjana,40,12,0.3,80,80,"Seni Rupa, Desain, dan Kriya"
124,UIN SYEKH ALI HASAN AHMAD ADDARY PADANGSIDIMPUAN,PTKIN,11241003,TEKNOLOGI INFORMASI,Sarjana,60,93,1.55,79,79,Tidak Ada
132,UIN SULTAN SYARIF KASIM,PTKIN,11321001,PETERNAKAN,Sarjana,28,72,2.5714285714285716,80,80,Tidak Ada
132,UIN SULTAN SYARIF KASIM,PTKIN,11321002,MATEMATIKA,Sarjana,20,19,0.95,82,82,Tidak Ada
132,UIN SULTAN SYARIF KASIM,PTKIN,11321003,SISTEM INFORMASI,Sarjana,24,190,7.916666666666667,86,86,Tidak Ada
132,UIN SULTAN SYARIF KASIM,PTKIN,11321004,TEKNIK ELEKTRO,Sarjana,26,79,3.0384615384615383,76,76,Tidak Ada
132,UIN SULTAN SYARIF KASIM,PTKIN,11321005,TEKNIK INDUSTRI,Sarjana,28,213,7.607142857142857,85,85,Tidak Ada
132,UIN SULTAN SYARIF KASIM,PTKIN,11321006,TEKNIK INFORMATIKA,Sarjana,16,269,16.8125,89,89,Tidak Ada
132,UIN SULTAN SYARIF KASIM,PTKIN,11321007,PENDIDIKAN MATEMATIKA,Sarjana,28,111,3.9642857142857144,76,76,Tidak Ada
132,UIN SULTAN SYARIF KASIM,PTKIN,11321008,PENDIDIKAN KIMIA,Sarjana,26,37,1.4230769230769231,76,76,Tidak Ada
132,UIN SULTAN SYARIF KASIM,PTKIN,11321009,AGROTEKNOLOGI,Sarjana,36,159,4.416666666666667,82,82,Tidak Ada
132,UIN SULTAN SYARIF KASIM,PTKIN,11321010,GIZI,Sarjana,12,321,26.75,93,93,Tidak Ada
132,UIN SULTAN SYARIF KASIM,PTKIN,11321011,AKUNTANSI,Sarjana,60,216,3.6,82,82,Tidak Ada
132,UIN SULTAN SYARIF KASIM,PTKIN,11321012,ILMU ADMINISTRASI NEGARA,Sarjana,60,196,3.2666666666666666,80,80,Tidak Ada
132,UIN SULTAN SYARIF KASIM,PTKIN,11321013,MANAJEMEN,Sarjana,64,328,5.125,85,85,Tidak Ada
132,UIN SULTAN SYARIF KASIM,PTKIN,11321014,PSIKOLOGI,Sarjana,43,429,9.976744186046512,80,80,Tidak Ada
132,UIN SULTAN SYARIF KASIM,PTKIN,11321015,ILMU HUKUM,Sarjana,40,125,3.125,81,81,Tidak Ada
132,UIN SULTAN SYARIF KASIM,PTKIN,11321020,PENDIDIKAN EKONOMI,Sarjana,26,96,3.6923076923076925,79,79,Tidak Ada
132,UIN SULTAN SYARIF KASIM,PTKIN,11321031,ILMU KOMUNIKASI,Sarjana,36,212,5.888888888888889,86,86,Tidak Ada
132,UIN SULTAN SYARIF KASIM,PTKIN,11321035,PENDIDIKAN BAHASA INDONESIA,Sarjana,30,295,9.833333333333334,81,81,Tidak Ada
132,UIN SULTAN SYARIF KASIM,PTKIN,11321036,PENDIDIKAN GEOGRAFI,Sarjana,22,158,7.181818181818182,84,84,Tidak Ada
144,UIN IMAM BONJOL PADANG,PTKIN,11441001,MATEMATIKA,Sarjana,18,19,1.0555555555555556,82,82,Tidak Ada
144,UIN IMAM BONJOL PADANG,PTKIN,11441002,SISTEM INFORMASI,Sarjana,45,94,2.088888888888889,76,76,Tidak Ada
144,UIN IMAM BONJOL PADANG,PTKIN,11441003,ILMU AKTUARIA,Sarjana,12,0,0.0,82,82,Tidak Ada
152,UIN SULTAN THAHA SAIFUDDIN JAMBI,PTKIN,11521001,SISTEM INFORMASI,Sarjana,130,193,1.4846153846153847,79,79,Tidak Ada
152,UIN SULTAN THAHA SAIFUDDIN JAMBI,PTKIN,11521002,KIMIA,Sarjana,12,6,0.5,79,79,Tidak Ada
152,UIN SULTAN THAHA SAIFUDDIN JAMBI,PTKIN,11521003,FISIKA,Sarjana,12,7,0.5833333333333334,79,79,Tidak Ada
152,UIN SULTAN THAHA SAIFUDDIN JAMBI,PTKIN,11521004,STATISTIKA,Sarjana,12,16,1.3333333333333333,76,76,Tidak Ada
152,UIN SULTAN THAHA SAIFUDDIN JAMBI,PTKIN,11521005,BIOLOGI,Sarjana,25,30,1.2,80,80,Tidak Ada
152,UIN SULTAN THAHA SAIFUDDIN JAMBI,PTKIN,11521006,SAINS INFORMASI GEOGRAFI,Sarjana,25,20,0.8,75,75,Tidak Ada
152,UIN SULTAN THAHA SAIFUDDIN JAMBI,PTKIN,11521007,ARSITEKTUR,Sarjana,25,19,0.76,77,77,Tidak Ada
152,UIN SULTAN THAHA SAIFUDDIN JAMBI,PTKIN,11521008,KEDOKTERAN,Sarjana,15,104,6.933333333333334,86,86,Tidak Ada
172,UIN RADEN FATAH,PTKIN,11721001,PENDIDIKAN MATEMATIKA,Sarjana,50,129,2.58,77,77,Tidak Ada
172,UIN RADEN FATAH,PTKIN,11721002,PENDIDIKAN BIOLOGI,Sarjana,72,198,2.75,75,75,Tidak Ada
172,UIN RADEN FATAH,PTKIN,11721004,KIMIA,Sarjana,48,28,0.5833333333333334,80,80,Tidak Ada
172,UIN RADEN FATAH,PTKIN,11721005,BIOLOGI,Sarjana,48,70,1.4583333333333333,82,82,Tidak Ada
172,UIN RADEN FATAH,PTKIN,11721006,PENDIDIKAN FISIKA,Sarjana,48,57,1.1875,79,79,Tidak Ada
172,UIN RADEN FATAH,PTKIN,11721007,PENDIDIKAN KIMIA,Sarjana,48,48,1.0,76,76,Tidak Ada
172,UIN RADEN FATAH,PTKIN,11721027,ILMU POLITIK,Sarjana,48,115,2.3958333333333335,75,75,Tidak Ada
172,UIN RADEN FATAH,PTKIN,11721028,ILMU PERPUSTAKAAN,Sarjana,48,161,3.3541666666666665,77,77,Tidak Ada
172,UIN RADEN FATAH,PTKIN,11721029,ILMU KOMUNIKASI,Sarjana,112,413,3.6875,82,82,Tidak Ada
193,UIN RADEN INTAN LAMPUNG,PTKIN,11931001,BIOLOGI,Sarjana,80,48,0.6,78,78,Tidak Ada
193,UIN RADEN INTAN LAMPUNG,PTKIN,11931002,SISTEM INFORMASI,Sarjana,60,114,1.9,79,79,Tidak Ada
193,UIN RADEN INTAN LAMPUNG,PTKIN,11931003,SAINS DATA,Sarjana,80,28,0.35,77,77,Tidak Ada
193,UIN RADEN INTAN LAMPUNG,PTKIN,11931004,KIMIA,Sarjana,80,11,0.1375,76,76,Tidak Ada
194,UIN MAHMUD YUNUS BATUSANGKAR,PTKIN,11941003,SISTEM INFORMASI,Sarjana,54,53,0.9814814814814815,75,75,Tidak Ada
195,UIN SJECH M. DJAMIL DJAMBEK BUKITTINGGI,PTKIN,11951001,STATISTIKA,Sarjana,24,11,0.4583333333333333,82,82,Tidak Ada
195,UIN SJECH M. DJAMIL DJAMBEK BUKITTINGGI,PTKIN,11951002,BISNIS DIGITAL,Sarjana,24,59,2.4583333333333335,81,81,Tidak Ada
195,UIN SJECH M. DJAMIL DJAMBEK BUKITTINGGI,PTKIN,11951003,MATEMATIKA,Sarjana,24,17,0.7083333333333334,81,81,Tidak Ada
195,UIN SJECH M. DJAMIL DJAMBEK BUKITTINGGI,PTKIN,11951004,INFORMATIKA,Sarjana,36,78,2.1666666666666665,79,79,Tidak Ada
312,UIN SULTAN MAULANA HASANUDDIN BANTEN,PTKIN,13121001,FISIKA,Sarjana,11,19,1.7272727272727273,76,76,Tidak Ada
312,UIN SULTAN MAULANA HASANUDDIN BANTEN,PTKIN,13121002,BIOLOGI,Sarjana,21,84,4.0,81,81,Tidak Ada
312,UIN SULTAN MAULANA HASANUDDIN BANTEN,PTKIN,13121003,INFORMATIKA,Sarjana,36,200,5.555555555555555,85,85,Tidak Ada
312,UIN SULTAN MAULANA HASANUDDIN BANTEN,PTKIN,13121004,MATEMATIKA,Sarjana,11,30,2.727272727272727,79,79,Tidak Ada
312,UIN SULTAN MAULANA HASANUDDIN BANTEN,PTKIN,13121005,KIMIA,Sarjana,11,44,4.0,81,81,Tidak Ada
322,UIN JAKARTA,PTKIN,13221001,SOSIAL EKONOMI PERTANIAN / AGRIBISNIS,Sarjana,31,258,8.32258064516129,84,84,Tidak Ada
322,UIN JAKARTA,PTKIN,13221002,TEKNIK INFORMATIKA,Sarjana,31,741,23.903225806451612,94,94,Tidak Ada
322,UIN JAKARTA,PTKIN,13221003,SISTEM INFORMASI,Sarjana,37,644,17.405405405405407,90,90,Tidak Ada
322,UIN JAKARTA,PTKIN,13221004,MATEMATIKA,Sarjana,31,106,3.4193548387096775,77,77,Tidak Ada
322,UIN JAKARTA,PTKIN,13221005,BIOLOGI,Sarjana,31,181,5.838709677419355,85,85,Tidak Ada
322,UIN JAKARTA,PTKIN,13221006,KIMIA,Sarjana,37,124,3.3513513513513513,81,81,Tidak Ada
322,UIN JAKARTA,PTKIN,13221007,FISIKA,Sarjana,28,66,2.357142857142857,75,75,Tidak Ada
322,UIN JAKARTA,PTKIN,13221008,KESEHATAN MASYARAKAT,Sarjana,37,571,15.432432432432432,89,89,Tidak Ada
322,UIN JAKARTA,PTKIN,13221009,FARMASI,Sarjana,31,891,28.741935483870968,89,89,Tidak Ada
322,UIN JAKARTA,PTKIN,13221010,ILMU KEPERAWATAN,Sarjana,31,822,26.516129032258064,95,95,Tidak Ada
322,UIN JAKARTA,PTKIN,13221011,PENDIDIKAN DOKTER,Sarjana,31,673,21.70967741935484,88,88,Tidak Ada
322,UIN JAKARTA,PTKIN,13221012,PENDIDIKAN MATEMATIKA,Sarjana,50,140,2.8,76,76,Tidak Ada
322,UIN JAKARTA,PTKIN,13221014,PENDIDIKAN KIMIA,Sarjana,50,52,1.04,79,79,Tidak Ada
322,UIN JAKARTA,PTKIN,13221016,TEKNIK PERTAMBANGAN,Sarjana,25,330,13.2,89,89,Tidak Ada
322,UIN JAKARTA,PTKIN,13221017,AKUNTANSI,Sarjana,40,683,17.075,87,87,Tidak Ada
322,UIN JAKARTA,PTKIN,13221020,ILMU EKONOMI DAN STUDI PEMBANGUNAN,Sarjana,32,390,12.1875,85,85,Tidak Ada
322,UIN JAKARTA,PTKIN,13221021,ILMU HUBUNGAN INTERNASIONAL,Sarjana,36,380,10.555555555555555,88,88,Tidak Ada
322,UIN JAKARTA,PTKIN,13221022,ILMU HUKUM,Sarjana,40,410,10.25,88,88,Tidak Ada
322,UIN JAKARTA,PTKIN,13221023,ILMU PERPUSTAKAAN,Sarjana,37,250,6.756756756756757,83,83,Tidak Ada
322,UIN JAKARTA,PTKIN,13221025,JURNALISTIK,Sarjana,39,351,9.0,87,87,Tidak Ada
322,UIN JAKARTA,PTKIN,13221026,MANAJEMEN,Sarjana,52,1053,20.25,89,89,Tidak Ada
322,UIN JAKARTA,PTKIN,13221028,ILMU POLITIK,Sarjana,40,225,5.625,82,82,Tidak Ada
322,UIN JAKARTA,PTKIN,13221030,KESEJAHTERAAN SOSIAL,Sarjana,36,278,7.722222222222222,82,82,Tidak Ada
322,UIN JAKARTA,PTKIN,13221031,PSIKOLOGI,Sarjana,73,991,13.575342465753424,89,89,Tidak Ada
322,UIN JAKARTA,PTKIN,13221044,SOSIOLOGI,Sarjana,40,326,8.15,81,81,Tidak Ada
322,UIN JAKARTA,PTKIN,13221045,BAHASA DAN SASTRA INGGRIS,Sarjana,37,393,10.621621621621621,86,86,Tidak Ada
336,UIN SUNAN GUNUNG DJATI,PTKIN,13361002,MATEMATIKA,Sarjana,27,187,6.925925925925926,86,86,Tidak Ada
336,UIN SUNAN GUNUNG DJATI,PTKIN,13361003,BIOLOGI,Sarjana,31,256,8.258064516129032,80,80,Tidak Ada
336,UIN SUNAN GUNUNG DJATI,PTKIN,13361004,FISIKA,Sarjana,21,62,2.9523809523809526,79,79,Tidak Ada
336,UIN SUNAN GUNUNG DJATI,PTKIN,13361005,KIMIA,Sarjana,27,164,6.074074074074074,83,83,Tidak Ada
336,UIN SUNAN GUNUNG DJATI,PTKIN,13361006,TEKNIK INFORMATIKA,Sarjana,40,771,19.275,89,89,Tidak Ada
336,UIN SUNAN GUNUNG DJATI,PTKIN,13361007,TEKNIK ELEKTRO,Sarjana,27,215,7.962962962962963,83,83,Tidak Ada
336,UIN SUNAN GUNUNG DJATI,PTKIN,13361008,AGROTEKNOLOGI,Sarjana,27,248,9.185185185185185,82,82,Tidak Ada
336,UIN SUNAN GUNUNG DJATI,PTKIN,13361012,SOSIOLOGI,Sarjana,60,428,7.133333333333334,85,85,Tidak Ada
336,UIN SUNAN GUNUNG DJATI,PTKIN,13361014,ILMU HUKUM,Sarjana,67,616,9.194029850746269,85,85,Tidak Ada
336,UIN SUNAN GUNUNG DJATI,PTKIN,13361015,MANAJEMEN,Sarjana,81,1261,15.567901234567902,87,87,Tidak Ada
336,UIN SUNAN GUNUNG DJATI,PTKIN,13361016,ADMINISTRASI PUBLIK,Sarjana,60,679,11.316666666666666,89,89,Tidak Ada
336,UIN SUNAN GUNUNG DJATI,PTKIN,13361017,ILMU KOM. KONST. HUMAS,Sarjana,54,477,8.833333333333334,81,81,Tidak Ada
336,UIN SUNAN GUNUNG DJATI,PTKIN,13361018,ILMU KOM. KONST. JURNALISTIK,Sarjana,54,412,7.62962962962963,87,87,Tidak Ada
336,UIN SUNAN GUNUNG DJATI,PTKIN,13361019,BAHASA DAN SASTRA  INGGRIS,Sarjana,81,538,6.6419753086419755,83,83,Tidak Ada
336,UIN SUNAN GUNUNG DJATI,PTKIN,13361020,PSIKOLOGI,Sarjana,79,1047,13.253164556962025,87,87,Tidak Ada
336,UIN SUNAN GUNUNG DJATI,PTKIN,13361041,ILMU POLITIK,Sarjana,36,191,5.305555555555555,82,82,Tidak Ada
336,UIN SUNAN GUNUNG DJATI,PTKIN,13361042,TEKNIK LINGKUNGAN,Sarjana,12,0,0.0,80,80,Tidak Ada
357,UIN WALISONGO,PTKIN,13571005,GIZI,Sarjana,70,298,4.257142857142857,77,77,Tidak Ada
357,UIN WALISONGO,PTKIN,13571006,MATEMATIKA,Sarjana,53,71,1.3396226415094339,78,78,Tidak Ada
357,UIN WALISONGO,PTKIN,13571007,KIMIA,Sarjana,53,40,0.7547169811320755,75,75,Tidak Ada
357,UIN WALISONGO,PTKIN,13571008,FISIKA,Sarjana,35,23,0.6571428571428571,76,76,Tidak Ada
357,UIN WALISONGO,PTKIN,13571009,BIOLOGI,Sarjana,53,96,1.8113207547169812,82,82,Tidak Ada
357,UIN WALISONGO,PTKIN,13571010,TEKNOLOGI INFORMASI,Sarjana,88,243,2.7613636363636362,77,77,Tidak Ada
357,UIN WALISONGO,PTKIN,13571029,PSIKOLOGI,Sarjana,90,325,3.611111111111111,78,78,Tidak Ada
357,UIN WALISONGO,PTKIN,13571030,SOSIOLOGI,Sarjana,60,151,2.5166666666666666,79,79,Tidak Ada
357,UIN WALISONGO,PTKIN,13571031,ILMU POLITIK,Sarjana,60,78,1.3,77,77,Tidak Ada
357,UIN WALISONGO,PTKIN,13571032,ILMU HUKUM,Sarjana,100,213,2.13,80,80,Tidak Ada
357,UIN WALISONGO,PTKIN,13571033,MANAJEMEN,Sarjana,100,539,5.39,82,82,Tidak Ada
357,UIN WALISONGO,PTKIN,13571034,TEKNIK LINGKUNGAN,Sarjana,70,157,2.242857142857143,79,79,Tidak Ada
357,UIN WALISONGO,PTKIN,13571035,KEDOKTERAN,Sarjana,10,0,0.0,79,79,Tidak Ada
357,UIN WALISONGO,PTKIN,13571037,BISNIS DIGITAL,Sarjana,40,0,0.0,80,80,Tidak Ada
358,UIN RADEN MAS SAID SURAKARTA,PTKIN,13581001,ILMU LINGKUNGAN,Sarjana,28,86,3.0714285714285716,75,75,Tidak Ada
358,UIN RADEN MAS SAID SURAKARTA,PTKIN,13581002,TEKNOLOGI PANGAN,Sarjana,28,138,4.928571428571429,78,78,Tidak Ada
358,UIN RADEN MAS SAID SURAKARTA,PTKIN,13581003,SAINS DATA,Sarjana,28,76,2.7142857142857144,82,82,Tidak Ada
358,UIN RADEN MAS SAID SURAKARTA,PTKIN,13581004,BIOTEKNOLOGI,Sarjana,28,53,1.8928571428571428,81,81,Tidak Ada
358,UIN RADEN MAS SAID SURAKARTA,PTKIN,13581005,HUKUM BISNIS,Sarjana,28,0,0.0,82,82,Tidak Ada
358,UIN RADEN MAS SAID SURAKARTA,PTKIN,13581006,BISNIS DIGITAL,Sarjana,32,0,0.0,79,79,Tidak Ada
358,UIN RADEN MAS SAID SURAKARTA,PTKIN,13581007,INFORMATIKA,Sarjana,28,0,0.0,77,77,Tidak Ada
365,UIN SUNAN KALIJAGA,PTKIN,13651001,MATEMATIKA,Sarjana,46,42,0.9130434782608695,78,78,Tidak Ada
365,UIN SUNAN KALIJAGA,PTKIN,13651002,FISIKA,Sarjana,25,18,0.72,78,78,Tidak Ada
365,UIN SUNAN KALIJAGA,PTKIN,13651003,KIMIA,Sarjana,35,50,1.4285714285714286,75,75,Tidak Ada
365,UIN SUNAN KALIJAGA,PTKIN,13651004,BIOLOGI,Sarjana,35,68,1.9428571428571428,76,76,Tidak Ada
365,UIN SUNAN KALIJAGA,PTKIN,13651005,TEKNIK INFORMATIKA,Sarjana,46,315,6.8478260869565215,80,80,Tidak Ada
365,UIN SUNAN KALIJAGA,PTKIN,13651006,TEKNIK INDUSTRI,Sarjana,39,154,3.948717948717949,77,77,Tidak Ada
365,UIN SUNAN KALIJAGA,PTKIN,13651007,PENDIDIKAN MATEMATIKA,Sarjana,42,101,2.4047619047619047,76,76,Tidak Ada
365,UIN SUNAN KALIJAGA,PTKIN,13651008,PENDIDIKAN FISIKA,Sarjana,32,22,0.6875,76,76,Tidak Ada
365,UIN SUNAN KALIJAGA,PTKIN,13651009,PENDIDIKAN KIMIA,Sarjana,32,29,0.90625,80,80,Tidak Ada
365,UIN SUNAN KALIJAGA,PTKIN,13651010,PENDIDIKAN BIOLOGI,Sarjana,42,94,2.238095238095238,80,80,Tidak Ada
365,UIN SUNAN KALIJAGA,PTKIN,13651013,ILMU PERPUSTAKAAN (IP),Sarjana,60,174,2.9,77,77,Tidak Ada
365,UIN SUNAN KALIJAGA,PTKIN,13651022,PSIKOLOGI,Sarjana,77,352,4.571428571428571,82,82,Tidak Ada
365,UIN SUNAN KALIJAGA,PTKIN,13651023,SOSIOLOGI,Sarjana,53,119,2.2452830188679247,77,77,Tidak Ada
365,UIN SUNAN KALIJAGA,PTKIN,13651024,ILMU KOMUNIKASI,Sarjana,67,321,4.791044776119403,78,78,Tidak Ada
365,UIN SUNAN KALIJAGA,PTKIN,13651026,SASTRA INGGRIS (SI),Sarjana,56,124,2.2142857142857144,80,80,Tidak Ada
365,UIN SUNAN KALIJAGA,PTKIN,13651029,ILMU HUKUM (IH),Sarjana,70,289,4.128571428571429,77,77,Tidak Ada
365,UIN SUNAN KALIJAGA,PTKIN,13651030,ILMU KESEJAHTERAAN SOSIAL (IKS),Sarjana,37,134,3.6216216216216215,82,82,Tidak Ada
365,UIN SUNAN KALIJAGA,PTKIN,13651040,ARSITEKTUR,Sarjana,19,42,2.210526315789474,81,81,Tidak Ada
365,UIN SUNAN KALIJAGA,PTKIN,13651041,SAINS BIOMEDIS,Sarjana,19,63,3.3157894736842106,81,81,Tidak Ada
366,UIN PROFESOR KIAI HAJI SAIFUDDIN ZUHRI PURWOKERTO,PTKIN,13661001,ARSITEKTUR,Sarjana,38,55,1.4473684210526316,78,78,Tidak Ada
366,UIN PROFESOR KIAI HAJI SAIFUDDIN ZUHRI PURWOKERTO,PTKIN,13661002,INFORMATIKA,Sarjana,59,170,2.8813559322033897,81,81,Tidak Ada
366,UIN PROFESOR KIAI HAJI SAIFUDDIN ZUHRI PURWOKERTO,PTKIN,13661003,PERPUSTAKAAN DAN SAINS INFORMASI,Sarjana,23,67,2.9130434782608696,79,79,Tidak Ada
366,UIN PROFESOR KIAI HAJI SAIFUDDIN ZUHRI PURWOKERTO,PTKIN,13661004,ILMU LINGKUNGAN,Sarjana,30,50,1.6666666666666667,82,82,Tidak Ada
367,UIN SALATIGA,PTKIN,13671001,BISNIS DIGITAL,Sarjana,78,221,2.8333333333333335,82,82,Tidak Ada
367,UIN SALATIGA,PTKIN,13671002,TEKNOLOGI INFORMASI,Sarjana,72,141,1.9583333333333333,80,80,Tidak Ada
367,UIN SALATIGA,PTKIN,13671003,SAINS DATA,Sarjana,42,63,1.5,81,81,Tidak Ada
367,UIN SALATIGA,PTKIN,13671004,PERPUSTAKAAN DAN SAINS INFORMASI,Sarjana,78,88,1.1282051282051282,78,78,Tidak Ada
368,UIN K.H. ABDURRAHMAN WAHID PEKALONGAN,PTKIN,13681001,BISNIS DIGITAL,Sarjana,61,398,6.524590163934426,85,85,Tidak Ada
368,UIN K.H. ABDURRAHMAN WAHID PEKALONGAN,PTKIN,13681002,SAINS DATA,Sarjana,48,118,2.4583333333333335,79,79,Tidak Ada
368,UIN K.H. ABDURRAHMAN WAHID PEKALONGAN,PTKIN,13681003,INFORMATIKA,Sarjana,61,275,4.508196721311475,76,76,Tidak Ada
368,UIN K.H. ABDURRAHMAN WAHID PEKALONGAN,PTKIN,13681004,HUKUM BISNIS,Sarjana,48,108,2.25,78,78,Tidak Ada
368,UIN K.H. ABDURRAHMAN WAHID PEKALONGAN,PTKIN,13681005,TEKNIK INDUSTRI,Sarjana,25,0,0.0,78,78,Tidak Ada
368,UIN K.H. ABDURRAHMAN WAHID PEKALONGAN,PTKIN,13681006,GIZI,Sarjana,25,0,0.0,79,79,Tidak Ada
374,UIN MALANG,PTKIN,13741001,MATEMATIKA,Sarjana,47,68,1.446808510638298,82,82,Tidak Ada
374,UIN MALANG,PTKIN,13741002,BIOLOGI,Sarjana,62,112,1.8064516129032258,76,76,Tidak Ada
374,UIN MALANG,PTKIN,13741003,KIMIA,Sarjana,47,72,1.5319148936170213,77,77,Tidak Ada
374,UIN MALANG,PTKIN,13741004,FISIKA,Sarjana,47,27,0.574468085106383,82,82,Tidak Ada
374,UIN MALANG,PTKIN,13741005,TEKNIK INFORMATIKA,Sarjana,89,304,3.4157303370786516,80,80,Tidak Ada
374,UIN MALANG,PTKIN,13741006,TEKNIK ARSITEKTUR,Sarjana,64,81,1.265625,76,76,Tidak Ada
374,UIN MALANG,PTKIN,13741007,FARMASI,Sarjana,53,744,14.037735849056604,87,87,Tidak Ada
374,UIN MALANG,PTKIN,13741008,PENDIDIKAN DOKTER,Sarjana,25,474,18.96,88,88,Tidak Ada
374,UIN MALANG,PTKIN,13741010,PENDIDIKAN IPS,Sarjana,74,182,2.4594594594594597,80,80,Tidak Ada
374,UIN MALANG,PTKIN,13741015,BAHASA DAN SASTRA INGGRIS,Sarjana,95,138,1.4526315789473685,78,78,Tidak Ada
374,UIN MALANG,PTKIN,13741017,PSIKOLOGI,Sarjana,101,431,4.267326732673268,81,81,Tidak Ada
374,UIN MALANG,PTKIN,13741018,MANAJEMEN,Sarjana,95,421,4.431578947368421,76,76,Tidak Ada
374,UIN MALANG,PTKIN,13741019,AKUNTANSI,Sarjana,95,247,2.6,75,75,Tidak Ada
374,UIN MALANG,PTKIN,13741021,PERPUSTAKAAN DAN ILMU INFORMASI,Sarjana,49,82,1.6734693877551021,77,77,Tidak Ada
374,UIN MALANG,PTKIN,13741022,TEKNIK SIPIL,Sarjana,15,55,3.6666666666666665,76,76,Tidak Ada
374,UIN MALANG,PTKIN,13741023,TEKNIK LINGKUNGAN,Sarjana,15,42,2.8,80,80,Tidak Ada
374,UIN MALANG,PTKIN,13741024,TEKNIK MESIN,Sarjana,15,42,2.8,76,76,Tidak Ada
374,UIN MALANG,PTKIN,13741025,TEKNIK ELEKTRO,Sarjana,15,23,1.5333333333333334,78,78,Tidak Ada
386,UIN SUNAN AMPEL SURABAYA,PTKIN,13861001,PENDIDIKAN MATEMATIKA,Sarjana,52,103,1.9807692307692308,79,79,Tidak Ada
386,UIN SUNAN AMPEL SURABAYA,PTKIN,13861002,TEKNIK LINGKUNGAN,Sarjana,39,124,3.1794871794871793,82,82,Tidak Ada
386,UIN SUNAN AMPEL SURABAYA,PTKIN,13861003,ARSITEKTUR,Sarjana,39,64,1.641025641025641,79,79,Tidak Ada
386,UIN SUNAN AMPEL SURABAYA,PTKIN,13861004,SISTEM INFORMASI,Sarjana,39,157,4.0256410256410255,77,77,Tidak Ada
386,UIN SUNAN AMPEL SURABAYA,PTKIN,13861005,ILMU KELAUTAN,Sarjana,39,55,1.4102564102564104,81,81,Tidak Ada
386,UIN SUNAN AMPEL SURABAYA,PTKIN,13861006,BIOLOGI,Sarjana,39,111,2.8461538461538463,82,82,Tidak Ada
386,UIN SUNAN AMPEL SURABAYA,PTKIN,13861007,MATEMATIKA,Sarjana,42,58,1.380952380952381,80,80,Tidak Ada
386,UIN SUNAN AMPEL SURABAYA,PTKIN,13861008,PENDIDIKAN ILMU PENGETAHUAN ALAM,Sarjana,29,126,4.344827586206897,76,76,Tidak Ada
386,UIN SUNAN AMPEL SURABAYA,PTKIN,13861009,TEKNIK SIPIL,Sarjana,39,117,3.0,82,82,Tidak Ada
386,UIN SUNAN AMPEL SURABAYA,PTKIN,13861010,PENDIDIKAN BAHASA INGGRIS,Sarjana,39,157,4.0256410256410255,80,80,Tidak Ada
386,UIN SUNAN AMPEL SURABAYA,PTKIN,13861014,SOSIOLOGI,Sarjana,65,159,2.4461538461538463,79,79,Tidak Ada
386,UIN SUNAN AMPEL SURABAYA,PTKIN,13861015,ILMU KOMUNIKASI,Sarjana,68,319,4.6911764705882355,76,76,Tidak Ada
386,UIN SUNAN AMPEL SURABAYA,PTKIN,13861016,PSIKOLOGI,Sarjana,80,439,5.4875,82,82,Tidak Ada
386,UIN SUNAN AMPEL SURABAYA,PTKIN,13861032,SASTRA INGGRIS,Sarjana,50,115,2.3,77,77,Tidak Ada
386,UIN SUNAN AMPEL SURABAYA,PTKIN,13861033,ILMU EKONOMI,Sarjana,48,211,4.395833333333333,78,78,Tidak Ada
386,UIN SUNAN AMPEL SURABAYA,PTKIN,13861034,AKUNTANSI,Sarjana,59,280,4.745762711864407,80,80,Tidak Ada
386,UIN SUNAN AMPEL SURABAYA,PTKIN,13861035,MANAJEMEN,Sarjana,63,427,6.777777777777778,82,82,Tidak Ada
386,UIN SUNAN AMPEL SURABAYA,PTKIN,13861036,ILMU POLITIK,Sarjana,56,92,1.6428571428571428,80,80,Tidak Ada
386,UIN SUNAN AMPEL SURABAYA,PTKIN,13861037,HUBUNGAN INTERNASIONAL,Sarjana,53,109,2.056603773584906,78,78,Tidak Ada
386,UIN SUNAN AMPEL SURABAYA,PTKIN,13861040,SASTRA INDONESIA,Sarjana,38,153,4.026315789473684,76,76,Tidak Ada
386,UIN SUNAN AMPEL SURABAYA,PTKIN,13861041,HUKUM,Sarjana,65,209,3.2153846153846155,82,82,Tidak Ada
386,UIN SUNAN AMPEL SURABAYA,PTKIN,13861042,GIZI,Sarjana,48,264,5.5,85,85,Tidak Ada
386,UIN SUNAN AMPEL SURABAYA,PTKIN,13861043,KEDOKTERAN,Sarjana,10,0,0.0,78,78,Tidak Ada
532,UIN ANTASARI BANJARMASIN,PTKIN,15321001,TEKNOLOGI INFORMASI,Sarjana,36,134,3.7222222222222223,82,82,Tidak Ada
532,UIN ANTASARI BANJARMASIN,PTKIN,15321002,BISNIS DIGITAL,Sarjana,28,96,3.4285714285714284,76,76,Tidak Ada
532,UIN ANTASARI BANJARMASIN,PTKIN,15321003,ILMU LINGKUNGAN,Sarjana,24,0,0.0,80,80,Tidak Ada
571,UIN SULTAN AJI MUHAMMAD IDRIS SAMARINDA,PTKIN,15711001,SISTEM INFORMASI,Sarjana,32,51,1.59375,76,76,Tidak Ada
622,UIN MATARAM,PTKIN,16221001,HUKUM BISNIS,Sarjana,23,109,4.739130434782608,80,80,Tidak Ada
622,UIN MATARAM,PTKIN,16221002,KEWIRAUSAHAAN,Sarjana,18,117,6.5,84,84,Tidak Ada
622,UIN MATARAM,PTKIN,16221003,TEKNOLOGI INFORMASI,Sarjana,23,142,6.173913043478261,87,87,Tidak Ada
622,UIN MATARAM,PTKIN,16221004,KESELAMATAN DAN KESEHATAN KERJA,Sarjana,14,0,0.0,77,77,Tidak Ada
622,UIN MATARAM,PTKIN,16222005,KEPERAWATAN ANESTESIOLOGI,Sarjana Terapan,14,0,0.0,80,80,Tidak Ada
713,UIN ALAUDDIN,PTKIN,17131001,MATEMATIKA,Sarjana,32,37,1.15625,77,77,Tidak Ada
713,UIN ALAUDDIN,PTKIN,17131003,KIMIA,Sarjana,32,20,0.625,80,80,Tidak Ada
713,UIN ALAUDDIN,PTKIN,17131006,TEKNIK PERENCANAAN WILAYAH DAN KOTA,Sarjana,39,78,2.0,81,81,Tidak Ada
713,UIN ALAUDDIN,PTKIN,17131007,TEKNIK ARSITEKTUR,Sarjana,45,90,2.0,82,82,Tidak Ada
713,UIN ALAUDDIN,PTKIN,17131008,ILMU PETERNAKAN,Sarjana,32,35,1.09375,81,81,Tidak Ada
713,UIN ALAUDDIN,PTKIN,17131015,SISTEM INFORMASI,Sarjana,45,185,4.111111111111111,75,75,Tidak Ada
713,UIN ALAUDDIN,PTKIN,17131016,PENDIDIKAN DOKTER,Sarjana,26,554,21.307692307692307,94,94,Tidak Ada
713,UIN ALAUDDIN,PTKIN,17131017,ILMU HUKUM,Sarjana,75,299,3.986666666666667,75,75,Tidak Ada
713,UIN ALAUDDIN,PTKIN,17131018,JURNALISTIK,Sarjana,36,29,0.8055555555555556,78,78,Tidak Ada
713,UIN ALAUDDIN,PTKIN,17131019,MANAJEMEN,Sarjana,57,299,5.245614035087719,87,87,Tidak Ada
713,UIN ALAUDDIN,PTKIN,17131024,AKUNTANSI,Sarjana,66,174,2.6363636363636362,76,76,Tidak Ada
713,UIN ALAUDDIN,PTKIN,17131025,ILMU EKONOMI,Sarjana,57,100,1.7543859649122806,76,76,Tidak Ada
713,UIN ALAUDDIN,PTKIN,17131031,ILMU POLITIK,Sarjana,36,38,1.0555555555555556,82,82,Tidak Ada
713,UIN ALAUDDIN,PTKIN,17131034,ILMU KOMUNIKASI,Sarjana,45,172,3.8222222222222224,77,77,Tidak Ada
713,UIN ALAUDDIN,PTKIN,17131047,HUBUNGAN INTERNASIONAL,Sarjana,36,51,1.4166666666666667,75,75,Tidak Ada
713,UIN ALAUDDIN,PTKIN,17131048,KESEJAHTERAAN SOSIAL,Sarjana,36,31,0.8611111111111112,82,82,Tidak Ada
713,UIN ALAUDDIN,PTKIN,17131049,KEBIDANAN,Sarjana,30,132,4.4,79,79,Tidak Ada
732,UIN DATOKARAMA PALU,PTKIN,17321001,INFORMATIKA,Sarjana,38,96,2.526315789473684,82,82,Tidak Ada
732,UIN DATOKARAMA PALU,PTKIN,17321002,ARSITEKTUR,Sarjana,21,14,0.6666666666666666,78,78,Tidak Ada
732,UIN DATOKARAMA PALU,PTKIN,17321003,SISTEM INFORMASI,Sarjana,27,70,2.5925925925925926,78,78,Tidak Ada
